task,directive,feedback_loop,learning,none,task_iteration,validation,not_classified
Accept music requests from event guests.,0.7797,0.1017,0.0,0.0508,0.0678,0.0,0.0
Access computerized financial information to answer general questions as well as those related to specific accounts.,0.8736,0.0579,0.0173,0.0218,0.0263,0.003,0.0
"Act as consultants to agency staff and other community programs regarding the interpretation of program-related federal, state, and county regulations and policies.",0.6543000000000001,0.0206,0.1852,0.0123,0.0412,0.0864,0.0
Adapt instructional content or delivery methods for different levels or types of learners.,0.9,0.0,0.0,0.0333,0.0667,0.0,0.0
Adapt or design computer hardware or software for medical science uses.,0.7212000000000001,0.14550000000000002,0.0,0.0,0.1333,0.0,0.0
Adapt software and accompanying technical documents to another language and culture.,0.9576,0.0054,0.0004,0.0304,0.0058,0.0004,0.0
"Adapt statistical methods to solve specific problems in many fields, such as economics, biology, and engineering.",0.915,0.052300000000000006,0.0196,0.006500000000000001,0.006500000000000001,0.0,0.0
"Adapt translations to students' cognitive and grade levels, collaborating with educational team members as necessary.",1.0,0.0,0.0,0.0,0.0,0.0,0.0
Add new material to file records or create new records as necessary.,0.9118,0.0588,0.0,0.0,0.0294,0.0,0.0
"Address the relationships of quantities, magnitudes, and forms through the use of numbers and symbols.",0.9836,0.0066,0.0,0.0,0.0033,0.0066,0.0
"Adjust coaching techniques, based on the strengths and weaknesses of athletes.",0.33520000000000005,0.4106,0.081,0.050300000000000004,0.0754,0.0475,0.0
Adjust sales scripts to better target the needs and interests of specific individuals.,0.9468000000000001,0.0115,0.0009,0.0028000000000000004,0.035699999999999996,0.0024,0.0
"Adjust settings for format, page layout, line spacing, and other style requirements.",0.8247,0.0452,0.0007000000000000001,0.0132,0.1106,0.005600000000000001,0.0
"Administer standardized tests to research subjects, or interview them to collect research data.",0.4375,0.125,0.0313,0.40630000000000005,0.0,0.0,0.0
"Advertise products and work, using media such as internet advertising and brochures.",0.8948999999999999,0.0441,0.0034000000000000002,0.0407,0.0169,0.0,0.0
Advertise services using media such as internet advertising and brochures.,0.8951,0.0699,0.0,0.035,0.0,0.0,0.0
Advise and teach students.,0.3274,0.1617,0.28800000000000003,0.07690000000000001,0.075,0.071,0.0
"Advise animal owners regarding sanitary measures, feeding, general care, medical conditions, or treatment options.",0.7561,0.0732,0.122,0.048799999999999996,0.0,0.0,0.0
"Advise business or other groups on local, national, or international factors affecting the buying or selling of products or services.",0.7104,0.04019999999999999,0.1184,0.0634,0.055,0.0127,0.0
"Advise client on interior design factors, such as space planning, layout and use of furnishings or equipment, and color coordination.",0.5854,0.024399999999999998,0.0,0.024399999999999998,0.36590000000000006,0.0,0.0
Advise clients about proper clothing and shoes.,0.7027,0.08109999999999999,0.08109999999999999,0.013500000000000002,0.1081,0.013500000000000002,0.0
Advise clients about the materials being used for finished products.,0.5,0.0789,0.1316,0.0789,0.21050000000000002,0.0,0.0
"Advise clients concerning business transactions, claim liability, advisability of prosecuting or defending lawsuits, or legal rights and obligations.",0.6557,0.0747,0.08039999999999999,0.024900000000000002,0.1042,0.06,0.0
"Advise clients on aspects of capitalization, such as amounts, sources, or timing.",0.5094,0.1698,0.0943,0.0189,0.2075,0.0,0.0
"Advise clients on financial and legal matters, such as investments and taxes.",0.6518,0.035699999999999996,0.1905,0.0179,0.0565,0.047599999999999996,0.0
"Advise clients on housing matters, such as housing rental, homeownership, mortgage delinquency, or foreclosure prevention.",0.6111,0.23149999999999998,0.0926,0.018500000000000003,0.0463,0.0,0.0
Advise clients on how they could be helped by counseling.,0.5532,0.0213,0.0851,0.3191,0.0,0.0213,0.0
"Advise clients on market conditions, prices, mortgages, legal requirements, and related matters.",0.75,0.0917,0.0333,0.05,0.0667,0.0083,0.0
"Advise clients or community groups on issues related to improving general health, such as diet or exercise.",0.5171,0.1711,0.1368,0.1039,0.0487,0.022400000000000003,0.0
"Advise clients or community groups on issues related to risk or prevention of conditions, such as lead poisoning, human immunodeficiency virus (HIV), prenatal substance abuse, or domestic violence.",0.5926,0.0,0.3333,0.024700000000000003,0.024700000000000003,0.024700000000000003,0.0
"Advise clients or community groups on issues related to sanitation or hygiene, such as flossing or hand washing.",0.5,0.11539999999999999,0.3077,0.07690000000000001,0.0,0.0,0.0
"Advise clients or community groups on issues related to self-care, such as diabetes management.",0.6567000000000001,0.0746,0.209,0.029900000000000003,0.029900000000000003,0.0,0.0
"Advise clients or community groups on issues related to social or intellectual development, such as education, childcare, or problem solving.",0.6483,0.0414,0.1379,0.0897,0.0138,0.069,0.0
"Advise clients or respond to inquiries about financial matters in person or via phone, email, Web site, or Internet chat.",0.7775,0.0558,0.0828,0.0256,0.034300000000000004,0.024,0.0
"Advise customers on import and export restrictions, tariff systems, insurance requirements, quotas, or other customs-related matters.",0.8438,0.0104,0.09380000000000001,0.0313,0.0104,0.0104,0.0
Advise customers on product usage to improve production.,0.8736,0.092,0.0115,0.0115,0.0,0.0115,0.0
Advise customers on substitution or modification of parts when identical replacements are not available.,0.8946999999999999,0.0526,0.0526,0.0,0.0,0.0,0.0
Advise customers on use and care of merchandise.,0.6106,0.0545,0.2404,0.057699999999999994,0.0128,0.024,0.0
Advise dealers and distributors on policies and operating procedures to ensure functional effectiveness of business.,0.7619,0.0159,0.0635,0.127,0.0317,0.0,0.0
"Advise employees in handling problems or resolving complaints from customers, tenants, detainees, or other persons.",0.9444,0.0556,0.0,0.0,0.0,0.0,0.0
Advise internal management or business partners on the implementation or operation of compliance programs.,0.6377,0.0725,0.1739,0.0435,0.0435,0.028999999999999998,0.0
"Advise licensees or other individuals or groups concerning licensing, permit, or passport regulations.",0.825,0.0571,0.07139999999999999,0.021400000000000002,0.010700000000000001,0.0143,0.0
"Advise management concerning personnel, managerial, and marketing policies and practices and their potential effects on organizational effectiveness and efficiency.",0.5985,0.0673,0.13970000000000002,0.11470000000000001,0.0524,0.0274,0.0
"Advise management on short-term and long-term financial objectives, policies, and actions.",0.5306000000000001,0.12240000000000001,0.102,0.0816,0.1429,0.0204,0.0
"Advise management on such matters as equal employment opportunity, sexual harassment, and discrimination.",0.5625,0.1875,0.125,0.125,0.0,0.0,0.0
"Advise managers and employees on state and federal employment regulations, collective agreements, benefit and compensation policies, personnel procedures, and classification programs.",0.75,0.0,0.1875,0.0,0.0,0.0625,0.0
"Advise managers on organizational policy matters, such as equal employment opportunity and sexual harassment, and recommend needed changes.",0.575,0.0,0.15,0.05,0.2,0.025,0.0
Advise or assist in obtaining patents or meeting other legal requirements.,0.7429000000000001,0.0571,0.0857,0.0143,0.0571,0.0429,0.0
Advise patients about recommended courses of treatment.,0.7112999999999999,0.061900000000000004,0.1624,0.0206,0.0129,0.030899999999999997,0.0
Advise patients about therapeutic exercise and nutritional medicine regimens.,0.7059000000000001,0.1765,0.0,0.0,0.1176,0.0,0.0
"Advise patients and community members concerning diet, activity, hygiene, and disease prevention.",0.5870000000000001,0.087,0.1957,0.10869999999999999,0.0,0.0217,0.0
"Advise patients and community members concerning diet, activity, hygiene, or disease prevention.",0.75,0.08929999999999999,0.125,0.0179,0.0,0.0179,0.0
"Advise patients and their families on nutritional principles, dietary plans, diet modifications, and food selection and preparation.",0.5982999999999999,0.1795,0.07690000000000001,0.0256,0.1026,0.0171,0.0
"Advise patients, parents or guardians, and community members concerning diet, activity, hygiene, and disease prevention.",0.34619999999999995,0.34619999999999995,0.1923,0.0,0.0385,0.07690000000000001,0.0
"Advise project teams on subjects such as premarket regulatory requirements, export and labeling requirements, or clinical study compliance issues.",0.6765000000000001,0.0882,0.0882,0.0294,0.0294,0.0882,0.0
Advise students on academic and vocational curricula and career issues.,0.68,0.16,0.04,0.12,0.0,0.0,0.0
Advise students on academic and vocational curricula and on career issues.,0.4382,0.1011,0.1461,0.23600000000000002,0.0674,0.011200000000000002,0.0
"Advise students on academic and vocational curricula, and on career issues.",0.2759,0.10339999999999999,0.1379,0.3103,0.1379,0.0345,0.0
"Advise students on course selection, career decisions, and other academic and vocational concerns.",0.63,0.03,0.1,0.14,0.07,0.03,0.0
"Advise students on issues such as course selection, progress toward graduation, and career decisions.",0.6271,0.06269999999999999,0.122,0.0949,0.0712,0.022000000000000002,0.0
"Advocate for patients' and families' needs, or provide emotional support for patients and their families.",0.22219999999999998,0.19440000000000002,0.0,0.5,0.0139,0.0694,0.0
"Aid in planning work assignments in accordance with worker performance, machine capacity, production schedules, or anticipated delays.",0.8621,0.0483,0.0,0.0759,0.0138,0.0,0.0
Analyze all aspects of corporate logistics to determine the most cost-effective or efficient means of transporting products or supplies.,0.9494,0.038,0.0,0.0,0.0,0.0127,0.0
Analyze and interpret news and information received from various sources to broadcast the information.,0.9677,0.0054,0.0027,0.0054,0.0161,0.0027,0.0
Analyze and interpret statistical data to identify significant differences in relationships among sources of information.,0.9251,0.026099999999999998,0.012199999999999999,0.015700000000000002,0.0174,0.0034999999999999996,0.0
Analyze and record personnel or operational data and write related activity reports.,0.9429000000000001,0.020499999999999997,0.0011,0.013999999999999999,0.0183,0.0032,0.0
Analyze and report computer network security breaches or attempted breaches.,0.8365,0.042,0.0026,0.0341,0.0381,0.0466,0.0
Analyze and understand the local and national implications of proposed legislation.,0.8893000000000001,0.0040999999999999995,0.0246,0.020499999999999997,0.0533,0.008199999999999999,0.0
"Analyze applicants' financial status, credit, and property evaluations to determine feasibility of granting loans.",0.8133,0.1867,0.0,0.0,0.0,0.0,0.0
"Analyze archival data, such as birth, death, and disease records.",0.963,0.0,0.037000000000000005,0.0,0.0,0.0,0.0
"Analyze areas of potential risk to the assets, earning capacity, or success of organizations.",0.9473,0.0255,0.0038,0.0034000000000000002,0.0038,0.0161,0.0
"Analyze business operations, trends, costs, revenues, financial commitments, and obligations to project future revenues and expenses or to provide advice.",0.852,0.0329,0.009899999999999999,0.0066,0.0789,0.0197,0.0
Analyze characteristics of animals to identify and classify them.,0.9706,0.0294,0.0,0.0,0.0,0.0,0.0
Analyze clinical data using appropriate statistical tools.,0.9543,0.0178,0.0051,0.0,0.0203,0.0025,0.0
"Analyze clinical or survey data, using statistical approaches such as longitudinal analysis, mixed-effect modeling, logistic regression analyses, and model-building techniques.",0.9853000000000001,0.0147,0.0,0.0,0.0,0.0,0.0
"Analyze competitive market strategies through analysis of related product, market, or share trends.",0.9525,0.0178,0.0074,0.0015,0.019299999999999998,0.0015,0.0
"Analyze corporate intelligence data to identify trends, patterns, or warnings indicating threats to security of people, assets, information, or infrastructure.",0.9653,0.0139,0.0,0.0069,0.0069,0.0069,0.0
Analyze credit data and financial statements to determine the degree of risk involved in extending credit or lending money.,0.9394,0.0354,0.0101,0.0,0.0101,0.0051,0.0
Analyze data gathered and develop solutions or alternative methods of proceeding.,0.8995000000000001,0.0548,0.0076,0.0091,0.019799999999999998,0.0091,0.0
Analyze data to determine answers to questions from customers or members of the public.,0.9521,0.019,0.0058,0.0085,0.011000000000000001,0.0036,0.0
Analyze data to determine the effectiveness of specific treatments or therapy approaches.,0.9,0.0333,0.0167,0.0333,0.0,0.0167,0.0
Analyze data to determine the effectiveness of treatments or therapy approaches.,0.9125,0.025,0.0375,0.0125,0.0125,0.0,0.0
Analyze developments in specific field to determine need for revisions in previously published materials and development of new material.,0.8974,0.0,0.0,0.1026,0.0,0.0,0.0
"Analyze electronics system requirements, capacity, cost, or customer needs to determine project feasibility.",0.9449,0.015700000000000002,0.0236,0.0039000000000000003,0.0118,0.0,0.0
"Analyze engineering designs of logic or digital circuitry, motor controls, instrumentation, or data acquisition for implementation into new or existing automated, servomechanical, or other electromechanical systems.",0.92,0.0667,0.0,0.0,0.0,0.013300000000000001,0.0
Analyze equipment performance records to assess equipment functioning.,0.8953,0.04650000000000001,0.0174,0.0116,0.0058,0.0233,0.0
Analyze existing development or manufacturing procedures and suggest improvements.,0.5731,0.0705,0.0931,0.013300000000000001,0.20879999999999999,0.0412,0.0
"Analyze expenditures and other financial information to develop plans, policies, or budgets for increasing profits or improving services.",0.7989,0.0708,0.0223,0.0,0.0931,0.0149,0.0
Analyze experimental data and interpret results to write reports and summaries of findings.,0.9066,0.0316,0.033,0.0040999999999999995,0.0151,0.0096,0.0
Analyze financial activities of establishments or departments and provide input into budget planning and preparation processes.,0.9262999999999999,0.0329,0.0039000000000000003,0.0055000000000000005,0.0149,0.0165,0.0
Analyze financial information obtained from clients to determine strategies for meeting clients' financial objectives.,1.0,0.0,0.0,0.0,0.0,0.0,0.0
Analyze information about supplier performance or procurement program success.,0.9856,0.009000000000000001,0.0,0.0,0.0036,0.0018,0.0
"Analyze information from interviews, educational and medical records, consultation with other professionals, and diagnostic evaluations to assess clients' abilities, needs, and eligibility for services.",0.9956,0.001,0.0003,0.0027,0.0003,0.0,0.0
Analyze information obtained from management to conceptualize and define operational problems.,0.9314,0.035699999999999996,0.0029,0.008100000000000001,0.013300000000000001,0.0085,0.0
"Analyze information processing or computation needs and plan and design computer systems, using techniques such as structured analysis, data modeling, and information engineering.",0.875,0.0323,0.013500000000000002,0.0063,0.06559999999999999,0.0073,0.0
"Analyze information to determine, recommend, and plan installation of a new system or modification of an existing system.",0.7645000000000001,0.061799999999999994,0.0219,0.009000000000000001,0.12869999999999998,0.014199999999999999,0.0
"Analyze information to determine, recommend, and plan layout, including type of computers and peripheral equipment modifications.",0.8769,0.0308,0.0154,0.0,0.07690000000000001,0.0,0.0
"Analyze internal processes and recommend and implement procedural or policy changes to improve operations, such as supply changes or the disposal of records.",0.8791,0.0202,0.0264,0.0279,0.035699999999999996,0.0109,0.0
Analyze laboratory findings to check the accuracy of the results.,0.9490000000000001,0.0,0.0,0.0,0.0102,0.0408,0.0
"Analyze large molecular datasets, such as raw microarray data, genomic sequence data, or proteomics data, for clinical or basic research purposes.",0.9761,0.0159,0.0,0.004,0.004,0.0,0.0
Analyze market and delivery systems to assess present and future material availability.,0.8759999999999999,0.11599999999999999,0.004,0.0,0.0,0.004,0.0
Analyze market conditions to determine acreage allocations.,0.8,0.18,0.0,0.0,0.02,0.0,0.0
Analyze marketing or sales trends to forecast future conditions.,0.9346,0.0374,0.0,0.0187,0.009300000000000001,0.0,0.0
"Analyze network data to determine network usage, disk space availability, or server function.",0.8197,0.0984,0.016399999999999998,0.008199999999999999,0.016399999999999998,0.040999999999999995,0.0
Analyze new legislation to determine impact on risk exposure.,0.9634,0.0,0.0,0.0,0.0366,0.0,0.0
"Analyze operations to evaluate performance of a company or its staff in meeting objectives or to determine areas of potential cost reduction, program improvement, or policy change.",0.9564,0.0144,0.003,0.0108,0.0097,0.005600000000000001,0.0
"Analyze or interpret logistics data involving customer service, forecasting, procurement, manufacturing, inventory, transportation, or warehousing.",0.9778,0.0,0.0,0.0,0.0222,0.0,0.0
"Analyze or manipulate bioinformatics data using software packages, statistical applications, or data mining techniques.",0.8718,0.0882,0.0042,0.0042,0.0252,0.0063,0.0
Analyze or synthesize client data to draw conclusions or make recommendations for therapy.,0.9257,0.0161,0.0223,0.013600000000000001,0.0149,0.0074,0.0
"Analyze organic or inorganic compounds to determine chemical or physical properties, composition, structure, relationships, or reactions, using chromatography, spectroscopy, or spectrophotometry techniques.",0.9390000000000001,0.0366,0.012199999999999999,0.0,0.0,0.012199999999999999,0.0
"Analyze patient's medical history, medication allergies, physical condition, and examination results to verify operation's necessity and to determine best procedure.",1.0,0.0,0.0,0.0,0.0,0.0,0.0
"Analyze performance data to determine effectiveness of instructional systems, courses, or instructional materials.",0.8,0.0083,0.0083,0.0083,0.0083,0.16670000000000001,0.0
"Analyze price proposals, financial reports, and other data and information to determine reasonable prices.",0.6585,0.2927,0.0,0.0,0.048799999999999996,0.0,0.0
Analyze problems and take appropriate action to ensure continuous and reliable operation of equipment and systems.,0.6667000000000001,0.2778,0.0121,0.0089,0.0276,0.0068000000000000005,0.0
Analyze problems to develop solutions involving computer hardware and software.,0.7390000000000001,0.1862,0.022400000000000003,0.0019,0.0467,0.0038,0.0
"Analyze proposed legislation, regulations, or rule changes to determine how agency services could be impacted.",0.961,0.003,0.012,0.006,0.006,0.012,0.0
Analyze quality control test results and provide feedback and interpretation to production management or staff.,0.9565,0.0085,0.0009,0.0102,0.0171,0.0068000000000000005,0.0
"Analyze research data to determine its significance, using computers.",0.8987999999999999,0.053099999999999994,0.0067,0.0083,0.030299999999999997,0.0028000000000000004,0.0
Analyze statistical data and product specifications to determine standards and establish quality and reliability objectives of finished product.,0.9898,0.0025,0.0,0.0008,0.0025,0.0042,0.0
Analyze statistical data and reports to identify and determine causes of personnel problems and develop recommendations for improvement of organization's personnel policies and practices.,0.9856,0.0048,0.0,0.0048,0.0048,0.0,0.0
"Analyze statistical data and reports to identify and determine causes of personnel problems, and develop recommendations for improvement of organization's personnel policies and practices.",1.0,0.0,0.0,0.0,0.0,0.0,0.0
"Analyze survey reports, maps, drawings, blueprints, aerial photography, or other topographical or geologic data.",0.9906999999999999,0.0,0.0,0.0,0.009300000000000001,0.0,0.0
Analyze system performance or operational requirements.,0.8912,0.061799999999999994,0.0077,0.0070999999999999995,0.0254,0.0069,0.0
"Analyze test data to diagnose malfunctions, to determine performance characteristics of systems, or to evaluate effects of system modifications.",0.8393,0.12210000000000001,0.0096,0.0034000000000000002,0.0128,0.0128,0.0
Analyze test data to identify defects or determine calibration requirements.,0.9109999999999999,0.0075,0.0,0.0008,0.0017000000000000001,0.079,0.0
"Analyze test readings, computer printouts, and trouble reports to determine equipment repair needs and required repair methods.",0.8621,0.10339999999999999,0.0,0.0,0.0345,0.0,0.0
Analyze test results to classify products or compare results with standard tables.,0.9876,0.0,0.0,0.0062,0.0062,0.0,0.0
"Analyze test results, machine error messages, or information obtained from operators to diagnose equipment problems.",0.8084,0.1478,0.0118,0.0040999999999999995,0.0134,0.0144,0.0
"Analyze the financial details of past, present, and expected operations to identify development opportunities and areas where improvement is needed.",0.8736,0.061399999999999996,0.0144,0.0036,0.046900000000000004,0.0,0.0
"Analyze the indications, contraindications, risk complications, and cost-benefit tradeoffs of therapeutic interventions.",0.9308,0.0079,0.019799999999999998,0.002,0.009899999999999999,0.0296,0.0
"Analyze the probable outcomes of cases, using knowledge of legal precedents.",0.9016,0.008199999999999999,0.016399999999999998,0.008199999999999999,0.0246,0.040999999999999995,0.0
"Analyze trends in sales prices, construction costs, and rents, to assess property values or determine the accuracy of assessments.",0.9,0.0222,0.0111,0.0111,0.0444,0.0111,0.0
Analyze user needs and recommend appropriate hardware.,0.8354,0.0127,0.038,0.038,0.0506,0.0253,0.0
Analyze user needs and software requirements to determine feasibility of design within time and cost constraints.,0.9266,0.0227,0.012199999999999999,0.0034999999999999996,0.0262,0.0087,0.0
Analyze user needs to determine technical requirements.,0.968,0.008100000000000001,0.0034999999999999996,0.0023,0.0134,0.0048,0.0
Analyze validation test data to determine whether systems or processes have met validation criteria or to identify root causes of production problems.,0.8808,0.0492,0.0023,0.005,0.004699999999999999,0.057999999999999996,0.0
"Analyze, estimate, or report production costs.",0.8642,0.024700000000000003,0.0165,0.0040999999999999995,0.0823,0.008199999999999999,0.0
"Analyze, interpret, or disseminate system performance data.",0.8868,0.0897,0.004,0.0084,0.0060999999999999995,0.0049,0.0
"Analyze, manipulate, or process large sets of data using statistical software.",0.9106000000000001,0.0605,0.0042,0.0046,0.018500000000000003,0.0016,0.0
"Answer customer inquiries or explain cost, availability, policies, and procedures of facilities.",0.5681,0.0554,0.018600000000000002,0.3414,0.009300000000000001,0.0073,0.0
Answer customer questions regarding problems with their accounts.,0.5956,0.2978,0.0178,0.0889,0.0,0.0,0.0
Answer customers' questions about merchandise and advise customers on merchandise selection.,0.9020999999999999,0.018000000000000002,0.0361,0.018000000000000002,0.0103,0.0155,0.0
"Answer customers' questions about products, prices, availability, or credit terms.",0.7251000000000001,0.08380000000000001,0.0758,0.0795,0.027200000000000002,0.0086,0.0
"Answer customers' questions about products, prices, availability, product uses, and credit terms.",0.7425,0.056900000000000006,0.11810000000000001,0.056900000000000006,0.0171,0.0085,0.0
"Answer customers' questions about services and charges, or direct them to customer service centers.",0.6496,0.1533,0.0292,0.1533,0.0,0.0146,0.0
"Answer customers' questions about services, prices, availability, or credit terms.",0.7114,0.0639,0.1007,0.107,0.0116,0.0053,0.0
"Answer customers' questions and explain available services, such as deposit accounts, bonds, and securities.",0.8125,0.0,0.125,0.0625,0.0,0.0,0.0
"Answer customers' questions, and provide information on procedures or policies.",0.622,0.0454,0.2382,0.0625,0.011399999999999999,0.0206,0.0
"Answer incoming calls, greeting callers, providing information, transferring calls or taking messages as necessary.",0.784,0.024399999999999998,0.0,0.1882,0.0034999999999999996,0.0,0.0
Answer incoming phone calls.,0.7239,0.0,0.0,0.2761,0.0,0.0,0.0
"Answer inquiries concerning the progress of medical cases, within the limits of confidentiality laws.",0.7391,0.0435,0.0435,0.163,0.0,0.0109,0.0
"Answer inquiries pertaining to hotel policies and services, and resolve occupants' complaints.",0.7391,0.0797,0.0217,0.1377,0.0217,0.0,0.0
"Answer inquiries pertaining to hotel services, guest registration, and travel directions, or make recommendations regarding shopping, dining, or entertainment.",0.9211,0.0526,0.0,0.0263,0.0,0.0,0.0
"Answer inquiries regarding information, such as schedules, accommodations, procedures, or policies.",0.5796,0.0163,0.26940000000000003,0.0816,0.0163,0.036699999999999997,0.0
"Answer inquiries regarding rates, routing, or procedures.",0.76,0.0,0.2,0.0,0.04,0.0,0.0
Answer patients' calls and determine how to assist them.,0.46149999999999997,0.0462,0.0154,0.4462,0.0308,0.0,0.0
Answer patrons' questions about gaming machine functions and payouts.,0.7646999999999999,0.15689999999999998,0.0,0.0784,0.0,0.0,0.0
Answer phone calls and direct calls to appropriate parties or take messages.,0.8649,0.013500000000000002,0.0,0.1216,0.0,0.0,0.0
Answer questions about game rules and casino policies.,0.5171,0.3,0.012199999999999999,0.1439,0.024399999999999998,0.0024,0.0
Answer questions about game rules or casino policies.,0.4125,0.4386,0.015700000000000002,0.1097,0.0209,0.0026,0.0
Answer questions about product features and benefits.,0.7005,0.0301,0.1856,0.0541,0.0132,0.0165,0.0
Answer questions about records or files.,0.6412,0.0992,0.057300000000000004,0.1107,0.0344,0.057300000000000004,0.0
Answer questions and advise customers regarding loans and transactions.,0.9167000000000001,0.0278,0.0,0.0278,0.0278,0.0,0.0
Answer questions regarding the store and its merchandise.,0.8014,0.06860000000000001,0.0181,0.0866,0.0181,0.0072,0.0
Answer questions that patients have about their health and well-being.,0.4411,0.1058,0.3373,0.0729,0.018000000000000002,0.025,0.0
"Answer routine inquiries, and refer calls not requiring dispatches to appropriate departments and agencies.",0.9129999999999999,0.0435,0.0,0.0435,0.0,0.0,0.0
"Answer simple questions about clients' businesses, using reference files.",0.866,0.0184,0.0254,0.0604,0.006999999999999999,0.022799999999999997,0.0
Answer students' questions.,0.4473,0.0364,0.4539,0.0152,0.0285,0.018600000000000002,0.0
Answer telephone calls and respond to inquiries or transfer calls.,0.3885,0.0178,0.052199999999999996,0.5297,0.0064,0.0055000000000000005,0.0
Answer telephones and assist customers with their questions.,0.8177,0.0493,0.0148,0.1133,0.0,0.0049,0.0
Answer telephones and direct calls to appropriate staff.,0.9565,0.026099999999999998,0.0,0.0174,0.0,0.0,0.0
"Answer telephones and give information to callers, take messages, or transfer calls to appropriate individuals.",0.8676,0.022099999999999998,0.0,0.10289999999999999,0.0,0.0074,0.0
Answer telephones and schedule appointments.,0.5707,0.2717,0.0,0.1522,0.0054,0.0,0.0
Answer telephones to provide information and receive orders.,0.5714,0.2208,0.0,0.1948,0.013000000000000001,0.0,0.0
"Answer telephones, and route calls or deliver messages.",0.7953,0.09939999999999999,0.0,0.09359999999999999,0.0058,0.0058,0.0
Answer user inquiries regarding computer software or hardware operation to resolve problems.,0.4389,0.273,0.18719999999999998,0.057699999999999994,0.0273,0.016,0.0
"Apply analytic methods or tools to understand, predict, or control logistics operations or processes.",0.8966,0.0345,0.0,0.0,0.0345,0.0345,0.0
Apply customer feedback to service improvement efforts.,0.3333,0.3333,0.0,0.0333,0.3,0.0,0.0
"Apply mathematical or statistical techniques to address practical issues in finance, such as derivative valuation, securities trading, risk management, or financial market regulation.",0.8604999999999999,0.1047,0.0349,0.0,0.0,0.0,0.0
"Apply mathematical theories and techniques to the solution of practical problems in business, engineering, the sciences, or other fields.",0.9068,0.013500000000000002,0.0068000000000000005,0.057800000000000004,0.005600000000000001,0.0095,0.0
"Apply modeling or quantitative analysis to forecast events, such as human decisions or behaviors, the structure or processes of organizations, or the attitudes or actions of human groups.",0.9394,0.030299999999999997,0.0,0.0,0.030299999999999997,0.0,0.0
"Apply relevant laws, regulations, policies, or precedents to reach conclusions.",0.9222,0.0043,0.0128,0.0018,0.0085,0.050499999999999996,0.0
"Apply rule variations to card games such as poker, in which players bet on the value of their hands.",0.2949,0.7051000000000001,0.0,0.0,0.0,0.0,0.0
"Apply theoretical expertise and innovation to create or apply new technology, such as adapting principles for applying computers to new uses.",0.7206999999999999,0.11710000000000001,0.06309999999999999,0.018000000000000002,0.0721,0.009000000000000001,0.0
"Appraise property values, assessing income potential when relevant.",0.9818000000000001,0.0,0.0,0.0,0.0,0.0182,0.0
"Archive documents, conduct research, and read copy, using the internet and various computer programs.",0.9264,0.0333,0.0055000000000000005,0.010700000000000001,0.022000000000000002,0.0022,0.0
"Arrange conference, meeting, or travel reservations for office personnel.",0.8077,0.15380000000000002,0.0,0.0385,0.0,0.0,0.0
"Arrange for debt repayment or establish repayment schedules, based on customers' financial situations.",0.5652,0.3043,0.0,0.1304,0.0,0.0,0.0
"Arrange telephone answering services, deliver mail and packages, or answer questions regarding locations for eating and entertainment.",0.7361,0.0833,0.0278,0.1528,0.0,0.0,0.0
Ask questions that will help clients identify their feelings and behaviors.,0.1306,0.3065,0.1,0.4242,0.0194,0.0194,0.0
"Assemble and compile documents for loan closings, such as title abstracts, insurance forms, loan forms, and tax receipts.",0.9523999999999999,0.0,0.0,0.047599999999999996,0.0,0.0,0.0
"Assemble and issue required documentation, such as tickets, travel insurance policies, or itineraries.",0.7368000000000001,0.15789999999999998,0.0,0.0526,0.0526,0.0,0.0
"Assemble sets of assumptions, and explore the consequences of each set.",0.8964,0.0286,0.0207,0.0089,0.0256,0.0197,0.0
"Assess blockchain threats, such as untested code and unprotected keys.",0.9436,0.037599999999999995,0.0,0.0,0.0113,0.0075,0.0
"Assess clients' overall financial situations by reviewing income, assets, debts, expenses, credit reports, or other financial information.",0.9220999999999999,0.0779,0.0,0.0,0.0,0.0,0.0
"Assess cost effectiveness of products, projects or services, tracking actual costs relative to bids as the project develops.",0.9708,0.0058,0.0019,0.0039000000000000003,0.0058,0.011699999999999999,0.0
"Assess current or future customer needs and priorities by communicating directly with customers, conducting surveys, or other methods.",0.5315,0.0839,0.006999999999999999,0.37060000000000004,0.006999999999999999,0.0,0.0
"Assess effectiveness and efficiency of instruction according to ease of instructional technology use and student learning, knowledge transfer, and satisfaction.",0.7909999999999999,0.0,0.0149,0.0149,0.0,0.1791,0.0
Assess employee performance and suggest ways to improve work.,0.9778,0.0,0.0,0.0,0.0111,0.0111,0.0
Assess employee performance.,0.9706999999999999,0.0127,0.0005,0.005699999999999999,0.0034999999999999996,0.0069,0.0
Assess nature and extent of illness or injury to establish and prioritize medical procedures.,0.9803000000000001,0.005600000000000001,0.0028000000000000004,0.0028000000000000004,0.0,0.0085,0.0
"Assess nutritional needs, diet restrictions, and current health plans to develop and implement dietary-care plans and provide nutritional counseling.",0.8332999999999999,0.1061,0.0152,0.0,0.0455,0.0,0.0
"Assess patients' mental and physical status, based on the presenting symptoms and complaints.",0.7945,0.1096,0.0137,0.0548,0.0,0.0274,0.0
"Assess patients' psychosocial status and needs, including areas such as sleep patterns, anxiety, grief, anger, and support systems.",0.9259000000000001,0.0741,0.0,0.0,0.0,0.0,0.0
"Assess project feasibility by analyzing technology, resource needs, or market demand.",0.9665,0.0072,0.0024,0.0016,0.0068000000000000005,0.0155,0.0
Assess students' progress throughout tutoring sessions.,0.26940000000000003,0.22149999999999997,0.1689,0.0548,0.025099999999999997,0.26030000000000003,0.0
"Assess the needs and interests of individuals and groups and plan activities accordingly, given the available equipment or facilities.",0.7277,0.0827,0.0141,0.1497,0.0225,0.0031,0.0
"Assess the physical security of servers, systems, or network devices to identify vulnerability to temperature, vandalism, or natural disasters.",0.9348000000000001,0.0435,0.0,0.0,0.0,0.0217,0.0
"Assess the quality of security controls, using performance indicators.",0.879,0.006500000000000001,0.0,0.0086,0.0086,0.09720000000000001,0.0
Assess the usefulness of pre-developed application packages and adapt them to a user environment.,0.9274,0.0189,0.0032,0.0252,0.0032,0.022099999999999998,0.0
Assess the user-interface or usability characteristics of products.,0.907,0.0222,0.0038,0.015300000000000001,0.0040999999999999995,0.047599999999999996,0.0
Assign duties or responsibilities to project personnel.,0.8556,0.1333,0.0,0.0111,0.0,0.0,0.0
"Assign duties, responsibilities, and spans of authority to project personnel.",0.9,0.05,0.0,0.05,0.0,0.0,0.0
Assign employees to specific duties.,0.8095,0.047599999999999996,0.0,0.0,0.1429,0.0,0.0
Assign or schedule tasks to meet work priorities and goals.,0.8193,0.0964,0.0,0.0241,0.0602,0.0,0.0
Assist customers by providing information and resolving their complaints.,0.6789000000000001,0.1158,0.0842,0.0895,0.0175,0.013999999999999999,0.0
Assist in laying out material for publication.,0.875,0.0179,0.0,0.0536,0.0536,0.0,0.0
Assist individuals in filling out applications or questionnaires.,0.6609999999999999,0.2966,0.0,0.0254,0.0169,0.0,0.0
Assist students who need extra help with their coursework outside of class.,0.28309999999999996,0.1325,0.3795,0.0392,0.0512,0.11449999999999999,0.0
"Assist students who need extra help, such as by tutoring and preparing and implementing remedial programs.",0.2432,0.2432,0.3514,0.027000000000000003,0.0,0.1351,0.0
Attempt to sell additional merchandise or services to prospective or current customers by telephone or through visits.,0.6322,0.1379,0.0115,0.1839,0.023,0.0115,0.0
"Attend receptions, dinners, and conferences to meet people, exchange views and information, and develop working relationships.",0.6786,0.07139999999999999,0.0179,0.2321,0.0,0.0,0.0
"Attend to the needs of the bereaved, such as by offering comfort, counseling, or after-care programs.",0.4,0.1,0.0667,0.3333,0.0667,0.0333,0.0
Authorize payment of invoices or return of merchandise.,0.94,0.06,0.0,0.0,0.0,0.0,0.0
Automate the deployment of software updates over geographically distributed network nodes.,0.7349,0.2048,0.012,0.0241,0.0241,0.0,0.0
Back up or modify applications and related data to provide for disaster recovery.,0.7353000000000001,0.2059,0.0294,0.0294,0.0,0.0,0.0
"Book airline or train tickets, reserve rental cars, or arrange shuttle service for guests.",0.6238,0.2673,0.009899999999999999,0.0297,0.0693,0.0,0.0
"Break systems into their components, assign numerical values to each component, and examine the mathematical relationships between them.",0.9616,0.0104,0.0052,0.0004,0.0028000000000000004,0.0196,0.0
Build and update digital databases.,0.8028,0.0426,0.0006,0.1444,0.0083,0.0013,0.0
Build models for algorithm or control feature verification testing.,0.8889,0.0,0.0,0.0,0.11109999999999999,0.0,0.0
Calculate actual treatment dosages delivered during each session.,0.9309999999999999,0.069,0.0,0.0,0.0,0.0,0.0
"Calculate and quote rates for tours, stocks, insurance policies, or other products or services.",0.7273000000000001,0.12119999999999999,0.0,0.0,0.060599999999999994,0.0909,0.0
Calculate corrections for refractive errors.,0.9259000000000001,0.0,0.0,0.0741,0.0,0.0,0.0
"Calculate costs of materials, overhead, and other expenses, based on estimates, quotations and price lists.",0.6,0.2,0.0,0.0,0.2,0.0,0.0
"Calculate figures, such as required amounts of labor or materials, manufacturing costs, or wages, using pricing schedules, adding machines, calculators, or computers.",0.7895,0.0526,0.0175,0.0,0.1404,0.0,0.0
"Calculate premiums, refunds, commissions, adjustments, or new reserve requirements, using insurance rate standards.",0.7082999999999999,0.0833,0.0,0.0417,0.0417,0.125,0.0
"Calculate purchase subtotals, taxes, and shipping costs for submission to customers.",0.96,0.0,0.0,0.0,0.04,0.0,0.0
"Calculate revenue, sales, and expenses, using financial accounting or spreadsheet software.",0.875,0.0385,0.0192,0.0,0.0481,0.0192,0.0
Calculate valve areas from blood flow velocity measurements.,0.8421,0.0526,0.0526,0.0526,0.0,0.0,0.0
"Calculate, or verify calculations of, prescribed radiation doses.",0.7931,0.069,0.0,0.10339999999999999,0.0345,0.0,0.0
Call customers to collect payment on delinquent accounts.,0.6818000000000001,0.1591,0.0,0.1591,0.0,0.0,0.0
"Care for individuals or families during periods of incapacitation, family disruption, or convalescence, providing companionship, personal care, or help in adjusting to new lifestyles.",0.3102,0.158,0.0222,0.47979999999999995,0.013500000000000002,0.016399999999999998,0.0
Carry messages or documents between departments.,0.8824,0.0441,0.0,0.049,0.0,0.0245,0.0
Check all load-related documentation for completeness and accuracy.,0.9455,0.019799999999999998,0.0,0.0,0.0,0.0347,0.0
"Check completed work for spelling, grammar, punctuation, and format.",0.8004000000000001,0.0062,0.0007000000000000001,0.0028000000000000004,0.0059,0.1841,0.0
"Check construction plans, design calculations, or cost estimations to ensure completeness, accuracy, or conformity to engineering standards or practices.",0.8181999999999999,0.0,0.0,0.0,0.0455,0.1364,0.0
"Check data input or verify totals on forms prepared by others to detect errors in arithmetic, data entry, or procedures.",0.9063,0.0167,0.0,0.0045000000000000005,0.0067,0.0658,0.0
"Check figures, postings, and documents for correct entry, mathematical accuracy, and proper codes.",0.9248999999999999,0.0471,0.0,0.0029,0.0088,0.016200000000000003,0.0
Check identifications to verify age of players.,0.9286,0.0,0.0,0.035699999999999996,0.0,0.035699999999999996,0.0
Check inventory records to determine availability of requested merchandise.,0.8551000000000001,0.057999999999999996,0.014499999999999999,0.0725,0.0,0.0,0.0
"Check original texts or confer with authors to ensure that translations retain the content, meaning, and feeling of the original material.",0.8583,0.005,0.0,0.0017000000000000001,0.0033,0.1317,0.0
Check preliminary and final proofs for errors and make necessary corrections.,0.5422,0.0241,0.0,0.0,0.012,0.4217,0.0
"Check products for quality, and identify damaged or expired goods.",0.9473999999999999,0.0,0.0,0.0,0.0,0.0526,0.0
Check road or weather conditions to determine how routes will be affected.,0.4828,0.46549999999999997,0.0,0.051699999999999996,0.0,0.0,0.0
Check source data to verify completeness and accuracy.,0.8453,0.021,0.003,0.036000000000000004,0.0015,0.0931,0.0
Check specifications of materials loaded or unloaded against information contained in work orders.,0.9587,0.0008,0.0008,0.008199999999999999,0.0,0.0316,0.0
"Check supplies to ensure adequate availability, and order new supplies when necessary.",0.6071,0.3214,0.0,0.0,0.07139999999999999,0.0,0.0
"Check tax forms to verify that names and taxpayer identification numbers are correct, that computations have been performed correctly, or that amounts match those on supporting documentation.",0.925,0.0,0.0,0.0,0.0,0.075,0.0
Check to ensure that appropriate changes were made to resolve customers' problems.,0.4706,0.5,0.0,0.0,0.0294,0.0,0.0
Choose settings and locations for films and determine how scenes will be shot in these settings.,0.8626999999999999,0.0361,0.0012,0.0,0.1,0.0,0.0
"Choose subject matter and suitable form to express personal feelings and experiences or ideas, or to narrate stories or events.",0.4376,0.4839,0.0031,0.0152,0.058499999999999996,0.0018,0.0
Classify and catalog items according to content and purpose.,0.9867,0.006,0.0,0.006,0.0012,0.0,0.0
Classify goods according to tariff coding system.,0.9639,0.0,0.0,0.0,0.0,0.0361,0.0
"Classify, record, and summarize numerical and financial data to compile and keep financial records, using journals and ledgers or computers.",0.8242,0.1319,0.0,0.011000000000000001,0.033,0.0,0.0
Coach client representatives in effective communication with the public or with employees.,0.4866,0.2522,0.0642,0.0821,0.0746,0.0403,0.0
Coach senior executives and managers on leadership and performance.,0.7631999999999999,0.0789,0.10529999999999999,0.0526,0.0,0.0,0.0
Code data in preparation for computer entry.,0.9584999999999999,0.0078000000000000005,0.0006,0.03,0.0029,0.0003,0.0
Code documents according to company procedures.,0.9667,0.0034999999999999996,0.0008,0.0265,0.0023,0.0002,0.0
"Code, classify, and catalog books, publications, films, audio-visual aids, and other library materials, based on subject matter or standard library classification systems.",1.0,0.0,0.0,0.0,0.0,0.0,0.0
"Code, evaluate, or interpret collected study data.",0.9684999999999999,0.0053,0.0044,0.0163,0.003,0.0025,0.0
Collaborate with field staff or customers to evaluate or diagnose problems and recommend possible solutions.,0.4576,0.28809999999999997,0.07339999999999999,0.0452,0.096,0.0395,0.0
Collaborate with others in the organization to ensure successful implementation of chosen problem solutions.,0.4571,0.3429,0.0,0.1429,0.0571,0.0,0.0
Collaborate with staff members to plan or develop programs of events or schedules of activities.,0.6605,0.0926,0.0062,0.024700000000000003,0.1975,0.018500000000000003,0.0
"Collect and analyze Web metrics, such as visits, time on site, page views per visit, transaction volume and revenue, traffic mix, click-through rates, conversion rates, cost per acquisition, or cost per click.",0.9436,0.043899999999999995,0.0031,0.0,0.009399999999999999,0.0,0.0
"Collect and analyze data on customer demographics, preferences, needs, and buying habits to identify potential markets and factors affecting product demand.",0.9081,0.0298,0.0161,0.0298,0.0137,0.0025,0.0
Collect and analyze data to determine environmental conditions and restoration needs.,0.8909,0.0,0.0182,0.0727,0.0,0.0182,0.0
"Collect and analyze data, such as studying old records, tallying the number of outpatients entering each day or week, or participating in federal, state, or local population surveys as a Census Enumerator.",0.9309999999999999,0.0379,0.0,0.0103,0.0172,0.0034000000000000002,0.0
Collect and analyze relevant data to identify real estate market trends.,0.9346,0.0231,0.0115,0.0077,0.0231,0.0,0.0
"Collect and record growth, production, and environmental data.",0.9375,0.0625,0.0,0.0,0.0,0.0,0.0
"Collect and record patient information, such as medical history or examination results, in electronic or handwritten medical records.",0.92,0.04,0.04,0.0,0.0,0.0,0.0
"Collect business intelligence data from available industry reports, public information, field reports, or purchased sources.",0.9662999999999999,0.0128,0.0018,0.0036,0.0146,0.0009,0.0
"Collect data about the attitudes, values, and behaviors of people in groups, using observation, interviews, and review of documents.",0.6970000000000001,0.0455,0.060599999999999994,0.1515,0.0455,0.0,0.0
Collect data through surveys or experimentation.,0.7345,0.053099999999999994,0.0,0.20350000000000001,0.0088,0.0,0.0
"Collect delivery instructions from appropriate sources, verifying instructions and routes.",0.9714,0.0286,0.0,0.0,0.0,0.0,0.0
"Collect information about clients through interviews, observation, or tests.",0.4035,0.1967,0.011200000000000002,0.36979999999999996,0.0163,0.0025,0.0
"Collect information about clients, using techniques such as testing, interviewing, discussion, or observation.",0.4325,0.188,0.0137,0.35090000000000005,0.011399999999999999,0.0034000000000000002,0.0
"Collect information about individuals or clients, using interviews, case histories, observational techniques, and other assessment methods.",0.33159999999999995,0.2848,0.0177,0.3529,0.010700000000000001,0.0023,0.0
"Collect information and make judgments through observation, interviews, and review of documents.",0.5865,0.15259999999999999,0.0173,0.218,0.0199,0.0058,0.0
Collect medical histories and general health and lifestyle information from patients.,0.3333,0.5392,0.0294,0.0882,0.0,0.0098,0.0
Collect payment for transportation and accommodations from customer.,0.6389,0.16670000000000001,0.0278,0.0,0.16670000000000001,0.0,0.0
Collect payments from customers.,0.807,0.12279999999999999,0.0,0.0351,0.0175,0.0175,0.0
"Collect supplementary information needed to assist client, such as employment records, medical records, or school reports.",0.8167,0.1167,0.0,0.0667,0.0,0.0,0.0
"Collect, analyze, and interpret data, such as election results and public opinion surveys, reporting on findings, recommendations, and conclusions.",0.9834999999999999,0.0043,0.0009,0.0017000000000000001,0.0052,0.0043,0.0
"Collect, record, and maintain patient information, such as medical histories, reports, or examination results.",0.7551000000000001,0.1837,0.0,0.0204,0.0408,0.0,0.0
"Collect, record, and maintain patient information, such as medical history, reports, or examination results.",0.7794,0.1471,0.0,0.0588,0.0147,0.0,0.0
Combine secondary data sources with keyword research to more accurately profile and satisfy user intent.,0.9595,0.0203,0.0,0.0068000000000000005,0.0068000000000000005,0.0068000000000000005,0.0
Comfort and reassure patients.,0.40590000000000004,0.10830000000000001,0.0178,0.44229999999999997,0.0,0.0258,0.0
Communicate likely outcomes of medical diseases or traumatic conditions to patients or their representatives.,0.4524,0.07139999999999999,0.4048,0.047599999999999996,0.011899999999999999,0.011899999999999999,0.0
"Communicate project information through presentations, technical reports, or white papers.",0.7356,0.0958,0.0115,0.0575,0.08810000000000001,0.0115,0.0
"Communicate test results or technical information to patients, physicians, family members, or researchers.",0.9697,0.0,0.0,0.0,0.030299999999999997,0.0,0.0
"Communicate with customers and vendors to exchange information regarding products, materials, and services.",0.938,0.0018,0.020099999999999996,0.020099999999999996,0.0109,0.0091,0.0
"Communicate with customers regarding orders, comments, and complaints.",0.7147,0.1545,0.0,0.10099999999999999,0.0253,0.0045000000000000005,0.0
"Communicate with customers, employees, and other individuals to answer questions, disseminate or explain information, take orders, and address complaints.",0.489,0.348,0.009899999999999999,0.1344,0.0121,0.0066,0.0
"Communicate with readers, viewers, advertisers, or the general public via mail, email, or telephone.",0.8484999999999999,0.060599999999999994,0.0,0.030299999999999997,0.030299999999999997,0.030299999999999997,0.0
Compare a property with similar properties that have recently sold to determine its competitive market price.,0.8723000000000001,0.0426,0.0,0.0106,0.0638,0.0106,0.0
"Compare colors, shapes, textures, or grades of products or materials with color charts, templates, or samples to verify conformance to standards.",0.9588,0.0054,0.0,0.0,0.0018,0.0341,0.0
"Compare data with source documents, or re-enter data in verification format to detect errors.",0.8898999999999999,0.0555,0.0009,0.0132,0.0169,0.0235,0.0
Compare encoded tapes or computer printouts with original part specifications and blueprints to verify accuracy of instructions.,0.9349,0.002,0.0,0.0085,0.0007000000000000001,0.054000000000000006,0.0
"Compare information or figures on one record against same data on other records, or with original copy, to detect errors.",0.9161,0.0302,0.0034000000000000002,0.0,0.0067,0.0436,0.0
"Compare liquidity, profitability, and credit histories of establishments being evaluated with those of similar establishments in the same industries and geographic locations.",0.9701000000000001,0.0,0.0149,0.0,0.0,0.0149,0.0
"Compare logic element configuration on display screen with engineering schematics and calculate figures to convert, redesign, or modify element.",0.9103,0.0138,0.0,0.0621,0.0069,0.0069,0.0
"Compare models using statistical performance metrics, such as loss functions or proportion of explained variance.",0.8301999999999999,0.11320000000000001,0.0,0.0,0.056600000000000004,0.0,0.0
Compare survey computations with applicable standards to determine adequacy of data.,0.8617,0.0213,0.0,0.0106,0.0,0.10640000000000001,0.0
Compile and analyze accounting records and other data to determine the financial resources required to implement a program.,0.9129999999999999,0.0435,0.0,0.0435,0.0,0.0,0.0
Compile and analyze credit information gathered by investigation.,0.9420000000000001,0.0379,0.0011,0.0011,0.0067,0.0111,0.0
Compile and analyze molecular or cellular experimental data and adjust experimental designs as necessary.,0.9516,0.0484,0.0,0.0,0.0,0.0,0.0
Compile and analyze test information to determine process or equipment operating efficiency or to diagnose malfunctions.,0.8371,0.12140000000000001,0.0087,0.0070999999999999995,0.0183,0.0074,0.0
Compile and evaluate statistical data to determine and maintain quality and reliability of products.,0.9698,0.0038,0.0013,0.0042,0.0008,0.020099999999999996,0.0
Compile and interpret results of tests and analyses.,0.94,0.018600000000000002,0.0166,0.0062,0.0040999999999999995,0.014499999999999999,0.0
"Compile and maintain records documenting engineering schematics, installed equipment, installation or operational problems, resources used, repairs, or corrective action performed.",0.8,0.0889,0.0,0.0222,0.0889,0.0,0.0
Compile and maintain regulatory documentation databases or systems.,0.92,0.04,0.0,0.024,0.016,0.0,0.0
"Compile and prepare documentation related to production sequences, transportation, personnel schedules, or purchase, maintenance, or repair orders.",0.9876999999999999,0.0,0.0,0.0,0.0123,0.0,0.0
Compile and prepare reports and documents pertaining to personnel activities.,0.9726,0.0171,0.0,0.0,0.0103,0.0,0.0
"Compile and record medical charts, reports, or correspondence, using typewriter or personal computer.",0.9944,0.0019,0.0,0.0037,0.0,0.0,0.0
Compile and record operational data on forms or in log books.,0.8784000000000001,0.0405,0.0003,0.0738,0.0060999999999999995,0.0008,0.0
"Compile and study occupational, educational, and economic information to assist counselees in determining and carrying out vocational and educational objectives.",0.649,0.106,0.1325,0.0331,0.053,0.0265,0.0
"Compile and write documentation of program development and subsequent revisions, inserting comments in the coded instructions so others can understand the program.",0.8114,0.0909,0.0054,0.0054,0.0828,0.0040999999999999995,0.0
Compile data from records to prepare periodic reports.,0.7636,0.0338,0.0043,0.18789999999999998,0.0060999999999999995,0.0043,0.0
"Compile information about flights from flight plans, pilot reports, radar, or observations.",0.9412,0.0392,0.0,0.0196,0.0,0.0,0.0
"Compile information about new accounts, enter account information into computers, and file related forms or other documents.",0.7981999999999999,0.17170000000000002,0.0,0.0301,0.0,0.0,0.0
Compile information on content and context of information to be translated and on intended audience.,0.985,0.0037,0.0019,0.005600000000000001,0.0037,0.0,0.0
"Compile information, such as production rates and progress, materials inventories, materials used, or customer information, so that status reports can be completed.",0.9684999999999999,0.013500000000000002,0.0,0.0045000000000000005,0.013500000000000002,0.0,0.0
Compile lists describing product or service offerings.,0.9451,0.0336,0.001,0.0051,0.014199999999999999,0.001,0.0
"Compile operational or personnel records, such as time and production records, inventory data, repair or maintenance statistics, or test results.",0.8571,0.09519999999999999,0.0,0.0317,0.0159,0.0,0.0
"Compile or maintain records of system operation, performance, and maintenance.",0.8492000000000001,0.0447,0.0,0.1061,0.0,0.0,0.0
"Compile reports, charts, or graphs that describe and interpret findings of analyses.",0.9861,0.0053,0.0007000000000000001,0.0027,0.0046,0.0007000000000000001,0.0
Compile scores and other athletic records.,1.0,0.0,0.0,0.0,0.0,0.0,0.0
"Compile scripts, program notes, and other material related to productions.",0.9656,0.0206,0.0,0.0,0.0137,0.0,0.0
"Compile statistical, financial, accounting, or auditing reports and tables pertaining to such matters as cash receipts, expenditures, accounts payable and receivable, and profits and losses.",0.9625,0.0144,0.0,0.0,0.0231,0.0,0.0
"Compile statistics from source materials, such as production or sales records, quality-control or test records, time sheets, or survey sheets.",0.9157,0.0602,0.0,0.0,0.0241,0.0,0.0
"Compile terminology and information to be used in translations, including technical terms such as those for legal or medical material.",0.9826999999999999,0.0038,0.0011,0.006999999999999999,0.0043,0.0011,0.0
"Compile, analyze, and report data to explain economic phenomena and forecast market trends, applying mathematical models and statistical techniques.",0.9921,0.0031,0.0,0.0,0.0016,0.0031,0.0
"Compile, copy, sort, and file records of office activities, business transactions, and other activities.",0.7862,0.0345,0.0,0.1655,0.0138,0.0,0.0
"Compile, log, or record testing or operational data for review and further analysis.",0.8593000000000001,0.08869999999999999,0.0022,0.0433,0.006500000000000001,0.0,0.0
"Compile, record, and code results or data from interview or survey, using computer or specified form.",0.9361,0.019,0.0022,0.0325,0.0095,0.0007000000000000001,0.0
"Compile, record, and evaluate personal and financial data to verify completeness and accuracy, and to determine eligibility status.",0.9433,0.0263,0.002,0.024300000000000002,0.004,0.0,0.0
"Compile, sort, and verify the accuracy of data before it is entered.",0.976,0.0087,0.0002,0.011399999999999999,0.0024,0.0012,0.0
"Compile, transcribe, and distribute minutes of meetings.",0.9509000000000001,0.026600000000000002,0.0014000000000000002,0.0098,0.0098,0.0014000000000000002,0.0
"Complete and maintain accurate records or reports regarding the patients' histories and progress, services provided, or other required information.",0.8608,0.0886,0.0,0.038,0.0127,0.0,0.0
Complete baggage insurance forms.,0.8308,0.0154,0.0,0.13849999999999998,0.0154,0.0,0.0
Complete form letters in response to requests or problems identified by correspondence.,0.9523999999999999,0.0,0.0,0.0159,0.0317,0.0,0.0
Complete forms in accordance with company procedures.,0.8332999999999999,0.11109999999999999,0.0,0.0,0.0,0.0556,0.0
"Complete general financial activities, such as processing accounts payable, reviewing invoices, collecting cash payments, or issuing receipts.",0.9714,0.011399999999999999,0.0,0.005699999999999999,0.005699999999999999,0.005699999999999999,0.0
"Complete reports related to project status, progress, or other work details, using computer software.",0.8593000000000001,0.0766,0.0028000000000000004,0.032,0.0279,0.0014000000000000002,0.0
"Complete required paperwork, such as work orders, according to services performed or required.",0.8551000000000001,0.1304,0.0,0.0,0.014499999999999999,0.0,0.0
Complete sales order tickets and submit for processing of client-requested transactions.,0.7629,0.1937,0.0,0.0167,0.0184,0.0083,0.0
"Complete work schedules, manage calendars, and arrange appointments.",0.8548,0.0839,0.0032,0.0226,0.0355,0.0,0.0
"Comply with all applicable standards, policies, or procedures, such as safety procedures or the maintenance of a clean work area.",0.6667000000000001,0.0,0.037000000000000005,0.1481,0.0,0.1481,0.0
Compose and edit scripts or provide screenwriters with story outlines from which scripts can be written.,0.6890000000000001,0.0239,0.0,0.0144,0.26789999999999997,0.0048,0.0
"Compose business correspondence for supervisors, managers, and professionals.",0.858,0.0301,0.0023,0.015,0.0862,0.0084,0.0
"Compose descriptions of merchandise for posting to online storefront, auction sites, or other shopping Web sites.",0.9603,0.008,0.0007000000000000001,0.0031,0.0258,0.0021,0.0
Compose explanatory summaries of contents of books and other reference materials.,0.966,0.0028000000000000004,0.0028000000000000004,0.0034999999999999996,0.0236,0.0014000000000000002,0.0
"Compose letters in reply to correspondence concerning such items as requests for merchandise, damage claims, credit information requests, delinquent accounts, incorrect billing, or unsatisfactory service.",0.8656,0.0323,0.0,0.0,0.09140000000000001,0.0108,0.0
"Compose, type, and distribute meeting notes, routine correspondence, or reports, such as presentations or expense, statistical, or monthly reports.",0.8959999999999999,0.064,0.0,0.024,0.016,0.0,0.0
"Compose, type, and mail customer statements and other correspondence related to issues such as discrepancies and outstanding unpaid items.",0.8261,0.0217,0.0,0.0217,0.0652,0.0652,0.0
"Compute and analyze data, using statistical formulas and computers or calculators.",0.851,0.08869999999999999,0.0042,0.0015,0.0535,0.0011,0.0
Compute and compare costs of services.,0.9179,0.0426,0.0182,0.0,0.0060999999999999995,0.0152,0.0
"Compute and verify totals on report forms, requisitions, or bills, using adding machine or calculator.",0.9479000000000001,0.014199999999999999,0.0,0.0,0.019,0.019,0.0
Compute charges for merchandise or services and receive payments.,0.7,0.2,0.02,0.02,0.06,0.0,0.0
Compute cost estimates for labor and materials.,0.8634999999999999,0.0241,0.004,0.0,0.1084,0.0,0.0
Compute costs of labor and materials to determine production costs of products and articles.,0.8,0.0667,0.0,0.0,0.1333,0.0,0.0
"Compute dimensions, areas, volumes, and weights.",0.9767,0.0,0.0,0.0,0.0233,0.0,0.0
"Compute estimates and actual costs of factors such as materials, labor, or outside contractors.",0.8533,0.0217,0.0054,0.0,0.11410000000000001,0.0054,0.0
"Compute figures such as balances, totals, or commissions.",0.8754000000000001,0.0359,0.006,0.0216,0.0431,0.018000000000000002,0.0
"Compute final estimation of property values, taking into account such factors as depreciation, replacement costs, value comparisons of similar properties, and income potential.",0.8824,0.0882,0.0,0.0,0.0294,0.0,0.0
"Compute financial fees, interest, and service charges.",0.9262999999999999,0.0105,0.0316,0.0,0.0316,0.0,0.0
"Compute mathematical formulas to develop and design detailed specifications for components or machinery, using computer-assisted equipment.",0.5263,0.15789999999999998,0.0526,0.0,0.2632,0.0,0.0
Compute prices of items or groups of items.,0.7143,0.131,0.0,0.0,0.11900000000000001,0.035699999999999996,0.0
"Compute reporting metrics, such as on-time delivery rates, order fulfillment rates, or inventory turns.",0.9265000000000001,0.0074,0.0074,0.0074,0.022099999999999998,0.0294,0.0
"Compute sales prices, total purchases, and receive and process cash or credit payment.",0.6905,0.23809999999999998,0.0,0.0,0.07139999999999999,0.0,0.0
"Compute, record, and proofread data and other information, such as records or reports.",0.8675,0.0241,0.0,0.0,0.012,0.0964,0.0
Conduct auditions or interviews to evaluate potential clients.,0.5946,0.1351,0.0,0.2703,0.0,0.0,0.0
Conduct economic or commercial surveys to identify potential markets for products or services.,0.8271999999999999,0.0432,0.0040999999999999995,0.12140000000000001,0.0040999999999999995,0.0,0.0
Conduct evaluations of employees' performance.,0.88,0.12,0.0,0.0,0.0,0.0,0.0
"Conduct failure analyses, document results, and recommend corrective actions.",0.6809000000000001,0.156,0.0496,0.0070999999999999995,0.0851,0.0213,0.0
"Conduct gambling games, such as dice, roulette, cards, or keno, following all applicable rules and regulations.",0.1935,0.7796,0.0,0.0269,0.0,0.0,0.0
"Conduct gambling tables or games, such as dice, roulette, cards, or keno, and ensure that game rules are followed.",0.20370000000000002,0.7778,0.009300000000000001,0.009300000000000001,0.0,0.0,0.0
"Conduct historical research, and publish or present findings and theories.",0.8604999999999999,0.04650000000000001,0.04650000000000001,0.0,0.04650000000000001,0.0,0.0
Conduct investigations of information security breaches to identify vulnerabilities and evaluate the damage.,0.691,0.1208,0.0,0.0,0.17420000000000002,0.013999999999999999,0.0
"Conduct logical analyses of business, scientific, engineering, and other technical problems, formulating mathematical models of problems for solution by computers.",0.8966,0.069,0.0172,0.0,0.0172,0.0,0.0
"Conduct market research analysis to identify search query trends, real-time search and news media activity, popular social media topics, electronic commerce trends, market opportunities, or competitor performance.",0.9706,0.017,0.0033,0.0007000000000000001,0.0078000000000000005,0.0007000000000000001,0.0
Conduct market research and analyze industry trends.,0.9734,0.0092,0.0015,0.0034000000000000002,0.0116,0.001,0.0
Conduct meetings with staff to discuss production progress and to ensure production objectives are attained.,0.7798,0.036699999999999997,0.0,0.14679999999999999,0.036699999999999997,0.0,0.0
"Conduct needs assessments or surveys to determine interest in, or satisfaction with, wellness and fitness programs, events, or services.",0.8123,0.0554,0.0031,0.12619999999999998,0.0031,0.0,0.0
"Conduct network and security system audits, using established criteria.",0.8573999999999999,0.0818,0.003,0.0199,0.012,0.0259,0.0
"Conduct nutritional assessments of individuals, including obtaining and evaluating individuals' dietary histories, to plan nutritional programs.",0.8148000000000001,0.0741,0.0,0.0,0.0741,0.037000000000000005,0.0
"Conduct on-the-job training classes or training sessions to teach and demonstrate principles, techniques, procedures, or methods of designated subjects.",0.7059000000000001,0.1176,0.1765,0.0,0.0,0.0,0.0
"Conduct online marketing initiatives, such as paid ad placement, affiliate programs, sponsorship programs, email promotions, or viral marketing campaigns on social media Web sites.",0.6667000000000001,0.25,0.0417,0.0,0.0,0.0417,0.0
Conduct or direct the internal investigation of compliance issues.,0.9216,0.0196,0.0,0.0,0.0,0.0588,0.0
"Conduct personal background investigations, such as pre-employment checks, to obtain information about an individual's character, financial status, or personal history.",0.9601999999999999,0.0227,0.0,0.011399999999999999,0.005699999999999999,0.0,0.0
Conduct predictive or reactive analyses on security measures to support cyber security initiatives.,0.8645,0.0403,0.0048,0.06,0.0039000000000000003,0.0265,0.0
Conduct presentations of analytic findings.,0.9815,0.018500000000000003,0.0,0.0,0.0,0.0,0.0
Conduct primary patient assessments that include information from prior medical care.,0.9714,0.0,0.0,0.0,0.0,0.0286,0.0
Conduct quality analyses of data inputs and resulting analyses or predictions.,0.8892,0.046900000000000004,0.0054,0.0245,0.0179,0.0161,0.0
"Conduct reference searches, using printed materials and in-house and online databases.",0.9022,0.0242,0.026099999999999998,0.0139,0.0239,0.0096,0.0
Conduct regular reviews of property within jurisdictions to determine changes in property due to construction or demolition.,1.0,0.0,0.0,0.0,0.0,0.0,0.0
"Conduct research in a particular field of knowledge and publish findings in professional journals, books, or electronic media.",0.8276,0.0,0.1379,0.0345,0.0,0.0,0.0
"Conduct research on cell organization and function, including mechanisms of gene expression, cellular bioinformatics, cell signaling, or cell differentiation.",0.9048,0.023799999999999998,0.023799999999999998,0.0,0.023799999999999998,0.023799999999999998,0.0
"Conduct research on consumer opinions and buying habits, and identify target audiences for products, services, or technologies.",0.81,0.0475,0.0048,0.1211,0.0166,0.0,0.0
"Conduct research to develop methodologies, instrumentation, and procedures for medical application, analyzing data and presenting findings to the scientific audience and general public.",0.9286,0.0,0.07139999999999999,0.0,0.0,0.0,0.0
"Conduct research, compile data, and prepare papers for consideration and presentation by executives, committees, and boards of directors.",0.8996,0.029500000000000002,0.0039000000000000003,0.0059,0.055099999999999996,0.0059,0.0
"Conduct searches to find needed information, using such sources as the Internet.",0.8561,0.0495,0.0458,0.016200000000000003,0.0258,0.006500000000000001,0.0
"Conduct statistical analyses to quantify risk, using statistical analysis software or econometric models.",0.9565,0.028999999999999998,0.0,0.0,0.0,0.014499999999999999,0.0
"Conduct surveys and collect data, using methods such as interviews, questionnaires, focus groups, market analysis surveys, public opinion polls, literature reviews, and file reviews.",0.33149999999999996,0.0998,0.0301,0.5311,0.0019,0.005600000000000001,0.0
Conduct trial runs of programs and software applications to be sure they will produce the desired information and that the instructions are correct.,0.9026000000000001,0.0789,0.0011,0.0037,0.0077,0.0059,0.0
Conduct user research to determine design requirements and analyze user feedback to improve design quality.,0.7528,0.0535,0.0022,0.1693,0.02,0.0022,0.0
"Confer with board members, organization officials, or staff members to discuss issues, coordinate activities, or resolve problems.",0.7773,0.1008,0.0,0.0924,0.0126,0.0168,0.0
"Confer with clients regarding price and type of arrangement desired and the date, time, and place of delivery.",0.5455,0.3636,0.0,0.0455,0.0455,0.0,0.0
"Confer with clients to determine objectives, budget, background information, and presentation approaches, styles, and techniques.",0.6368,0.11560000000000001,0.009399999999999999,0.1226,0.11320000000000001,0.0024,0.0
Confer with clients to discuss and determine layout design.,0.6829000000000001,0.09759999999999999,0.024399999999999998,0.048799999999999996,0.1463,0.0,0.0
"Confer with clients, editors, publishers, or producers to discuss changes or revisions to written material.",0.4286,0.09519999999999999,0.0,0.047599999999999996,0.2857,0.1429,0.0
"Confer with co-workers to obtain information about orders, processes, or problems.",0.6776000000000001,0.10279999999999999,0.009300000000000001,0.21030000000000001,0.0,0.0,0.0
Confer with colleagues to formulate positions and strategies pertaining to pending issues.,0.6537999999999999,0.1923,0.0,0.0897,0.0641,0.0,0.0
"Confer with company officials to develop methods and procedures to increase sales, expand markets, and promote business.",0.6,0.1333,0.0333,0.0,0.23329999999999998,0.0,0.0
"Confer with coworkers to obtain information about orders, processes, or problems.",0.6767,0.0564,0.0075,0.2444,0.015,0.0,0.0
"Confer with customers by telephone or in person to provide information about products or services, take or enter orders, cancel accounts, or obtain details of complaints.",0.8271999999999999,0.0239,0.0864,0.0533,0.0092,0.0,0.0
"Confer with customers or supervising personnel to address questions, problems, or requests for service or equipment.",0.5871,0.3323,0.0032,0.0645,0.006500000000000001,0.006500000000000001,0.0
Confer with customers to assess customer needs or obtain feedback.,0.6101,0.1398,0.0048,0.1793,0.0637,0.0024,0.0
Confer with customers to determine how to tailor materials to their needs.,0.5367000000000001,0.14,0.0067,0.1867,0.1167,0.013300000000000001,0.0
Confer with customers to determine the nature of malfunctions.,0.4932,0.2397,0.0068000000000000005,0.2466,0.0137,0.0,0.0
Confer with customers to determine the nature of problems or to explain repairs.,0.5752,0.11109999999999999,0.0196,0.2614,0.026099999999999998,0.006500000000000001,0.0
Confer with department supervisors or other personnel to assess progress and discuss needed changes.,0.7646999999999999,0.0647,0.0,0.1235,0.0412,0.0059,0.0
Confer with engineering staff and other personnel to resolve problems.,0.6786,0.1429,0.0,0.10710000000000001,0.035699999999999996,0.035699999999999996,0.0
"Confer with engineers or other personnel to implement operating procedures, resolve system malfunctions, or provide technical information.",0.6406000000000001,0.2656,0.015600000000000001,0.015600000000000001,0.0625,0.0,0.0
"Confer with escrow companies, lenders, home inspectors, and pest control operators to ensure that terms and conditions of purchase agreements are met before closing dates.",0.85,0.1,0.0,0.0,0.05,0.0,0.0
"Confer with establishment personnel, vendors, or customers to coordinate production or shipping activities and to resolve complaints or eliminate delays.",0.9031999999999999,0.0645,0.0,0.0323,0.0,0.0,0.0
Confer with management to discuss and resolve participant complaints.,0.6667000000000001,0.1481,0.0,0.1481,0.0,0.037000000000000005,0.0
"Confer with management, production, or marketing staff to discuss project specifications or procedures.",0.8636,0.0909,0.0,0.0455,0.0,0.0,0.0
Confer with network users about solutions to existing system problems.,0.4118,0.4706,0.0,0.0882,0.0294,0.0,0.0
"Confer with personnel, such as management, engineering, quality control, customer, or union workers' representatives, to coordinate work activities, resolve employee grievances, or identify and review resource needs.",0.7403,0.1429,0.0,0.07139999999999999,0.039,0.006500000000000001,0.0
Confer with project personnel to identify and resolve problems.,0.5233,0.24420000000000003,0.0,0.1628,0.0581,0.0116,0.0
"Confer with systems analysts, engineers, programmers and others to design systems and to obtain information on project limitations and capabilities, performance requirements and interfaces.",0.4483,0.2069,0.0,0.069,0.2759,0.0,0.0
"Confer with users to analyze, configure, or troubleshoot applications.",0.34450000000000003,0.5146000000000001,0.0369,0.023799999999999998,0.0719,0.0083,0.0
"Confer with users to discuss issues such as computer data access needs, security violations, and programming changes.",0.5634,0.2394,0.0282,0.042300000000000004,0.1268,0.0,0.0
"Configure and define parameters for installation or testing of local area network (LAN), wide area network (WAN), hubs, routers, switches, controllers, multiplexers, or related networking equipment.",0.52,0.36,0.02,0.04,0.06,0.0,0.0
Configure information systems to incorporate principles of least functionality and least access.,0.65,0.2,0.0,0.025,0.125,0.0,0.0
Configure security settings or access permissions for groups or individuals.,0.7281,0.2048,0.011200000000000002,0.013000000000000001,0.0391,0.0037,0.0
Configure servers to meet functional specifications.,0.6295000000000001,0.3345,0.0103,0.0086,0.0172,0.0,0.0
"Configure, monitor, and maintain email applications or virus protection software.",0.8409,0.1364,0.0,0.0,0.0227,0.0,0.0
"Consult sources, such as rate books, manuals, or insurance company representatives, to determine specific charges or information such as rules, regulations, or government tax and tariff information.",0.8894,0.04019999999999999,0.050300000000000004,0.0,0.0101,0.0101,0.0
Consult with clients after sales or contract signings to resolve problems and provide ongoing support.,0.7725,0.11380000000000001,0.0359,0.053899999999999997,0.018000000000000002,0.006,0.0
Consult with clients after sales or contract signings to resolve problems and to provide ongoing support.,0.7755,0.1157,0.0347,0.0579,0.0116,0.0046,0.0
"Consult with customers or other departments on project status, proposals, or technical issues, such as software system design or maintenance.",0.6509,0.1193,0.0719,0.0667,0.0719,0.019299999999999998,0.0
Consult with end users regarding problems in accessing electronic content.,0.5545,0.2727,0.0364,0.1182,0.0,0.0182,0.0
"Consult with or provide consultation to other doctors, therapists, or clinicians regarding patient care.",0.5489999999999999,0.1176,0.1961,0.0588,0.0196,0.0588,0.0
"Consult with researchers to analyze problems, recommend technology-based solutions, or determine computational strategies.",0.5575,0.09539999999999998,0.1222,0.0318,0.1809,0.012199999999999999,0.0
Contact borrowers with delinquent accounts to obtain payment in full or to negotiate repayment plans.,0.8036,0.125,0.0,0.0625,0.0,0.0089,0.0
Contact carriers for rates or schedules.,0.8636,0.0758,0.0,0.0152,0.0455,0.0,0.0
Contact customers or travel agents to advise them of travel conveyance changes or to confirm reservations.,0.8261,0.014499999999999999,0.0,0.1159,0.014499999999999999,0.028999999999999998,0.0
Contact customers to obtain or relay account information.,0.8405,0.0245,0.0,0.1166,0.0060999999999999995,0.0123,0.0
Contact customers to respond to inquiries or to notify them of claim investigation results or any planned adjustments.,0.8659,0.0394,0.0039000000000000003,0.0868,0.0039000000000000003,0.0,0.0
Contact job applicants to inform them of the status of their applications.,0.8448,0.0388,0.0086,0.09050000000000001,0.0043,0.0129,0.0
Contact new or existing customers to discuss how specific products or services can meet their needs.,0.8764,0.0429,0.0009,0.069,0.0089,0.0019,0.0
Contact organizations to explain services and facilities offered.,0.9565,0.0,0.0,0.0435,0.0,0.0,0.0
Contact potential vendors to determine material availability.,0.6842,0.2632,0.0,0.0263,0.0088,0.0175,0.0
Contact property owners and advertise services to solicit property sales listings.,0.6786,0.25,0.0,0.0536,0.0,0.0179,0.0
Contact prospective customers to present information and explain available services.,0.8703,0.0414,0.0016,0.0716,0.013500000000000002,0.0016,0.0
Contact prospective or existing customers to discuss how services can meet their needs.,0.8633,0.0383,0.0018,0.086,0.01,0.0006,0.0
"Contact regular and prospective customers to demonstrate products, explain product features, and solicit orders.",0.9333,0.0333,0.0,0.0333,0.0,0.0,0.0
Contribute to the development or implementation of business unit strategic and operating plans.,0.7569,0.1009,0.041299999999999996,0.0321,0.055,0.0138,0.0
"Converse with customer to determine destination, mode of transportation, travel dates, financial considerations, and accommodations required.",0.5059,0.32939999999999997,0.0118,0.0941,0.0588,0.0,0.0
Converse with customers to determine details of equipment problems.,0.5153,0.1718,0.0060999999999999995,0.2638,0.0184,0.0245,0.0
"Convert various types of files for printing or for the Internet, using computer software.",0.9107,0.0355,0.0017000000000000001,0.013999999999999999,0.038,0.0,0.0
Convert video and audio recordings into digital formats for editing or archiving.,0.8611,0.0694,0.0,0.0509,0.018500000000000003,0.0,0.0
Coordinate activities with other supervisory personnel or with other work units or departments.,0.7636,0.1909,0.0,0.0364,0.0091,0.0,0.0
Coordinate and link the computer systems within an organization to increase compatibility so that information can be shared.,0.614,0.3246,0.0088,0.0175,0.0351,0.0,0.0
"Coordinate production activities with other functional units, such as procurement, maintenance, or quality control.",0.6957,0.287,0.0,0.0,0.0174,0.0,0.0
Coordinate recruitment or selection of project personnel.,0.8387,0.129,0.0,0.0,0.0323,0.0,0.0
Coordinate work assignment preparation and completion with other workers.,0.5543,0.2686,0.0,0.1514,0.0229,0.0029,0.0
"Coordinate, prepare, or review regulatory submissions for domestic or international projects.",0.8209000000000001,0.059699999999999996,0.0,0.0149,0.0746,0.029900000000000003,0.0
Correct errors by making appropriate changes and rechecking the program to ensure that the desired results are produced.,0.46880000000000005,0.4604,0.0033,0.0040999999999999995,0.0604,0.003,0.0
"Correct or record omissions, errors, or inconsistencies found.",0.7864,0.0174,0.0,0.0027,0.024399999999999998,0.1691,0.0
"Correct testing-identified problems, or recommend actions for their resolution.",0.5468999999999999,0.3496,0.0254,0.0,0.0547,0.023399999999999997,0.0
"Correspond with customers and confer with coworkers to answer inquiries, discuss market fluctuations, or resolve account problems.",0.8545,0.0727,0.0,0.0545,0.0,0.0182,0.0
Correspond with insured or agent to obtain information or to inform them of account status or changes.,0.975,0.0,0.0,0.025,0.0,0.0,0.0
"Correspond with online customers via electronic mail, telephone, or other electronic messaging to address questions or complaints about products, policies, or shipping methods.",0.8181999999999999,0.050499999999999996,0.0,0.0404,0.06570000000000001,0.0253,0.0
"Counsel and provide guidance to students regarding personal, academic, vocational, or behavioral issues.",0.4289,0.11789999999999999,0.16870000000000002,0.1565,0.0935,0.0346,0.0
"Counsel clients on personal and family financial problems, such as excessive spending or borrowing of funds.",0.4154,0.18460000000000001,0.07690000000000001,0.10769999999999999,0.15380000000000002,0.061500000000000006,0.0
"Counsel employees in work-related activities, personal growth, or career development.",0.6489,0.1603,0.053399999999999996,0.0611,0.0305,0.0458,0.0
"Counsel individuals and groups on basic rules of good nutrition, healthy eating habits, and nutrition monitoring to improve their quality of life.",0.5524,0.2286,0.10949999999999999,0.023799999999999998,0.061900000000000004,0.023799999999999998,0.0
"Counsel individuals or groups to help them understand and overcome personal, social, or behavioral problems affecting their educational or vocational situations.",0.382,0.2189,0.133,0.1545,0.0601,0.051500000000000004,0.0
"Counsel individuals regarding interpersonal, health, financial, or religious problems.",0.2924,0.2212,0.1213,0.2384,0.0453,0.0814,0.0
"Counsel individuals, groups, families, or communities regarding issues including mental health, poverty, unemployment, substance abuse, physical abuse, rehabilitation, social adjustment, child care, or medical care.",0.47240000000000004,0.12560000000000002,0.1709,0.191,0.0151,0.025099999999999997,0.0
"Counsel individuals, groups, or families to help them understand problems, deal with crisis situations, define goals, and develop realistic action plans.",0.2162,0.2616,0.17679999999999998,0.2768,0.034300000000000004,0.034300000000000004,0.0
Counsel outpatients or other patients during office visits.,0.5806,0.129,0.129,0.0968,0.0,0.0645,0.0
"Counsel patients about drug regimens and possible side effects or interactions with other substances, such as food supplements, over-the-counter (OTC) medications, or herbal remedies.",0.5931000000000001,0.0759,0.2207,0.0276,0.0414,0.0414,0.0
"Counsel patients about nutrition, exercise, sleeping habits, stress management, or other matters.",0.5932999999999999,0.1699,0.1364,0.0694,0.0239,0.0072,0.0
"Counsel students in the handling of issues such as family, financial, and educational problems.",0.25,0.1818,0.11359999999999999,0.3864,0.0,0.0682,0.0
"Counsel students regarding educational issues, such as course and program selection, class scheduling and registration, school adjustment, truancy, study habits, and career planning.",0.31579999999999997,0.0526,0.15789999999999998,0.4474,0.0263,0.0,0.0
Counsel students with adjustment or academic problems.,0.46149999999999997,0.15380000000000002,0.11539999999999999,0.23079999999999998,0.0,0.0385,0.0
Counsel workers about job and career-related issues.,0.44299999999999995,0.2278,0.0759,0.2152,0.0127,0.0253,0.0
"Count, weigh, measure, or organize materials.",0.9390000000000001,0.0,0.0,0.012199999999999999,0.0366,0.012199999999999999,0.0
"Create and maintain logs, records, or databases of information about fraudulent activity.",0.875,0.0417,0.0,0.0417,0.0417,0.0,0.0
"Create billing documents, shipping labels, credit memorandums, or credit forms.",0.7667,0.07780000000000001,0.0,0.0444,0.11109999999999999,0.0,0.0
"Create business intelligence tools or systems, including design of related databases, spreadsheets, or outputs.",0.7619,0.11109999999999999,0.0159,0.0,0.11109999999999999,0.0,0.0
"Create core game features, including storylines, role-play mechanics, and character biographies for a new video game or game franchise.",0.8256999999999999,0.0275,0.0,0.0275,0.1193,0.0,0.0
"Create debt management plans, spending plans, or budgets to assist clients to meet financial goals.",0.6667000000000001,0.11109999999999999,0.0,0.0556,0.16670000000000001,0.0,0.0
"Create designs, concepts, and sample layouts, based on knowledge of layout principles and esthetic design concepts.",0.8959999999999999,0.0223,0.0,0.0149,0.0668,0.0,0.0
Create developmentally appropriate lesson plans.,0.7036,0.025699999999999997,0.0079,0.0593,0.2016,0.002,0.0
Create drink recipes.,0.9333,0.0333,0.0,0.0,0.0333,0.0,0.0
Create embedded software design programs.,0.8503000000000001,0.08839999999999999,0.0051,0.0017000000000000001,0.051,0.0034000000000000002,0.0
"Create graphs, charts, or other visualizations to convey the results of data analysis using specialized software.",0.7759999999999999,0.059000000000000004,0.0039000000000000003,0.0028000000000000004,0.1555,0.0028000000000000004,0.0
Create itemized invoices to record amounts due for services rendered.,0.9091,0.0909,0.0,0.0,0.0,0.0,0.0
"Create marketing or outreach media, such as brochures or Web sites, to communicate sustainability issues, procedures, or objectives.",0.84,0.0229,0.0,0.034300000000000004,0.10289999999999999,0.0,0.0
Create novel computational approaches and analytical tools as required by research goals.,0.8142,0.1421,0.0109,0.0,0.032799999999999996,0.0,0.0
Create or administer training and awareness presentations or materials.,0.8902,0.0231,0.0058,0.0,0.0809,0.0,0.0
"Create or distribute offline promotional material, such as brochures, pamphlets, business cards, stationary, or signage.",0.8432999999999999,0.017,0.0012,0.0231,0.11539999999999999,0.0,0.0
"Create or implement security standards, policies, and procedures.",0.8617,0.0851,0.0,0.0213,0.0319,0.0,0.0
Create or maintain database of customer accounts.,0.8043,0.0913,0.001,0.068,0.0355,0.0,0.0
Create or review technical design documentation to ensure the accurate development of reporting solutions.,0.9268000000000001,0.0223,0.0032,0.0127,0.0287,0.0064,0.0
"Create or revise user instructions, procedures, or manuals.",0.8904000000000001,0.041100000000000005,0.0,0.0,0.06849999999999999,0.0,0.0
Create specialty dishes and develop recipes to be used in dining facilities.,0.8824,0.0368,0.0147,0.0147,0.051500000000000004,0.0,0.0
"Create supporting documentation, such as metadata and diagrams of entity relationships, business processes, and process flow.",0.8377,0.0263,0.0024,0.0095,0.1193,0.0048,0.0
"Create three-dimensional or interactive representations of designs, using computer-assisted design software.",0.8371999999999999,0.0698,0.0,0.0,0.0698,0.0233,0.0
"Create, analyze, report, convert, or transfer data, using specialized applications program software.",0.9256,0.038900000000000004,0.0015,0.0109,0.021099999999999997,0.0021,0.0
"Create, maintain, and enter information into databases.",0.8584999999999999,0.0888,0.0016,0.0236,0.026000000000000002,0.0015,0.0
"Create, populate, or maintain databases for tracking validation activities, test results, or validated systems.",0.9143000000000001,0.07139999999999999,0.0,0.0143,0.0,0.0,0.0
"Debit, credit, and total accounts on computer spreadsheets and databases, using specialized accounting software.",0.7333,0.2,0.0,0.0,0.0667,0.0,0.0
Decide which information should be included or excluded in reports.,0.9595,0.013500000000000002,0.0,0.0,0.027000000000000003,0.0,0.0
"Define data requirements, and gather and validate information, applying judgment and statistical tests.",0.9648,0.0139,0.0018,0.0115,0.0040999999999999995,0.0039000000000000003,0.0
"Define instructional, learning, or performance objectives.",0.9091,0.0121,0.0,0.0060999999999999995,0.0667,0.0060999999999999995,0.0
Define or recommend model specifications or data collection methods.,0.451,0.0588,0.1765,0.0196,0.2157,0.0784,0.0
Define the goals of the system and devise flow charts and diagrams describing logical operational steps of programs.,0.8311,0.07429999999999999,0.0,0.0203,0.0676,0.0068000000000000005,0.0
Deliver messages and run errands.,0.8454,0.0567,0.0,0.0722,0.0258,0.0,0.0
Demonstrate correct use of exercise equipment or performance of exercise routines.,0.7143,0.1429,0.047599999999999996,0.047599999999999996,0.047599999999999996,0.0,0.0
"Demonstrate equipment to customers and explain its use, responding to any inquiries or complaints.",0.6614,0.022400000000000003,0.2332,0.0426,0.024700000000000003,0.015700000000000002,0.0
"Demonstrate or explain products, methods, or services to persuade customers to purchase products or use services.",0.871,0.0484,0.0484,0.0161,0.0161,0.0,0.0
"Demonstrate systems for customers and explain details, such as the causes and consequences of false alarms.",0.6602,0.0194,0.2621,0.0437,0.0049,0.0097,0.0
Describe and express observations and conclusions in mathematical terms.,0.9592,0.0204,0.0,0.0204,0.0,0.0,0.0
"Describe artifacts' physical properties or attributes, such as the materials from which artifacts are made and their size, shape, function, and decoration.",0.9467,0.0,0.0,0.0,0.013300000000000001,0.04,0.0
"Describe merchandise and explain use, operation, and care of merchandise to customers.",0.7131000000000001,0.0252,0.1997,0.0403,0.0151,0.0067,0.0
Describe or demonstrate products that viewers may purchase through specific shows or in stores.,0.7875,0.05,0.0125,0.1375,0.0,0.0125,0.0
"Describe tour points of interest to group members, and respond to questions.",0.47869999999999996,0.21280000000000002,0.09570000000000001,0.1702,0.0319,0.0106,0.0
Design and create special programs for tasks such as statistical analysis and data entry and cleaning.,0.6908,0.1936,0.0087,0.0,0.1069,0.0,0.0
"Design and edit promotional publications, such as brochures.",0.659,0.0393,0.0,0.0033,0.2984,0.0,0.0
Design and implement dashboard and data visualizations to meet customer reporting needs.,0.7143,0.131,0.0079,0.0,0.14679999999999999,0.0,0.0
Design and implement efforts to publicize events and promote sponsorships.,0.7591,0.0547,0.0,0.0073,0.1788,0.0,0.0
"Design cognitive aids, such as procedural storyboards or decision support systems.",0.8234999999999999,0.0,0.0,0.0,0.1765,0.0,0.0
"Design customer interface of online storefront, using web programming or e-commerce software.",0.6914,0.049400000000000006,0.0,0.0,0.2593,0.0,0.0
"Design databases to support business applications, ensuring system scalability, security, performance, and reliability.",0.7794,0.1324,0.0074,0.0,0.0809,0.0,0.0
Design instructional aids for stand-alone or instructor-led classroom or online use.,0.8867,0.0074,0.0012,0.0037,0.10099999999999999,0.0,0.0
Design or develop information databases that include geographic or topographic data.,0.7737,0.1105,0.0,0.0,0.1158,0.0,0.0
"Design or implement improvements in communication, monitoring, or enforcement of compliance standards.",0.7742,0.0968,0.0,0.0968,0.0323,0.0,0.0
"Design or produce materials such as posters, Web sites, or newsletters to promote, market, or advertise fundraising events.",0.7945,0.0075,0.0025,0.005,0.1905,0.0,0.0
"Design research projects that apply valid scientific techniques, and use information obtained from baselines or historical data to structure uncompromised and efficient analyses.",0.8556,0.061399999999999996,0.0108,0.0,0.065,0.0072,0.0
"Design test plans, scenarios, scripts, or procedures.",0.8592,0.056299999999999996,0.004699999999999999,0.0,0.0751,0.004699999999999999,0.0
Design tests of finished products or process capabilities to establish standards or validate process requirements.,0.9492,0.0169,0.0,0.0,0.0339,0.0,0.0
"Design validation study features, such as sampling, testing, or analytical methodologies.",0.9095,0.0381,0.0286,0.0,0.0143,0.0095,0.0
"Design, analyze, and decipher encryption systems designed to transmit military, political, financial, or law-enforcement-related information in code.",0.7273000000000001,0.24239999999999998,0.0,0.030299999999999997,0.0,0.0,0.0
"Design, build, or maintain Web sites, using authoring or scripting languages, content creation tools, management tools, and digital media.",0.669,0.1353,0.0012,0.0053,0.18899999999999997,0.0002,0.0
"Design, develop and modify software systems, using scientific analysis and mathematical models to predict and measure outcomes and consequences of design.",0.6705,0.1591,0.0,0.0,0.1705,0.0,0.0
"Design, develop, and implement computer applications for use in mining operations such as mine design, modeling, or mapping or for monitoring mine conditions.",0.8345,0.0828,0.0,0.0138,0.069,0.0,0.0
"Design, evaluate, recommend, and approve changes of forms and reports.",0.7595999999999999,0.06269999999999999,0.0034999999999999996,0.0139,0.1568,0.0034999999999999996,0.0
"Design, plan, organize, or direct orientation and training programs for employees or customers.",0.7368000000000001,0.0526,0.0,0.0,0.21050000000000002,0.0,0.0
"Determine a published or broadcasted story's emphasis, length, and format, organizing material accordingly.",0.917,0.0254,0.0004,0.0044,0.0492,0.0036,0.0
"Determine advertising medium to be used, and prepare sample advertisements within the selected medium for presentation to customers.",0.8205,0.0,0.0256,0.0,0.15380000000000002,0.0,0.0
"Determine and certify the eligibility of prospective tenants, following government regulations.",0.9545,0.0,0.0,0.0455,0.0,0.0,0.0
Determine and set product prices.,0.3922,0.598,0.0,0.0,0.0049,0.0049,0.0
Determine clients' eligibility for financial assistance.,0.9367,0.0362,0.0,0.0181,0.0,0.009000000000000001,0.0
"Determine conditions under which tests are to be conducted, as well as sequences and phases of test operations.",0.8837,0.0775,0.0,0.0019,0.0368,0.0,0.0
Determine customers' financial services needs and prepare proposals to sell services that address these needs.,0.75,0.1591,0.0227,0.0682,0.0,0.0,0.0
"Determine formats, approaches, content, levels, and mediums to effectively meet objectives within budgetary constraints, using research, knowledge, and training.",0.8804000000000001,0.042,0.0012,0.0029,0.0694,0.0040999999999999995,0.0
Determine guidelines that specify which source material is acceptable for use.,0.8974,0.0256,0.0,0.0,0.07690000000000001,0.0,0.0
"Determine if inventory quantities are sufficient for needs, ordering more materials when necessary.",0.4648,0.3944,0.0,0.0141,0.1127,0.0141,0.0
"Determine or coordinate treatment plans by requesting laboratory services, reviewing genetics or counseling literature, and considering histories or diagnostic data.",0.9473999999999999,0.0351,0.0,0.0,0.0175,0.0,0.0
"Determine procedures and instructions to be followed, according to design specifications and quantity of required materials.",0.6808,0.2643,0.0,0.0349,0.02,0.0,0.0
"Determine requirements for treatment, such as type, method and duration of therapy, precautions to be taken, or medication and dosages, compatible with physicians' orders.",0.9344,0.06559999999999999,0.0,0.0,0.0,0.0,0.0
"Determine response requirements and relative priorities of situations, and dispatch units in accordance with established procedures.",0.8194,0.1389,0.0,0.0417,0.0,0.0,0.0
"Determine scope, timing, and direction of investigations.",0.8199,0.1226,0.0038,0.0421,0.0077,0.0038,0.0
"Determine size and arrangement of illustrative material and copy, and select style and size of type.",0.8348,0.026099999999999998,0.0,0.0087,0.1304,0.0,0.0
"Determine sources of Web page or server problems, and take action to correct such problems.",0.3295,0.6531999999999999,0.0,0.0029,0.014499999999999999,0.0,0.0
"Determine types or amounts of equipment, vehicles, materials, or personnel required, according to work orders or specifications.",0.9655,0.0,0.0,0.0,0.0345,0.0,0.0
"Determine viability of sites through observation, and discuss site locations and construction requirements with customers.",0.8571,0.07139999999999999,0.0,0.07139999999999999,0.0,0.0,0.0
"Determine whether statistical methods are appropriate, based on user needs or research questions of interest.",0.9151,0.0152,0.0203,0.038,0.0101,0.0013,0.0
"Determine which products should be featured in advertising, the advertising medium to be used, or when the ads should be run.",0.7492,0.06269999999999999,0.009899999999999999,0.0231,0.1386,0.0165,0.0
Determine work assignments and procedures.,0.8695999999999999,0.09570000000000001,0.0087,0.0,0.026099999999999998,0.0,0.0
"Develop Web site maps, application models, image templates, or page templates that meet project goals, user needs, or industry standards.",0.9227,0.0349,0.0025,0.0025,0.0374,0.0,0.0
Develop Web sites.,0.7631,0.09119999999999999,0.0036,0.0038,0.1376,0.0006,0.0
"Develop a maintainable code base using object-oriented design principles, practices, or patterns.",0.7709,0.1079,0.0067,0.0011,0.11230000000000001,0.0011,0.0
Develop advertising and other informational materials to be used in subject recruitment.,0.9,0.0167,0.0,0.0167,0.0667,0.0,0.0
"Develop advertising campaigns for a wide range of clients, working with an advertising agency's creative director and art director to determine the best way to present advertising information.",0.7778,0.11109999999999999,0.0,0.0,0.11109999999999999,0.0,0.0
Develop an understanding of customers' needs and take actions to ensure that such needs are met.,0.6934,0.16399999999999998,0.0088,0.0788,0.0538,0.0013,0.0
Develop and coordinate educational programs for residents.,0.7778,0.0,0.0556,0.0,0.16670000000000001,0.0,0.0
"Develop and distribute newsletters, brochures, or other printed materials to share information with patients or medical staff.",0.9189,0.0,0.013500000000000002,0.013500000000000002,0.0541,0.0,0.0
Develop and document database architectures.,0.7962,0.0764,0.0191,0.0,0.10830000000000001,0.0,0.0
Develop and document style guidelines for Web site content.,0.6633,0.051,0.0102,0.0102,0.26530000000000004,0.0,0.0
Develop and implement behavioral management and care plans for clients.,0.9333,0.0667,0.0,0.0,0.0,0.0,0.0
Develop and implement policies and procedures for the operation of a department or establishment.,0.7273000000000001,0.1364,0.0682,0.0,0.0682,0.0,0.0
Develop and implement procedures for identifying advertising needs.,0.6973999999999999,0.10529999999999999,0.0263,0.0789,0.0789,0.0132,0.0
Develop and implement treatment plans based on clinical experience and knowledge.,0.8478,0.087,0.0,0.0,0.0652,0.0,0.0
"Develop and interpret organizational goals, policies, and procedures.",0.68,0.04,0.06,0.08,0.12,0.02,0.0
Develop and maintain client relationships.,0.8181999999999999,0.0909,0.0,0.0909,0.0,0.0,0.0
"Develop and maintain computerized record management systems to store and process data, such as personnel activities and information, and to produce reports.",0.7029000000000001,0.1456,0.0175,0.0097,0.1243,0.0,0.0
"Develop and maintain design level documentation, including mechanics, guidelines, and mission outlines.",0.6953,0.0687,0.0043,0.0,0.2232,0.0086,0.0
Develop and maintain log of surveillance observations.,0.9226000000000001,0.0417,0.0,0.0298,0.006,0.0,0.0
"Develop and maintain the company's corporate image and identity, which includes the use of logos and signage.",0.8398,0.0276,0.0,0.0,0.1326,0.0,0.0
Develop and manage work breakdown structure (WBS) of information technology projects.,0.8957999999999999,0.0365,0.0052,0.015600000000000001,0.0313,0.015600000000000001,0.0
"Develop and organize training manuals, multimedia visual aids, and other educational materials.",0.8329000000000001,0.0329,0.0070999999999999995,0.0024,0.1247,0.0,0.0
"Develop and prescribe exercise programs, such as off-season conditioning regimens.",0.7940999999999999,0.0735,0.0,0.0,0.1176,0.0147,0.0
"Develop and test experimental designs, sampling techniques, and analytical methods.",0.8659,0.061,0.012199999999999999,0.0,0.061,0.0,0.0
Develop application-specific software.,0.7606,0.1016,0.0046,0.0031,0.1301,0.0,0.0
"Develop calibration methodologies, test methodologies, or tools.",0.8764,0.1011,0.0,0.0,0.0225,0.0,0.0
"Develop client relationships and communicate with clients to explain proposals, present research findings, establish specifications, or discuss project status.",0.596,0.1414,0.0404,0.20199999999999999,0.0202,0.0,0.0
"Develop client treatment plans based on research, clinical experience, and client histories.",0.8112999999999999,0.0755,0.0,0.0189,0.0755,0.0189,0.0
"Develop communications materials, advertisements, presentations, or public relations initiatives to promote awareness of products and services.",0.8733,0.0159,0.0022,0.0033,0.1032,0.0022,0.0
Develop computational methods for solving problems that occur in areas of science and engineering or that come from applications in business or industry.,0.8518000000000001,0.09050000000000001,0.0,0.005,0.0528,0.0,0.0
"Develop computer information resources, providing for data security and control, strategic computing, and disaster recovery.",0.7373000000000001,0.1343,0.0239,0.011899999999999999,0.08960000000000001,0.003,0.0
Develop cost reduction strategies and savings plans.,0.6364,0.0909,0.12119999999999999,0.0,0.1515,0.0,0.0
Develop curricula and plan course content and methods of instruction.,0.6726000000000001,0.09519999999999999,0.0179,0.035699999999999996,0.1726,0.006,0.0
"Develop customer documentation, such as performance specifications, training manuals, or operating instructions.",0.7726999999999999,0.0682,0.0,0.011399999999999999,0.1477,0.0,0.0
Develop data models and databases.,0.8582,0.0355,0.014199999999999999,0.0,0.0922,0.0,0.0
"Develop defense plans or tactics, using intelligence and other information.",0.3322,0.6628000000000001,0.0,0.0033,0.0,0.0017000000000000001,0.0
"Develop exercise programs to improve participant strength, flexibility, endurance, or circulatory functioning, in accordance with exercise science standards, regulatory requirements, and credentialing requirements.",0.8125,0.0208,0.0208,0.0208,0.11460000000000001,0.0104,0.0
"Develop factors such as themes, plots, characterizations, psychological analyses, historical environments, action, and dialogue to create material.",0.3012,0.6217,0.0014000000000000002,0.0052,0.0691,0.0014000000000000002,0.0
Develop ideas for programs and features that a station could produce.,0.6470999999999999,0.0882,0.0,0.0588,0.1765,0.0294,0.0
"Develop ideas or material for columns or commentaries by analyzing and interpreting news, current issues, or personal experiences.",0.8929,0.07139999999999999,0.035699999999999996,0.0,0.0,0.0,0.0
"Develop instructional materials, such as lesson plans, handouts, or examinations.",0.8924,0.0137,0.0042,0.0068000000000000005,0.0825,0.0003,0.0
"Develop job specifications, job descriptions, or work schedules.",0.92,0.04,0.0,0.0,0.04,0.0,0.0
"Develop manuals, texts, workbooks, or related materials for use in conjunction with production materials or for training.",0.8843000000000001,0.0279,0.013999999999999999,0.002,0.0718,0.0,0.0
Develop marketing campaigns to promote a healthy lifestyle or participation in fitness or wellness programs.,0.8421,0.0526,0.0,0.0,0.10529999999999999,0.0,0.0
"Develop marketing materials, proposals, or presentations to generate new work opportunities.",0.88,0.0,0.08,0.0,0.04,0.0,0.0
Develop marketing or strategic plans for sales territories.,0.75,0.0,0.0625,0.125,0.0625,0.0,0.0
"Develop master course documentation or manuals according to applicable accreditation, certification, or other requirements.",0.82,0.06,0.02,0.0,0.1,0.0,0.0
"Develop methods for integrating different products so they work properly together, such as customizing commercial databases to fit specific needs.",0.6818000000000001,0.1818,0.0227,0.0,0.11359999999999999,0.0,0.0
"Develop new business by contacting potential clients, making sales presentations, and writing proposals.",0.8909,0.0909,0.0,0.0,0.0182,0.0,0.0
Develop new recipes for baked goods.,0.8181999999999999,0.0,0.0,0.0909,0.0909,0.0,0.0
Develop new software applications or customize existing applications to meet specific scientific project needs.,0.6536,0.24059999999999998,0.0076,0.004,0.0924,0.0018,0.0
Develop new visual design concepts and modify concepts based on stakeholder feedback.,0.72,0.0294,0.0016,0.0033,0.24489999999999998,0.0008,0.0
Develop operational standards and procedures for the work unit or department.,0.5676,0.1351,0.027000000000000003,0.0541,0.16219999999999998,0.0541,0.0
Develop or analyze information to assess the current or future financial status of firms.,0.9487000000000001,0.0,0.0,0.0,0.0256,0.0256,0.0
"Develop or approve project plans, schedules, or budgets.",0.8231999999999999,0.0663,0.0055000000000000005,0.022099999999999998,0.08289999999999999,0.0,0.0
Develop or assist in the development of transportation-related computer software or computer processes.,0.7631,0.1446,0.0,0.0,0.09230000000000001,0.0,0.0
Develop or direct development of offering documents or marketing materials.,0.7565999999999999,0.0337,0.0037,0.0262,0.1723,0.0075,0.0
"Develop or direct software system testing or validation procedures, programming, or documentation.",0.8332999999999999,0.125,0.0,0.0,0.0417,0.0,0.0
Develop or document style guidelines for Web site content.,0.8256999999999999,0.0092,0.0,0.0,0.156,0.0092,0.0
Develop or implement data analysis algorithms.,0.7981,0.1268,0.0,0.0,0.0704,0.004699999999999999,0.0
"Develop or implement human performance research, investigation, or analysis protocols.",0.7082999999999999,0.0833,0.0,0.0,0.20829999999999999,0.0,0.0
Develop or implement marketing strategies.,0.7018000000000001,0.1272,0.0044,0.0088,0.1491,0.0088,0.0
Develop or implement operating methods or procedures.,0.6557999999999999,0.1519,0.0171,0.0062,0.1674,0.0016,0.0
Develop or implement procedures for ongoing Web site revision.,0.7132,0.13949999999999999,0.0039000000000000003,0.0039000000000000003,0.13570000000000002,0.0039000000000000003,0.0
"Develop or implement product-marketing strategies, including advertising campaigns or sales promotions.",0.736,0.0986,0.0106,0.0121,0.1411,0.0015,0.0
"Develop or implement production tracking or quality control systems, analyzing production, quality control, maintenance, or other operational reports to detect production problems.",0.9176000000000001,0.0824,0.0,0.0,0.0,0.0,0.0
Develop or implement quality control programs.,0.8125,0.0625,0.0,0.0,0.125,0.0,0.0
"Develop or implement software tools to assist in the detection, prevention, and analysis of security threats.",0.7537,0.1604,0.011200000000000002,0.0037,0.069,0.0019,0.0
"Develop or install software, such as firewalls and data encryption programs, to protect sensitive information.",0.8264,0.08810000000000001,0.0052,0.0052,0.0751,0.0,0.0
Develop or integrate control feature requirements.,0.7082999999999999,0.1042,0.0208,0.0,0.1458,0.0208,0.0
"Develop or maintain archived procedures, procedural codes, or queries for applications.",0.7,0.1,0.0667,0.0,0.1333,0.0,0.0
"Develop or maintain cost estimates, forecasts, or cost models.",0.8895000000000001,0.0166,0.0,0.0055000000000000005,0.07730000000000001,0.011000000000000001,0.0
Develop or maintain internal or external company Web sites.,0.598,0.2152,0.0046,0.0038,0.1776,0.0008,0.0
Develop or maintain online help documentation.,0.9220999999999999,0.0233,0.0044,0.0044,0.0437,0.0022,0.0
"Develop or recommend network security measures, such as firewalls, network security audits, or automated security probes.",0.8167,0.0917,0.0333,0.0083,0.05,0.0,0.0
Develop or review specifications for design or construction of security systems.,0.75,0.0625,0.0,0.0,0.1875,0.0,0.0
"Develop or specify standards, methods, or procedures to determine product quality or release readiness.",0.9024,0.048799999999999996,0.0,0.0,0.048799999999999996,0.0,0.0
"Develop or test models of alternate designs or processing methods to assess feasibility, sustainability, operating condition effects, potential new applications, or necessity of modification.",0.7951999999999999,0.12050000000000001,0.0,0.0,0.0843,0.0,0.0
Develop or track quality metrics.,0.9048,0.047599999999999996,0.047599999999999996,0.0,0.0,0.0,0.0
"Develop or update project plans for information technology projects including information such as project objectives, technologies, systems, information specifications, schedules, funding, and staffing.",0.852,0.06860000000000001,0.0054,0.0072,0.065,0.0018,0.0
"Develop or update project plans including information such as objectives, technologies, schedules, funding, and staffing.",0.8261,0.0584,0.0068000000000000005,0.0163,0.091,0.0014000000000000002,0.0
"Develop or validate product-specific test protocols, acceptance thresholds, or inspection tools for quality control testing or performance measurement.",0.9390999999999999,0.0087,0.0,0.0,0.052199999999999996,0.0,0.0
"Develop plans or materials to communicate organizational activities that are beneficial to the environment, public safety, or other important social issues.",0.831,0.0352,0.0,0.021099999999999997,0.1127,0.0,0.0
"Develop plans to safeguard computer files against accidental or unauthorized modification, destruction, or disclosure and to meet emergency data processing needs.",0.68,0.08,0.08,0.04,0.12,0.0,0.0
"Develop product packaging, display, and pricing strategies.",0.6875,0.0625,0.0313,0.0,0.2188,0.0,0.0
Develop program plans for individuals or assist in plan development.,0.7066,0.04190000000000001,0.029900000000000003,0.012,0.2036,0.006,0.0
"Develop project-specific data management plans that address areas such as coding, reporting, or transfer of data, database locks, and work flow processes.",0.6875,0.09380000000000001,0.0313,0.0,0.1875,0.0,0.0
Develop promotions for current programs and specials.,0.7646999999999999,0.049,0.0196,0.0392,0.1275,0.0,0.0
Develop proposals that include documentation for estimates.,0.4286,0.0,0.0,0.0,0.5714,0.0,0.0
Develop prospect lists.,0.9063,0.042300000000000004,0.003,0.0121,0.0363,0.0,0.0
"Develop recipes and menus to address special nutrition needs, such as low glycemic, low histamine, or gluten- or allergen-free.",0.9068,0.0,0.0,0.0,0.0932,0.0,0.0
Develop sales plans to introduce products in new markets.,0.9375,0.0625,0.0,0.0,0.0,0.0,0.0
Develop sales presentations or proposals to explain service specifications.,0.8593999999999999,0.020099999999999996,0.0,0.0313,0.08929999999999999,0.0,0.0
Develop software to control electrical systems.,0.8201999999999999,0.0843,0.0,0.005600000000000001,0.08990000000000001,0.0,0.0
Develop specialized computer software routines to customize and integrate image analysis.,0.5405,0.2703,0.0541,0.0,0.1351,0.0,0.0
"Develop specifications for equipment, tools, facility layouts, or material-handling systems.",0.8049,0.024399999999999998,0.0,0.0,0.1707,0.0,0.0
"Develop statistical models or simulations, using statistical or modeling software.",0.7959,0.12240000000000001,0.0,0.0,0.0816,0.0,0.0
Develop story lines for broadcasts.,0.6246,0.26280000000000003,0.0,0.0,0.11259999999999999,0.0,0.0
"Develop story or content ideas, considering reader or audience appeal.",0.7774,0.1069,0.0051,0.0151,0.0917,0.0038,0.0
Develop strategies to encourage new or increased contributions.,0.5,0.16670000000000001,0.11109999999999999,0.11109999999999999,0.11109999999999999,0.0,0.0
Develop system interaction or sequence diagrams.,0.7770999999999999,0.051,0.0255,0.0127,0.1274,0.0064,0.0
"Develop teaching aids, such as instructional software, multimedia visual aids, or study materials.",0.9470999999999999,0.0139,0.0028000000000000004,0.0,0.0362,0.0,0.0
"Develop teaching materials, such as syllabi, visual aids, answer keys, supplementary notes, or course Web sites.",0.8588,0.0176,0.0059,0.0039000000000000003,0.1118,0.002,0.0
"Develop teaching or training materials, such as handouts, study materials, or quizzes.",0.9484,0.0083,0.0031,0.0029,0.0363,0.001,0.0
Develop technical specifications for data management programming and communicate needs to information technology staff.,0.5861999999999999,0.2414,0.0,0.0,0.1724,0.0,0.0
Develop testing and evaluation procedures.,0.8966,0.0,0.0345,0.0,0.069,0.0,0.0
"Develop testing programs that address areas such as database impacts, software scenarios, regression testing, negative testing, error or bug retests, or usability.",0.8421,0.1316,0.0,0.0,0.0,0.0263,0.0
Develop testing routines and procedures.,0.8682,0.0233,0.0,0.0078000000000000005,0.0775,0.0233,0.0
"Develop the technical portions of legal documents, administrative orders, or consent decrees.",0.8462000000000001,0.0,0.0,0.0,0.15380000000000002,0.0,0.0
Develop training programs or routines designed to improve athletic performance.,0.7315,0.0738,0.0403,0.0268,0.1208,0.0067,0.0
"Develop transactional Web applications, using Web programming software and knowledge of programming languages, such as hypertext markup language (HTML) and extensible markup language (XML).",0.8454999999999999,0.0638,0.0009,0.0009,0.0885,0.0004,0.0
Develop treatment goals for individuals based on their assessments.,0.7885,0.0192,0.0385,0.0,0.15380000000000002,0.0,0.0
Develop work or security procedures.,0.8088,0.1175,0.006500000000000001,0.0317,0.028900000000000002,0.006500000000000001,0.0
"Develop work plans, including writing specifications or establishing material, manpower, or facilities needs.",0.8889,0.0509,0.009300000000000001,0.0231,0.0278,0.0,0.0
"Develop, document, and revise system design procedures, test procedures, and quality standards.",0.6303,0.1317,0.005600000000000001,0.013999999999999999,0.2101,0.0084,0.0
"Develop, document, or maintain standards, best practices, or system usage procedures.",0.6585,0.1382,0.013600000000000001,0.024399999999999998,0.1572,0.008100000000000001,0.0
"Develop, maintain, or analyze budgets, preparing periodic reports that compare budgeted costs to actual costs.",0.88,0.0,0.04,0.04,0.04,0.0,0.0
"Develop, present, or respond to proposals for specific customer requirements, including request for proposal responses and industry-specific solutions.",0.8595999999999999,0.0175,0.0058,0.011699999999999999,0.10529999999999999,0.0,0.0
"Develop, validate, and document test routines and schedules to ensure that test cases mimic external interfaces and address all browser and device types.",0.8945000000000001,0.0691,0.0,0.0073,0.0291,0.0,0.0
"Devise or evaluate methods and procedures for collecting data, such as surveys, opinion polls, and questionnaires.",0.9017000000000001,0.0072,0.0043,0.0173,0.0072,0.0621,0.0
Devise scenario analyses reflecting possible severe market events.,0.9375,0.0125,0.0083,0.0,0.025,0.0167,0.0
"Devise, select, or purchase domain name and web address.",0.7945,0.06849999999999999,0.0,0.0,0.13699999999999998,0.0,0.0
"Diagnose and correct problems from remote locations, using special switchboards to find the sources of problems.",0.4255,0.5745,0.0,0.0,0.0,0.0,0.0
"Diagnose mechanical problems and determine how to correct them, checking blueprints, repair manuals, or parts catalogs, as necessary.",0.8,0.12,0.0,0.08,0.0,0.0,0.0
Diagnose performance problems by reviewing reports or documentation from customers or field engineers or by inspecting malfunctioning or damaged products.,0.7945,0.1259,0.0242,0.0139,0.0139,0.0277,0.0
Diagnose problems with installed equipment.,0.5548,0.3721,0.0206,0.0176,0.0248,0.0101,0.0
"Diagnose, troubleshoot, and resolve hardware, software, or other network and system problems, and replace defective components when necessary.",0.5192,0.4646,0.0067,0.0022,0.005,0.0022,0.0
Direct and coordinate activities of assistants and other personnel during production.,0.5097999999999999,0.3725,0.0196,0.0392,0.0588,0.0,0.0
"Direct daily operations of department, analyzing workflow, establishing priorities, developing standards and setting deadlines.",0.9179,0.0672,0.0,0.0149,0.0,0.0,0.0
"Direct daily operations of departments, coordinating project activities with other departments.",0.7297,0.18469999999999998,0.0,0.06309999999999999,0.0225,0.0,0.0
"Direct marketing, advertising, or other customer recruitment efforts.",0.9,0.0167,0.0,0.05,0.0333,0.0,0.0
"Direct, plan, or implement policies, objectives, or activities of organizations or businesses to ensure continuing operations, to maximize returns on investments, or to increase productivity.",0.7222,0.19440000000000002,0.0,0.0833,0.0,0.0,0.0
"Discard or reject products, materials, or equipment not meeting specifications.",0.9529000000000001,0.011399999999999999,0.0,0.0016,0.0032,0.0308,0.0
Discuss data presentation requirements with clients.,0.6333,0.0667,0.0,0.1,0.2,0.0,0.0
"Discuss emerging compliance issues to ensure that management and employees are informed about compliance reporting systems, policies, and practices.",0.7725,0.0317,0.0794,0.0317,0.0529,0.0317,0.0
Discuss financial options with clients and keep them informed about transactions.,0.6392,0.0825,0.1959,0.030899999999999997,0.030899999999999997,0.0206,0.0
Discuss production requirements with clients.,0.6347999999999999,0.1304,0.0,0.087,0.1478,0.0,0.0
Discuss test results and analyses with customers.,0.4839,0.1935,0.0645,0.0645,0.0645,0.129,0.0
"Discuss use and features of various parts, based on knowledge of machines or equipment.",0.5738,0.16390000000000002,0.18030000000000002,0.032799999999999996,0.016399999999999998,0.032799999999999996,0.0
"Dispense medical devices or drugs, and calculate dosages and provide instructions as necessary.",0.8462000000000001,0.0385,0.0,0.0385,0.07690000000000001,0.0,0.0
Distribute production schedules or work orders to departments.,0.963,0.0,0.0,0.037000000000000005,0.0,0.0,0.0
"Document account activities, generate reports, and keep records of business transactions with customers and suppliers.",0.9573999999999999,0.0426,0.0,0.0,0.0,0.0,0.0
"Document and communicate database schemas, using accepted notations.",0.6779999999999999,0.0508,0.0,0.08470000000000001,0.1864,0.0,0.0
Document application and Web site changes or change procedures.,0.7143,0.09519999999999999,0.0,0.047599999999999996,0.1429,0.0,0.0
"Document design specifications, installation instructions, and other system-related information.",0.9112,0.0304,0.0053,0.011699999999999999,0.038,0.0034999999999999996,0.0
"Document evaluations, treatment plans, case summaries, or progress or other reports related to individual clients or client groups.",0.9194,0.0161,0.0,0.0161,0.0484,0.0,0.0
"Document findings of study and prepare recommendations for implementation of new systems, procedures, or organizational changes.",0.8329000000000001,0.0471,0.0212,0.0141,0.0824,0.0024,0.0
Document help desk requests and resolutions.,0.8288,0.09910000000000001,0.0,0.0541,0.018000000000000002,0.0,0.0
Document installation or configuration procedures to allow maintenance and repetition.,0.6,0.2286,0.0,0.0286,0.1429,0.0,0.0
Document penetration test findings.,0.9031999999999999,0.0591,0.0,0.0,0.037599999999999995,0.0,0.0
"Document software defects, using a bug tracking system, and report defects to software developers.",0.8487,0.0672,0.0,0.042,0.042,0.0,0.0
Document specimens by verifying patients' and specimens' information.,0.9565,0.0,0.0,0.0435,0.0,0.0,0.0
"Document test plans, testing procedures, or test results.",0.8889,0.047599999999999996,0.0,0.0,0.0635,0.0,0.0
"Document user support activity, such as system problems, corrective actions, resolution status, and completed equipment installations.",0.7820999999999999,0.13970000000000002,0.011200000000000002,0.050300000000000004,0.005600000000000001,0.011200000000000002,0.0
"Draw conclusions or make predictions, based on data summaries or statistical analyses.",0.9690000000000001,0.0123,0.0023,0.0068000000000000005,0.003,0.0066,0.0
Draw up detailed specifications and discuss projects with customers.,0.5357,0.17859999999999998,0.0,0.1429,0.1429,0.0,0.0
"Edit instructional materials, such as books, simulation exercises, lesson plans, instructor guides, and tests.",0.8564,0.0495,0.0,0.0,0.07919999999999999,0.0149,0.0
"Edit or rewrite existing written material as necessary, and submit written material for approval by supervisor, editor, or publisher.",0.9520000000000001,0.0207,0.0005,0.0024,0.0231,0.0014000000000000002,0.0
"Edit, standardize, or make changes to material prepared by other writers or establishment personnel.",0.9439,0.0189,0.0004,0.0034999999999999996,0.0274,0.0059,0.0
"Educate athletes or coaches on techniques to improve athletic performance, such as heart rate monitoring, recovery techniques, hydration strategies, or training limits.",0.7056,0.1121,0.1075,0.027999999999999997,0.0467,0.0,0.0
"Educate patients about diagnoses, prognoses, or treatments.",0.6667000000000001,0.0,0.3333,0.0,0.0,0.0,0.0
"Educate patients and family members regarding prenatal, intrapartum, postpartum, newborn, or interconception care.",0.6667000000000001,0.0417,0.25,0.0,0.0,0.0417,0.0
"Educate patients regarding treatment plans, physiological reactions to treatment, or post-treatment care.",0.4732,0.0848,0.3839,0.0268,0.0313,0.0,0.0
"Electronically sort and compile text and numerical data, retrieving, updating, and merging documents as required.",0.9196,0.018799999999999997,0.001,0.048799999999999996,0.011399999999999999,0.0003,0.0
Emphasize or recommend service features based on knowledge of customers' needs and vendor capabilities and limitations.,0.8658,0.046799999999999994,0.0291,0.0269,0.024700000000000003,0.0066,0.0
"Emphasize product features, based on analyses of customers' needs and on technical knowledge of product capabilities and limitations.",0.8009000000000001,0.0173,0.132,0.0281,0.0173,0.0043,0.0
Employ financial models to develop solutions to financial problems or to assess the financial or capital impact of transactions.,0.871,0.0645,0.0323,0.0,0.0323,0.0,0.0
"Encourage clients to express their feelings and discuss what is happening in their lives, helping them to develop insight into themselves or their relationships.",0.1773,0.23420000000000002,0.1054,0.4036,0.0291,0.050300000000000004,0.0
Encourage participants to develop their own activities and leadership skills through group discussions.,0.4667,0.0667,0.1167,0.3,0.0,0.05,0.0
"Encourage patients to develop work skills and to participate in social, recreational, or other therapeutic activities that enhance interpersonal skills or develop social relationships.",0.5639,0.1674,0.0132,0.22469999999999998,0.0176,0.0132,0.0
Encourage students to explore learning opportunities or persevere with challenging tasks to prepare them for later grades.,0.3455,0.2182,0.0364,0.3636,0.0364,0.0,0.0
Enroll individuals to participate in programs and notify them of their acceptance.,0.8226,0.0806,0.0,0.0968,0.0,0.0,0.0
Enter and update patrons' records on computers.,0.7646999999999999,0.1373,0.0,0.0784,0.0196,0.0,0.0
"Enter claim payments, reserves and new claims on computer system, inputting concise yet sufficient file documentation.",0.875,0.0625,0.0,0.0,0.0625,0.0,0.0
Enter codes and instructions to program computer-controlled machinery.,0.8,0.04,0.0,0.16,0.0,0.0,0.0
Enter codes needed to correct electronic switching system programming.,0.9048,0.0,0.0,0.0,0.09519999999999999,0.0,0.0
Enter commands and observe system functioning to verify correct operations and detect errors.,0.8297,0.14429999999999998,0.0,0.0089,0.0038,0.0132,0.0
"Enter commands or load control media, such as tapes, cards, or disks, into machine controllers to retrieve programmed instructions.",0.8689,0.0,0.0,0.1148,0.016399999999999998,0.0,0.0
Enter customers' transactions into computers to record transactions and issue computer-generated receipts.,0.7912,0.17579999999999998,0.0055000000000000005,0.011000000000000001,0.0165,0.0,0.0
Enter data into computers for use in analyses or reports.,0.9117000000000001,0.0483,0.0007000000000000001,0.0255,0.0121,0.0017000000000000001,0.0
"Enter data, such as coordinates of images and color specifications, into system to retouch and make color corrections.",0.85,0.1,0.0,0.0,0.05,0.0,0.0
"Enter data, such as demographic characteristics, history and extent of disease, diagnostic procedures, or treatment into computer.",0.9608,0.0392,0.0,0.0,0.0,0.0,0.0
"Enter information into computer to copy program or to draw, modify, or store schematics, applying knowledge of software package used.",0.9483,0.051699999999999996,0.0,0.0,0.0,0.0,0.0
"Enter information into computerized court calendar, filing, or case management systems.",0.9231,0.057699999999999994,0.0,0.0096,0.0096,0.0,0.0
Enter insurance- and claims-related information into database systems.,0.895,0.08560000000000001,0.0028000000000000004,0.0055000000000000005,0.011000000000000001,0.0,0.0
Enter into record-keeping systems appropriate data needed to create new title records or to update existing ones.,0.833,0.0967,0.0018,0.0334,0.0264,0.0088,0.0
Enter logistics-related data into databases.,0.855,0.10039999999999999,0.0,0.026000000000000002,0.0149,0.0037,0.0
"Enter or retrieve information from structural databases, protein sequence motif databases, mutation databases, genomic databases or gene expression databases.",0.9459000000000001,0.048600000000000004,0.0054,0.0,0.0,0.0,0.0
Enter shipping information into a computer by hand or by a hand-held scanner that reads bar codes on goods.,0.6071,0.39289999999999997,0.0,0.0,0.0,0.0,0.0
"Enter text into computer keyboard and select the size and style of type, column width, and appropriate spacing for printed materials.",0.8504,0.0787,0.0,0.0315,0.0394,0.0,0.0
"Enter, store, and retrieve information on computer-aided equipment.",0.8395,0.12369999999999999,0.0,0.023399999999999997,0.0134,0.0,0.0
"Establish and maintain effective working relationships with clients, government officials, and media representatives and use these relationships to develop new business opportunities.",0.8484999999999999,0.0909,0.0,0.030299999999999997,0.030299999999999997,0.0,0.0
"Establish and maintain inventory, records, or documentation systems.",0.8701000000000001,0.039,0.0,0.0779,0.013000000000000001,0.0,0.0
Establish and maintain relationships with individual or business customers or provide assistance with problems these customers may encounter.,0.24280000000000002,0.11939999999999999,0.008,0.6174000000000001,0.0085,0.004,0.0
Establish and maintain relationships with individuals who are credible sources of information.,0.7273000000000001,0.0727,0.0,0.1818,0.0182,0.0,0.0
"Establish and prepare product construction directions and locations and information on required tools, materials, equipment, numbers of workers needed, and cost projections.",0.8611,0.0,0.0,0.0278,0.11109999999999999,0.0,0.0
Establish appropriate server directory trees.,0.6,0.28,0.0,0.0,0.12,0.0,0.0
Establish new computer accounts.,0.7584000000000001,0.21559999999999999,0.0037,0.0074,0.0149,0.0,0.0
"Establish or implement departmental policies, goals, objectives, or procedures in conjunction with board members, organization officials, or staff members.",0.8462000000000001,0.0,0.0,0.07690000000000001,0.07690000000000001,0.0,0.0
Establish pace of programs and sequences of scenes according to time requirements and cast and set accessibility.,0.8406999999999999,0.0708,0.0,0.0088,0.0796,0.0,0.0
Establish production or quality control standards.,0.7358,0.056600000000000004,0.0189,0.0,0.1887,0.0,0.0
Establish system operating or training requirements to ensure optimized human-machine interfaces.,0.75,0.0625,0.0,0.0625,0.125,0.0,0.0
Establish tables of accounts and assign entries to proper accounts.,0.9,0.05,0.0,0.0,0.05,0.0,0.0
"Estimate costs, production times, or staffing requirements for new designs.",0.9259000000000001,0.0,0.0741,0.0,0.0,0.0,0.0
Estimate material or worker requirements to complete jobs.,0.9403,0.0,0.0,0.0,0.059699999999999996,0.0,0.0
"Estimate material requirements and costs, and present design to client for approval.",0.7197,0.030299999999999997,0.0076,0.0076,0.2273,0.0076,0.0
"Estimate material, time, and staffing requirements for a given project, based on work orders, job specifications, and experience.",0.9643,0.0,0.0,0.0,0.035699999999999996,0.0,0.0
"Estimate or quote prices, credit or contract terms, warranties, and delivery dates.",0.8773000000000001,0.0675,0.0,0.0060999999999999995,0.049100000000000005,0.0,0.0
"Estimate the amounts, types, or costs of needed materials.",0.7831999999999999,0.049,0.0,0.006999999999999999,0.16079999999999997,0.0,0.0
"Estimate the costs of requested products or services such as custom footwear or footwear repair, and receive payment from customers.",0.9545,0.0,0.0,0.0,0.0455,0.0,0.0
Estimate time and materials needed to complete projects.,0.8671,0.0316,0.0127,0.0316,0.0443,0.0127,0.0
Evaluate advertising and promotion programs for compatibility with fundraising efforts.,0.9444,0.0278,0.0,0.0,0.0,0.0278,0.0
Evaluate advertising and promotion programs for compatibility with public relations efforts.,0.8964,0.0,0.0,0.0102,0.0051,0.0883,0.0
"Evaluate and approve proposals for sustainability projects, considering factors such as cost effectiveness, technical feasibility, and integration with other initiatives.",0.9556,0.0222,0.0,0.0,0.0,0.0222,0.0
"Evaluate and grade examinations, assignments, or papers, and record grades.",0.9047,0.0037,0.0009,0.0046,0.0046,0.0814,0.0
"Evaluate and grade students' class work, assignments, and papers.",0.9154000000000001,0.0021,0.0026,0.004699999999999999,0.011000000000000001,0.0643,0.0
"Evaluate and grade students' class work, assignments, papers, and oral presentations.",0.875,0.0,0.0,0.0417,0.0,0.0833,0.0
"Evaluate and grade students' class work, laboratory work, assignments, and papers.",0.9615,0.0,0.0,0.0,0.0385,0.0,0.0
Evaluate athletes' skills and review performance records to determine their fitness and potential in a particular area of athletics.,0.9245,0.056600000000000004,0.0,0.0189,0.0,0.0,0.0
Evaluate business operations to identify risk areas for fraud.,0.9545,0.0281,0.0,0.0,0.0087,0.0087,0.0
Evaluate capital needs of clients and assess market conditions to inform structuring of financial packages.,0.9412,0.0588,0.0,0.0,0.0,0.0,0.0
"Evaluate clients' physical or mental condition, based on review of client information.",0.9216,0.006500000000000001,0.0,0.0392,0.006500000000000001,0.026099999999999998,0.0
"Evaluate code to ensure that it is valid, is properly structured, meets industry standards, and is compatible with browsers, devices, or operating systems.",0.8771,0.051,0.0004,0.0043,0.0019,0.0653,0.0
Evaluate complaint and emergency-request information to determine response requirements.,0.9279000000000001,0.0187,0.0014000000000000002,0.0455,0.0017000000000000001,0.004699999999999999,0.0
"Evaluate current or emerging technologies to consider factors such as cost, portability, compatibility, or usability.",0.9068,0.011200000000000002,0.0199,0.0124,0.011200000000000002,0.0385,0.0
"Evaluate curricula, teaching methods, and programs to determine their effectiveness, efficiency, and use, and to ensure compliance with federal, state, and local regulations.",0.7848,0.005600000000000001,0.0028000000000000004,0.0148,0.0037,0.1883,0.0
"Evaluate customer records and recommend payment plans, based on earnings, savings data, payment history, and purchase activity.",0.6809000000000001,0.1489,0.0213,0.0,0.1489,0.0,0.0
"Evaluate customers' computerized credit records and payment histories to decide whether to approve new credit, based on predetermined standards.",0.9176000000000001,0.0471,0.0,0.0118,0.0,0.0235,0.0
Evaluate data pertaining to costs to plan budgets.,0.742,0.0742,0.0106,0.0212,0.1413,0.0106,0.0
Evaluate data processing proposals to assess project feasibility and requirements.,0.9806999999999999,0.003,0.0,0.0074,0.0,0.0089,0.0
Evaluate employee performance and prepare performance appraisals.,0.9712999999999999,0.0116,0.0006,0.005,0.005,0.0066,0.0
Evaluate employee performance.,0.9626,0.0187,0.0,0.0,0.0187,0.0,0.0
"Evaluate existing systems to determine effectiveness, and suggest changes to meet organizational requirements.",0.7757999999999999,0.0604,0.038599999999999995,0.0175,0.0779,0.0298,0.0
"Evaluate feasibility of design ideas, based on factors such as appearance, safety, function, serviceability, budget, production costs/methods, and market characteristics.",0.9721,0.0037,0.0011,0.001,0.004,0.0181,0.0
"Evaluate financial reporting systems, accounting or collection procedures, or investment activities and make recommendations for changes to procedures, operating systems, budgets, or other financial control functions.",0.7442,0.1628,0.0,0.0233,0.0698,0.0,0.0
Evaluate fitness and wellness programs to determine their effectiveness.,0.8519,0.0123,0.0,0.0,0.0,0.1358,0.0
"Evaluate information from documents, such as claim applications, birth or death certificates, or physician or employer records.",0.981,0.0,0.0,0.0,0.0063,0.0127,0.0
"Evaluate instructor performance and the effectiveness of training programs, providing recommendations for improvement.",0.9137000000000001,0.0034000000000000002,0.006,0.0086,0.0052,0.06309999999999999,0.0
Evaluate label information for accuracy and conformance to regulatory requirements.,0.8794,0.0070999999999999995,0.0,0.0,0.0,0.11349999999999999,0.0
Evaluate manufactured products according to specifications and quality standards.,0.9451,0.002,0.0008,0.0037,0.0014000000000000002,0.046900000000000004,0.0
Evaluate marketing or sales alternatives for products.,0.623,0.06559999999999999,0.032799999999999996,0.016399999999999998,0.2459,0.016399999999999998,0.0
"Evaluate new and existing programming to assess suitability and the need for changes, using information such as audience surveys and feedback.",0.7609,0.0761,0.0,0.0,0.0652,0.0978,0.0
Evaluate new emerging media or technologies and make recommendations for their application within Internet marketing or search marketing campaigns.,0.9153,0.0053,0.0688,0.0,0.0053,0.0053,0.0
Evaluate new products for usefulness and suitability.,0.9515,0.0,0.0,0.0,0.0036,0.0449,0.0
Evaluate new technologies and methods to make recommendations regarding their use.,0.6007,0.061900000000000004,0.2141,0.028999999999999998,0.0791,0.0152,0.0
Evaluate or recommend software for testing or bug tracking.,0.8797,0.015,0.015,0.0,0.0075,0.0827,0.0
Evaluate patients' behavior to formulate diagnoses or assess treatments.,0.9538,0.0308,0.0,0.0154,0.0,0.0,0.0
"Evaluate processes and technologies, and suggest revisions to increase productivity and efficiency.",0.665,0.0709,0.066,0.024399999999999998,0.0929,0.08070000000000001,0.0
"Evaluate product data or design from inspections or reports for conformance to engineering principles, customer requirements, environmental regulations, or quality standards.",0.8887999999999999,0.019299999999999998,0.0013,0.0028000000000000004,0.0054,0.0824,0.0
"Evaluate programs and policies, and make related recommendations to institutions and organizations.",0.9116,0.0,0.013600000000000001,0.013600000000000001,0.034,0.027200000000000002,0.0
Evaluate project plans and proposals to assess feasibility issues.,0.8651000000000001,0.0024,0.0072,0.0072,0.0072,0.1108,0.0
"Evaluate project work to ensure effectiveness, technical adequacy, or compatibility in the resolution of complex electronics engineering problems.",0.9068999999999999,0.0,0.0,0.0121,0.016200000000000003,0.06480000000000001,0.0
"Evaluate remote sensing project requirements to determine the types of equipment or computer software necessary to meet project requirements, such as specific image types or output resolutions.",1.0,0.0,0.0,0.0,0.0,0.0,0.0
Evaluate robotic systems or prototypes.,0.9615,0.0,0.0,0.0,0.0,0.0385,0.0
"Evaluate services received on the tour, and report findings to tour organizers.",0.72,0.0,0.0,0.08,0.0,0.2,0.0
"Evaluate sources of information to determine any limitations, in terms of reliability or usability.",0.9676,0.004699999999999999,0.0009,0.009000000000000001,0.0028000000000000004,0.015,0.0
"Evaluate students' or individuals' abilities, interests, and personality characteristics, using tests, records, interviews, or professional sources.",0.9899,0.0034999999999999996,0.0,0.0022,0.0022,0.0022,0.0
"Evaluate subcontractors or subcontractor bids for quality, cost, and reliability.",0.9444,0.0,0.0,0.0111,0.0444,0.0,0.0
Evaluate technical specifications and economic factors relating to process or product design objectives.,0.9106000000000001,0.014499999999999999,0.0111,0.006,0.013600000000000001,0.0443,0.0
Evaluate the effectiveness of counseling programs on clients' progress in resolving identified problems and moving towards defined objectives.,1.0,0.0,0.0,0.0,0.0,0.0,0.0
"Evaluate the financial aspects of product development, such as budgets, expenditures, research and development appropriations, or return-on-investment and profit-loss projections.",0.7837999999999999,0.1459,0.0054,0.0,0.032400000000000005,0.032400000000000005,0.0
"Evaluate the potential of new product developments or market opportunities, according to factors such as business plans, technologies, or market potential.",0.981,0.0063,0.0007000000000000001,0.0015,0.0067,0.0037,0.0
"Evaluate the statistical methods and procedures used to obtain data to ensure validity, applicability, efficiency, and accuracy.",0.9323999999999999,0.0178,0.0,0.0070999999999999995,0.014199999999999999,0.0285,0.0
"Evaluate the structure, efficiency, activities, and performance of government agencies.",0.9706,0.0196,0.0,0.0098,0.0,0.0,0.0
Evaluate tool drawing designs by measuring drawing dimensions and comparing with original specifications for form and function using engineering skills.,0.8704000000000001,0.018500000000000003,0.0,0.0,0.0926,0.018500000000000003,0.0
Evaluate workers' performance and prepare written performance evaluations.,0.8946999999999999,0.0263,0.0,0.0263,0.0526,0.0,0.0
"Examine and analyze data from ground surveys, reports, aerial photographs, and satellite images to prepare topographic maps, aerial-photograph mosaics, and related charts.",0.993,0.0,0.0,0.0,0.006999999999999999,0.0,0.0
"Examine and evaluate financial and information systems, recommending controls to ensure system reliability and data integrity.",0.8787999999999999,0.030299999999999997,0.0,0.0,0.030299999999999997,0.060599999999999994,0.0
"Examine carrier operating rules, employee qualification guidelines, or carrier training and testing programs for compliance with regulations or safety standards.",0.9018,0.0089,0.0,0.0089,0.0,0.08039999999999999,0.0
"Examine documentation such as mortgages, liens, judgments, easements, plat books, maps, contracts, and agreements to verify factors such as properties' legal descriptions, ownership, or restrictions.",0.9795999999999999,0.0204,0.0,0.0,0.0,0.0,0.0
"Examine documents to determine degree of risk from factors such as applicant health, financial standing and value, and condition of property.",0.9882,0.0,0.0,0.0118,0.0,0.0,0.0
"Examine documents, materials, or products and monitor work processes to assess completeness, accuracy, and conformance to standards and specifications.",0.8109999999999999,0.0132,0.0008,0.0059,0.0024,0.1666,0.0
Examine employee files to answer inquiries and provide information for personnel actions.,0.8556999999999999,0.0722,0.0103,0.0103,0.0206,0.030899999999999997,0.0
Examine incoming or outgoing mail to ensure conformance with regulations.,0.9539,0.0018,0.0,0.0108,0.0005,0.033,0.0
Examine legal data to determine advisability of defending or prosecuting lawsuit.,0.987,0.0,0.0,0.013000000000000001,0.0,0.0,0.0
Examine legal documents submitted to courts for adherence to laws or court procedures.,0.8626999999999999,0.0,0.0,0.0,0.0098,0.1275,0.0
"Examine merchandise to ensure correct pricing and display, and that it functions as advertised.",0.9375,0.0,0.0,0.0,0.0,0.0625,0.0
Examine merchandise to ensure that it is correctly priced and displayed and that it functions as advertised.,0.9473999999999999,0.0526,0.0,0.0,0.0,0.0,0.0
"Examine news items of local, national, and international significance to determine topics to address, or obtain assignments from editorial staff members.",0.9412,0.0147,0.0,0.0,0.0441,0.0,0.0
Examine or test operation of parts or systems to ensure completeness of repairs.,0.8421,0.15789999999999998,0.0,0.0,0.0,0.0,0.0
Examine products purchased for resale or received for storage to assess the condition of each product or item.,0.9708,0.0125,0.0,0.0,0.0,0.0167,0.0
Examine products purchased for resale or received for storage to determine product condition.,0.9934999999999999,0.0,0.0,0.006500000000000001,0.0,0.0,0.0
Examine products to verify conformance to quality standards.,0.9556,0.0222,0.0,0.0,0.0,0.0222,0.0
Examine records to locate links in chains of evidence or information.,0.9143000000000001,0.0571,0.0,0.0,0.0286,0.0,0.0
"Examine records, reports, or other documents to establish facts or detect discrepancies.",0.925,0.029500000000000002,0.0,0.0023,0.0023,0.0409,0.0
"Examine, evaluate, or process loan applications.",0.8537,0.122,0.0,0.0,0.024399999999999998,0.0,0.0
"Examine, select, order, or purchase merchandise consistent with quality, quantity, specification requirements, or other factors, such as environmental soundness.",0.7143,0.2857,0.0,0.0,0.0,0.0,0.0
Execute wire transfers of funds.,0.875,0.1042,0.0,0.0,0.0208,0.0,0.0
Expand or modify system to serve new purposes or improve work flow.,0.6515000000000001,0.17379999999999998,0.0073,0.0004,0.1661,0.0008,0.0
Explain changes in contract provisions to customers.,0.9697,0.030299999999999997,0.0,0.0,0.0,0.0,0.0
"Explain company personnel policies, benefits, and procedures to employees or job applicants.",0.7273000000000001,0.0455,0.1818,0.0455,0.0,0.0,0.0
Explain company policies and procedures to staff using oral or written communication.,0.5,0.0,0.35,0.0,0.05,0.1,0.0
"Explain drawings to production or construction teams and provide adjustments, as necessary.",0.6,0.0,0.3333,0.0,0.0,0.0667,0.0
Explain economic impact of policies to the public.,0.5769,0.0,0.34619999999999995,0.0,0.0385,0.0385,0.0
Explain federal and state tax laws to individuals and companies.,0.7436,0.0128,0.2051,0.0,0.0256,0.0128,0.0
"Explain general financial topics to clients, such as credit report ratings, bankruptcy laws, consumer protection laws, wage attachments, or collection actions.",0.3333,0.0,0.6667000000000001,0.0,0.0,0.0,0.0
"Explain goals, policies, or procedures to staff members.",0.8088,0.0294,0.0441,0.0735,0.0441,0.0,0.0
Explain medical instructions to patients or family members.,0.7606999999999999,0.030699999999999998,0.1779,0.0060999999999999995,0.0123,0.0123,0.0
"Explain policies, procedures, or services to patients using medical or administrative knowledge.",0.7778,0.0,0.1333,0.0222,0.0,0.0667,0.0
"Explain principles, techniques, and safety procedures to participants in recreational activities and demonstrate use of materials and equipment.",0.3636,0.3455,0.2545,0.0182,0.0182,0.0,0.0
Explain procedures and discuss test results or prescribed treatments with patients.,0.6857,0.1143,0.1714,0.0,0.0286,0.0,0.0
Explain products or services and prices and demonstrate use of products.,0.7636,0.0,0.1273,0.1091,0.0,0.0,0.0
"Explain products or services and prices, and answer questions from customers.",0.625,0.0857,0.1858,0.0758,0.0215,0.0060999999999999995,0.0
"Explain proposed solutions to customers, management, or other interested parties through written proposals and oral presentations.",0.8993000000000001,0.0375,0.006999999999999999,0.0141,0.0375,0.004699999999999999,0.0
"Explain recommendations, policies, procedures, requirements, or other related information to residents or building owners.",0.7258,0.0161,0.121,0.1048,0.0,0.0323,0.0
"Explain services or policies to clients, such as debt management program rules, advantages and disadvantages of using services, or creditor concession policies.",0.5625,0.09380000000000001,0.3125,0.0313,0.0,0.0,0.0
Explain sociological research to the general public.,0.5625,0.0625,0.375,0.0,0.0,0.0,0.0
"Extend existing software programs, web-based interactive tools, or database queries as sequence management and analysis needs evolve.",0.6207,0.1789,0.0055000000000000005,0.0022,0.19219999999999998,0.0006,0.0
Facilitate organizational development and change.,0.5832999999999999,0.131,0.047599999999999996,0.059500000000000004,0.17859999999999998,0.0,0.0
File and maintain records.,0.9227,0.038599999999999995,0.0,0.0169,0.0217,0.0,0.0
"File data and related information, and maintain and update databases.",0.851,0.0898,0.0044,0.0329,0.0219,0.0,0.0
"File scouting reports that detail player assessments, provide recommendations on athlete recruitment, and identify locations and individuals to be targeted for future recruitment efforts.",0.9565,0.0435,0.0,0.0,0.0,0.0,0.0
"Fill customer orders from stock, and place orders when requested items are out of stock.",0.7487999999999999,0.24170000000000003,0.0,0.004699999999999999,0.004699999999999999,0.0,0.0
"Find, retrieve, and make copies of information from files in response to requests and deliver information to authorized users.",0.8517,0.06,0.0346,0.0218,0.0273,0.0046,0.0
"Forecast and track marketing and sales trends, analyzing collected data.",0.9134,0.0236,0.0039000000000000003,0.015700000000000002,0.0394,0.0039000000000000003,0.0
"Forecast political, economic, and social trends.",0.9556999999999999,0.0045000000000000005,0.0079,0.0015,0.0285,0.0019,0.0
"Formulate basic layout design or presentation approach and specify material details, such as style and size of type, photographs, graphics, animation, video, and sound.",0.8872,0.0313,0.0013,0.0013,0.07769999999999999,0.0013,0.0
Formulate general rules that describe and predict the development and behavior of cultures and social institutions.,0.9212,0.0103,0.020499999999999997,0.0308,0.0171,0.0,0.0
"Formulate mathematical models or other methods of computer analysis to develop, evaluate, or modify design, according to customer engineering requirements.",0.8354,0.0506,0.0127,0.0,0.0886,0.0127,0.0
"Formulate mathematical or simulation models of problems, relating constants and variables, restrictions, alternatives, conflicting objectives, and their numerical parameters.",0.9545999999999999,0.0288,0.0034000000000000002,0.0015,0.0102,0.0015,0.0
"Formulate predictions by interpreting environmental data, such as meteorological, atmospheric, oceanic, paleoclimate, climate, or related information.",0.9595,0.0203,0.0,0.0068000000000000005,0.0,0.013500000000000002,0.0
"Formulate, direct, or coordinate marketing activities or policies to promote products or services, working with advertising or promotion managers.",0.6333,0.16670000000000001,0.0,0.0,0.2,0.0,0.0
Furnish taxpayers with sufficient information and advice to ensure correct tax form completion.,0.5789,0.1789,0.1368,0.0105,0.0316,0.0632,0.0
"Gather and analyze research data, such as statutes, decisions, and legal articles, codes, and documents.",0.8295,0.0076,0.0458,0.0025,0.053399999999999996,0.0611,0.0
"Gather and compile data from hand count sheets, machine count tapes, or radar speed checks and code data for computer input.",1.0,0.0,0.0,0.0,0.0,0.0,0.0
"Gather and compile geographic data from sources such as censuses, field observations, satellite imagery, aerial photographs, and existing maps.",0.9523999999999999,0.0,0.0,0.023799999999999998,0.023799999999999998,0.0,0.0
"Gather and maintain patient information and records, including social or medical history obtained from patients, relatives, or other professionals.",0.4,0.52,0.0,0.04,0.04,0.0,0.0
Gather and organize information on problems or procedures.,0.8109999999999999,0.0998,0.0074,0.0591,0.018000000000000002,0.0048,0.0
"Gather client information from sources such as case documentation, client observation, or interviews of client or family members.",0.625,0.125,0.0,0.20829999999999999,0.0,0.0417,0.0
Gather cyber intelligence to identify vulnerabilities.,0.8592,0.11460000000000001,0.0024,0.0,0.0191,0.0048,0.0
"Gather data on competitors and analyze their prices, sales, and method of marketing and distribution.",0.8775,0.046900000000000004,0.0148,0.0096,0.0478,0.0034999999999999996,0.0
"Gather data pertaining to customer needs, and use the information to identify, predict, interpret, and evaluate system and network requirements.",0.9538,0.0297,0.0,0.009899999999999999,0.0066,0.0,0.0
"Gather diagnostic data from sources such as case documentation, observations of clients, or interviews with clients or family members.",0.7667,0.16670000000000001,0.0,0.0667,0.0,0.0,0.0
Gather financial documents related to investigations.,0.9523999999999999,0.0,0.0,0.0,0.047599999999999996,0.0,0.0
"Gather information and develop perspectives about news subjects through research, interviews, observation, and experience.",0.9167000000000001,0.0417,0.0,0.0417,0.0,0.0,0.0
"Gather information from agents concerning the pay, dates, times, provisions, and lengths of jobs.",0.7082999999999999,0.0833,0.0,0.20829999999999999,0.0,0.0,0.0
Gather information from prospective customers to identify their solar energy needs.,0.47619999999999996,0.3333,0.0,0.1905,0.0,0.0,0.0
Gather information on patients' illnesses and medical history to guide the choice of diagnostic procedures for therapy.,0.3871,0.5161,0.0323,0.0323,0.0,0.0323,0.0
"Gather intelligence information by field observation, confidential information sources, or public records.",0.6809000000000001,0.2553,0.0426,0.0,0.0213,0.0,0.0
"Gather records pertinent to specific problems, review them for completeness and accuracy, and attach records to correspondence as necessary.",0.8368000000000001,0.0632,0.0,0.0789,0.0105,0.0105,0.0
"Gather, analyze, correlate, or evaluate information from a variety of resources, such as law enforcement databases.",0.9,0.1,0.0,0.0,0.0,0.0,0.0
"Gather, analyze, or document user feedback to locate or resolve sources of problems.",0.9123,0.0407,0.0017000000000000001,0.0264,0.0172,0.0017000000000000001,0.0
"Gather, register, and arrange the material to be typed, following instructions.",0.9709,0.0194,0.0,0.0,0.0097,0.0,0.0
"Generate data queries, based on validation checks or errors and omissions identified during data entry, to resolve identified problems.",0.8116,0.139,0.0077,0.0034000000000000002,0.035,0.0034000000000000002,0.0
"Generate standard or custom reports summarizing business, financial, or economic data for review by executives, managers, clients, and other stakeholders.",0.9662000000000001,0.0109,0.0006,0.0019,0.0191,0.0014000000000000002,0.0
"Grade food products according to government regulations or according to type, color, bouquet, and moisture content.",1.0,0.0,0.0,0.0,0.0,0.0,0.0
"Grade homework and tests, and compute and record results, using answer sheets or electronic marking devices.",0.8261,0.0435,0.0,0.0,0.0,0.1304,0.0
Grade students' assignments and exams.,0.9365000000000001,0.0037,0.0012,0.0073,0.0037,0.047599999999999996,0.0
"Grade, classify, or sort products according to sizes, weights, colors, or other specifications.",0.9913,0.0014000000000000002,0.0,0.0018,0.0009,0.0046,0.0
Greet and register guests.,0.2415,0.0385,0.010700000000000001,0.7073,0.0,0.0021,0.0
Greet customers and ascertain what each customer wants or needs.,0.42560000000000003,0.1773,0.0118,0.36369999999999997,0.0174,0.0042,0.0
Greet customers and help them locate merchandise.,0.3608,0.1962,0.0,0.4177,0.0253,0.0,0.0
Greet customers and make them feel welcome.,0.047400000000000005,0.011899999999999999,0.0,0.9396,0.0005,0.0005,0.0
Greet customers entering establishments.,0.029300000000000003,0.0113,0.0,0.9595,0.0,0.0,0.0
Greet visitors or callers and handle their inquiries or direct them to the appropriate persons according to their needs.,0.5795,0.09849999999999999,0.0076,0.3078,0.0028000000000000004,0.0038,0.0
"Greet visitors, ascertain purpose of visit, and direct them to appropriate staff.",0.8,0.05,0.1,0.05,0.0,0.0,0.0
Guide and counsel students with adjustment or academic problems or special academic interests.,0.4211,0.12279999999999999,0.12279999999999999,0.1404,0.1404,0.0526,0.0
Guide and counsel students with adjustment or academic problems or with special academic interests.,0.2903,0.129,0.17739999999999997,0.129,0.1452,0.129,0.0
"Guide clients in the gathering of information, such as bank account records, income tax returns, life and disability insurance records, pension plans, or wills.",0.6207,0.3103,0.0345,0.0345,0.0,0.0,0.0
Guide design discussions between development teams.,0.42310000000000003,0.2692,0.0,0.3077,0.0,0.0,0.0
Handle customer complaints and take appropriate action to resolve them.,0.75,0.0,0.0,0.0625,0.1875,0.0,0.0
Hear and resolve complaints from customers or the public.,0.5659000000000001,0.20980000000000001,0.0049,0.18539999999999998,0.029300000000000003,0.0049,0.0
Help customers find the location of products.,0.8553000000000001,0.0351,0.0132,0.0702,0.0263,0.0,0.0
Identify and analyze industry or geographic trends with business strategy implications.,0.9,0.0067,0.0333,0.0,0.0533,0.0067,0.0
"Identify and classify documents or other electronic content according to characteristics such as security level, function, and metadata.",0.9623999999999999,0.014499999999999999,0.0,0.018799999999999997,0.0029,0.0014000000000000002,0.0
Identify and correct deviations from database development standards.,0.8421,0.10529999999999999,0.0,0.0,0.0526,0.0,0.0
"Identify and develop commercial or technical specifications, such as usability, pricing, checkout, or data security, to promote transactional internet-enabled commerce functionality.",0.7622,0.049,0.006999999999999999,0.021,0.15380000000000002,0.006999999999999999,0.0
"Identify and resolve conflicts related to the meanings of words, concepts, practices, or behaviors.",0.8421,0.0078000000000000005,0.0526,0.0253,0.013600000000000001,0.058499999999999996,0.0
Identify business problems or management objectives that can be addressed through data analysis.,0.95,0.0,0.0,0.0,0.05,0.0,0.0
Identify compliance issues that require follow-up or investigation.,0.9783,0.0,0.0217,0.0,0.0,0.0,0.0
"Identify factors that may affect patient management, such as age, gender, barriers to communication, and underlying disease.",0.9395,0.037200000000000004,0.004699999999999999,0.0,0.009300000000000001,0.009300000000000001,0.0
Identify interested and qualified customers to provide them with additional information.,0.9673,0.0225,0.0,0.008199999999999999,0.002,0.0,0.0
"Identify key risks and mitigating factors of potential investments, such as asset types and values, legal and ownership structures, professional reputations, customer bases, or industry segments.",0.9444,0.0278,0.0022,0.0015,0.0087,0.0155,0.0
"Identify main client groups and audiences, determine the best way to communicate publicity information to them, and develop and implement a communication plan.",0.7487999999999999,0.0725,0.0242,0.0048,0.14980000000000002,0.0,0.0
"Identify opportunities for strategic improvement or mitigation of business interruption and other risks caused by business, regulatory, or industry-specific change initiatives.",0.9309999999999999,0.0345,0.0,0.0,0.0345,0.0,0.0
Identify or develop business rules or standard operating procedures to streamline operating processes.,0.9,0.0333,0.0,0.0,0.0667,0.0,0.0
Identify or implement solutions to information security problems.,0.7587999999999999,0.14150000000000001,0.016200000000000003,0.0404,0.0256,0.0175,0.0
Identify or maintain links to and from other Web sites and check links to ensure proper functioning.,0.7707999999999999,0.16670000000000001,0.0,0.0,0.0625,0.0,0.0
"Identify or monitor current and potential customers, using business intelligence tools.",0.9698,0.011000000000000001,0.0021,0.0014000000000000002,0.0151,0.0007000000000000001,0.0
"Identify problems uncovered by testing or customer feedback, and correct problems or refer problems to appropriate personnel for correction.",0.35619999999999996,0.5793,0.0032,0.0043,0.054299999999999994,0.0028000000000000004,0.0
"Identify program deviance from standards, and suggest modifications to ensure compliance.",0.8201,0.0473,0.0118,0.004699999999999999,0.026000000000000002,0.08990000000000001,0.0
"Identify protocol problems, inform investigators of problems, or assist in problem resolution efforts, such as protocol revisions.",0.5385,0.1923,0.0,0.0256,0.24359999999999998,0.0,0.0
Identify quality problems and recommend solutions.,0.6215999999999999,0.1081,0.027000000000000003,0.0541,0.08109999999999999,0.1081,0.0
Identify quality problems or areas for improvement and recommend solutions.,0.9215000000000001,0.024300000000000002,0.0077,0.0063,0.0177,0.0225,0.0
"Identify relationships and trends in data, as well as any factors that could affect the results of research.",0.9495,0.0155,0.0088,0.0105,0.0103,0.0053,0.0
Identify relationships and trends or any factors that could affect the results of research.,0.9269,0.014199999999999999,0.0165,0.009399999999999999,0.0259,0.0070999999999999995,0.0
"Identify relevant guidance documents, international standards, or consensus standards.",0.9638,0.0039000000000000003,0.0039000000000000003,0.0111,0.0095,0.0078000000000000005,0.0
"Identify security system weaknesses, using penetration tests.",0.6709,0.31079999999999997,0.0011,0.0055000000000000005,0.0076,0.0040999999999999995,0.0
"Identify solutions to business problems, such as budgeting, staffing, and marketing decisions, using the results of data analysis.",0.9304000000000001,0.0344,0.0092,0.0038,0.0199,0.0023,0.0
"Identify staff vacancies and recruit, interview, and select applicants.",0.8889,0.0,0.0,0.0833,0.0,0.0278,0.0
Identify training and development needs.,0.8278,0.0431,0.0144,0.0383,0.0766,0.0,0.0
Identify transaction mistakes when debits and credits do not balance.,0.8378,0.1351,0.0,0.0,0.027000000000000003,0.0,0.0
"Identify, analyze, and document problems with program function, output, online screen, or content.",0.7221,0.22690000000000002,0.0066,0.0086,0.0252,0.0105,0.0
"Identify, classify, and study structure, behavior, ecology, physiology, nutrition, culture, and distribution of plant and animal species.",0.9358,0.0,0.0275,0.0092,0.0,0.0275,0.0
"Identify, collect, record, or analyze data relevant to the nursing care of patients.",0.9615,0.0,0.0,0.0154,0.0154,0.0077,0.0
"Identify, compile, abstract, and code patient data, using standard classification systems.",0.9742000000000001,0.0,0.0,0.0086,0.0172,0.0,0.0
"Identify, develop, or evaluate marketing strategy, based on knowledge of establishment objectives, market characteristics, and cost and markup factors.",0.86,0.0341,0.0127,0.0066,0.07440000000000001,0.0123,0.0
"Identify, standardize, and communicate levels of access and security.",0.7951999999999999,0.0482,0.0482,0.012,0.0964,0.0,0.0
"Implement business rules via stored procedures, middleware, or other technologies.",0.6998000000000001,0.18789999999999998,0.013000000000000001,0.006500000000000001,0.0864,0.006500000000000001,0.0
"Implement changes to machine programs, and enter new specifications, using computers.",0.7067,0.2133,0.013300000000000001,0.013300000000000001,0.0533,0.0,0.0
"Implement controls to provide security for operating systems, software, and data.",0.7947,0.1369,0.011399999999999999,0.0076,0.038,0.011399999999999999,0.0
Implement online customer service processes to ensure positive and consistent user experiences.,0.6161,0.0842,0.019799999999999998,0.2635,0.0125,0.0038,0.0
"Implement or perform preventive maintenance, backup, or recovery procedures.",0.9048,0.047599999999999996,0.0159,0.0317,0.0,0.0,0.0
Implement or test design solutions.,0.6624,0.1812,0.0078000000000000005,0.0034999999999999996,0.1416,0.0034999999999999996,0.0
"Implement updates, upgrades, and patches in a timely manner to limit loss of service.",0.8234999999999999,0.1471,0.0,0.0,0.0294,0.0,0.0
Incorporate research findings into practice as appropriate.,0.7436,0.15380000000000002,0.0,0.0,0.1026,0.0,0.0
"Inform Web site users of problems, problem resolutions, or application changes and updates.",0.7556,0.11109999999999999,0.0,0.1333,0.0,0.0,0.0
"Inform athletes about nutrition, hydration, dietary supplements, or uses and possible consequences of medication.",0.4464,0.2857,0.1607,0.0536,0.0536,0.0,0.0
Inform citizens of community services and recommend options to facilitate longer-term problem resolution.,0.8,0.0353,0.0824,0.0588,0.0235,0.0,0.0
Inform company employees or other interested parties of environmental issues.,0.7143,0.0,0.23809999999999998,0.0,0.047599999999999996,0.0,0.0
"Inform customers by mail or telephone of order information, such as unit prices, shipping dates, and any anticipated delays.",0.877,0.0356,0.0032,0.0809,0.0032,0.0,0.0
Inform customers of contracts or other information pertaining to purchased services.,0.6545000000000001,0.0909,0.0727,0.0727,0.1091,0.0,0.0
Inform designated employees or departments of items loaded or problems encountered.,0.8933,0.036699999999999997,0.0,0.0683,0.0,0.0017000000000000001,0.0
"Inform financial decisions by analyzing financial information to forecast business, industry, or economic conditions.",0.8298000000000001,0.0426,0.0213,0.0,0.10640000000000001,0.0,0.0
"Inform investment decisions by analyzing financial information to forecast business, industry, or economic conditions.",0.963,0.0106,0.0106,0.0,0.0159,0.0,0.0
Inform patrons of establishment specialties and features.,0.45299999999999996,0.0393,0.11900000000000001,0.38130000000000003,0.005699999999999999,0.0017000000000000001,0.0
"Inform students of the procedures for completing and submitting class work, such as lab reports.",0.3732,0.2113,0.1056,0.08449999999999999,0.1197,0.1056,0.0
"Inform supervisors when equipment is not working properly and when food and supplies are getting low, and order needed items.",0.7778,0.16670000000000001,0.0,0.0556,0.0,0.0,0.0
"Inform the public of available services, and of postal laws and regulations.",0.6857,0.0,0.0857,0.2286,0.0,0.0,0.0
"Initiate market research studies, or analyze their findings.",0.9690000000000001,0.0116,0.0026,0.0019,0.0149,0.0,0.0
"Initiate, facilitate, and moderate class discussions.",0.23170000000000002,0.23170000000000002,0.3084,0.1525,0.0379,0.0379,0.0
"Initiate, facilitate, and moderate classroom discussions.",0.19829999999999998,0.2664,0.3267,0.1103,0.0526,0.045700000000000005,0.0
"Initiate, review, or approve modifications to project plans.",0.614,0.1728,0.0037,0.0331,0.1765,0.0,0.0
Input data into databases.,0.7232,0.2066,0.0,0.059000000000000004,0.0111,0.0,0.0
"Input data, such as file numbers, new or updated information, or document information codes into computer systems to support document and information retrieval.",0.9278,0.038900000000000004,0.0,0.0268,0.005699999999999999,0.0008,0.0
Insert control instructions into machine control units to start operation.,0.9286,0.0536,0.0,0.0,0.0179,0.0,0.0
Inspect and test systems to verify system compliance with plans and specifications or to detect and locate malfunctions.,0.8758,0.08070000000000001,0.0,0.0248,0.0,0.018600000000000002,0.0
"Inspect completed work to ensure conformance to specifications, standards, and contract requirements.",0.8797,0.0443,0.0,0.0127,0.0,0.0633,0.0
"Inspect condition of premises, and arrange for necessary maintenance or notify owners of maintenance needs.",0.9919,0.008100000000000001,0.0,0.0,0.0,0.0,0.0
Inspect final compositions to ensure completeness and accuracy.,0.9333,0.0167,0.0,0.0167,0.0,0.0333,0.0
"Inspect grounds, facilities, and equipment routinely to determine necessity of repairs or maintenance.",1.0,0.0,0.0,0.0,0.0,0.0,0.0
"Inspect layouts and advertising copy, and edit scripts, audio, video, and other promotional material for adherence to specifications.",0.8234999999999999,0.0,0.0,0.0,0.0,0.1765,0.0
Inspect manufactured or processed products to ensure compliance with contract specifications or legal requirements.,0.965,0.0,0.0,0.0,0.0,0.035,0.0
"Inspect materials and products for defects, and to ensure conformance to specifications.",0.8898,0.0236,0.0,0.0,0.0,0.0866,0.0
"Inspect merchandise or products to determine quality, value, or yield.",0.9523999999999999,0.019,0.0,0.0,0.0286,0.0,0.0
"Inspect or evaluate workplace environments, equipment, or practices to ensure compliance with safety standards and government regulations.",0.95,0.05,0.0,0.0,0.0,0.0,0.0
Inspect passenger tickets to verify information and to obtain destination information.,1.0,0.0,0.0,0.0,0.0,0.0,0.0
Inspect premises to assess the need for repairs and to ensure that climate and pest control issues are addressed.,0.8946999999999999,0.10529999999999999,0.0,0.0,0.0,0.0,0.0
Inspect products to ensure that the quality standards and specifications are met.,0.9451,0.0,0.0,0.0,0.0060999999999999995,0.048799999999999996,0.0
"Inspect property, examining its general condition, type of construction, age, and other characteristics, to decide if it is a good insurance risk.",0.9886,0.0,0.0,0.0,0.011399999999999999,0.0,0.0
Inspect work performed to ensure that it meets specifications and established standards.,0.868,0.066,0.0,0.0049,0.012199999999999999,0.0489,0.0
"Inspect, test, and measure completed work, using devices such as hand tools or gauges to verify conformance to standards or repair requirements.",0.84,0.04,0.0,0.0,0.0,0.12,0.0
Install and configure recreations of software production environments to allow testing of software performance.,0.7857,0.1607,0.0089,0.0089,0.035699999999999996,0.0,0.0
"Install and perform minor repairs to hardware, software, or peripheral equipment, following design or installation specifications.",0.6783,0.2657,0.006999999999999999,0.027999999999999997,0.021,0.0,0.0
"Install new hardware or software systems or components, ensuring integration with existing network systems.",0.6324000000000001,0.3143,0.0305,0.0,0.0229,0.0,0.0
"Install or configure Web server software or hardware to ensure that directory structure is well-defined, logical, and secure, and that files are named properly.",0.6452,0.3226,0.0161,0.0,0.0,0.0161,0.0
Install or program computer hardware or machine or instrumentation software in microprocessor-based systems.,0.765,0.1585,0.0055000000000000005,0.016399999999999998,0.0546,0.0,0.0
"Install, maintain, or use software testing programs.",0.8824,0.0588,0.0,0.0,0.0588,0.0,0.0
"Install, or coordinate installation of, new or modified hardware, software, or programming modules of telecommunications systems.",0.46880000000000005,0.5313,0.0,0.0,0.0,0.0,0.0
Instruct individuals and groups on ways to preserve health and prevent disease.,0.6207,0.0,0.2069,0.1379,0.0345,0.0,0.0
"Instruct individuals or groups in sports rules, game strategies, and performance principles, such as specific ways of moving the body, hands, or feet, to achieve desired results.",0.5263,0.4211,0.0526,0.0,0.0,0.0,0.0
"Instruct staff in work policies and procedures, and the use and maintenance of equipment.",0.7045,0.11359999999999999,0.0909,0.0682,0.0227,0.0,0.0
"Instruct students individually and in groups, using teaching methods such as lectures, discussions, and demonstrations.",0.2,0.2133,0.3467,0.1867,0.013300000000000001,0.04,0.0
"Instruct students individually and in groups, using various teaching methods, such as lectures, discussions, and demonstrations.",0.30510000000000004,0.2132,0.3603,0.0993,0.011000000000000001,0.011000000000000001,0.0
"Instruct through lectures, discussions, and demonstrations in one or more subjects, such as English, mathematics, or social studies.",0.619,0.1429,0.1429,0.047599999999999996,0.0,0.047599999999999996,0.0
"Integrate software or hardware components, using computer, microprocessor, or control architecture.",0.7333,0.16670000000000001,0.0,0.025,0.075,0.0,0.0
"Interact with clients to assist them in gaining insight, defining goals, and planning action to achieve effective personal, social, educational, or vocational development and adjustment.",0.3062,0.175,0.1794,0.2701,0.0326,0.036699999999999997,0.0
Interpret aerial or ortho photographs.,1.0,0.0,0.0,0.0,0.0,0.0,0.0
Interpret and communicate work procedures and company policies to staff.,0.8438,0.0313,0.125,0.0,0.0,0.0,0.0
"Interpret and explain human resources policies, procedures, laws, standards, or regulations.",0.7042,0.0141,0.18309999999999998,0.042300000000000004,0.042300000000000004,0.0141,0.0
"Interpret and explain information such as eligibility requirements, application details, payment methods, and applicants' legal rights.",0.6202000000000001,0.0625,0.1923,0.0192,0.0144,0.0913,0.0
"Interpret and explain laws and regulations to travelers, prospective immigrants, shippers, and manufacturers.",0.8297,0.0036,0.1232,0.0181,0.0109,0.014499999999999999,0.0
"Interpret and explain policies, rules, regulations, or laws to organizations, government or corporate officials, or individuals.",0.6379,0.0345,0.2069,0.0603,0.0259,0.0345,0.0
"Interpret data from traffic modeling software, geographic information systems, or associated databases.",0.9523999999999999,0.047599999999999996,0.0,0.0,0.0,0.0,0.0
"Interpret data on price, yield, stability, future investment-risk trends, economic influences, and other factors affecting investment programs.",0.9326000000000001,0.0538,0.0015,0.0008,0.003,0.0083,0.0
"Interpret data, reports, maps, photographs, or charts to predict long- or short-range weather conditions, using computer models and knowledge of climate theory, physics, and mathematics.",0.9828,0.0029,0.0,0.0,0.0029,0.0115,0.0
"Interpret engineering sketches, specifications, or drawings.",0.9173,0.0077,0.051399999999999994,0.0012,0.0165,0.0059,0.0
Interpret exercise program participant data to evaluate progress or identify needed program changes.,0.875,0.0625,0.0625,0.0,0.0,0.0,0.0
Interpret government regulations and applicable codes to ensure compliance.,0.9262999999999999,0.0033,0.0073,0.002,0.0046,0.0564,0.0
Interpret indicators to ascertain the overall health of an environment.,0.9207,0.0661,0.0132,0.0,0.0,0.0,0.0
"Interpret laws, rulings and regulations for individuals and businesses.",0.6889,0.020499999999999997,0.1536,0.0141,0.0819,0.040999999999999995,0.0
"Interpret or evaluate test results in accordance with applicable codes, standards, specifications, or procedures.",0.8042,0.0909,0.0,0.0,0.006999999999999999,0.09789999999999999,0.0
Interpret regulatory rules or rule changes and ensure that they are communicated through corporate policies and procedures.,0.9211,0.0,0.0526,0.0,0.0,0.0263,0.0
Interpret results of financial analysis procedures.,0.9509000000000001,0.0179,0.0,0.0,0.0134,0.0179,0.0
Interpret test information to resolve design-related problems.,0.8523000000000001,0.0966,0.0,0.0,0.0227,0.028399999999999998,0.0
"Interpret test results, compare them to established specifications and control limits, and make recommendations on appropriateness of data for release.",0.9093000000000001,0.032,0.0,0.0027,0.0,0.055999999999999994,0.0
Interview and hire workers.,0.619,0.23809999999999998,0.0,0.09519999999999999,0.047599999999999996,0.0,0.0
"Interview clients individually, in families, or in groups, assessing their situations, capabilities, and problems to determine what services are required to meet their needs.",0.3889,0.3333,0.0,0.22219999999999998,0.0,0.0556,0.0
"Interview clients to determine clients' assets, liabilities, cash flow, insurance coverage, tax status, or financial objectives.",0.6333,0.16670000000000001,0.0333,0.1333,0.0,0.0333,0.0
Interview clients to determine what kinds of properties they are seeking.,0.4648,0.3028,0.0141,0.1479,0.0704,0.0,0.0
"Interview clients to obtain information about employment history, educational background, and career goals, and to identify barriers to employment.",0.3796,0.21530000000000002,0.0,0.39380000000000004,0.0113,0.0,0.0
Interview job applicants to obtain and verify information used to screen and evaluate them.,0.3189,0.17300000000000001,0.0,0.49729999999999996,0.0054,0.0054,0.0
"Interview job applicants to obtain information on work history, training, education, or job skills.",0.33020000000000005,0.27940000000000004,0.0027,0.381,0.004,0.0027,0.0
Interview patients to document symptoms and health histories.,0.34619999999999995,0.5513,0.0192,0.0833,0.0,0.0,0.0
Interview patients to obtain comprehensive medical histories.,0.20989999999999998,0.6297999999999999,0.011000000000000001,0.1381,0.0,0.011000000000000001,0.0
"Interview patients to obtain information, such as complaints, symptoms, medical histories, and family histories.",0.3481,0.5185,0.0222,0.0815,0.0074,0.0222,0.0
Interview people to gather information about historical events and to record oral histories.,0.2727,0.2273,0.0,0.4545,0.0,0.0455,0.0
"Interview prospective clients to obtain data about their financial resources and needs, the physical condition of the person or property to be insured, and to discuss any existing coverage.",0.6154,0.3333,0.0128,0.0385,0.0,0.0,0.0
"Interview show guests about their lives, their work, or topics of current interest.",0.6457999999999999,0.0417,0.0417,0.25,0.0208,0.0,0.0
"Invent names for products and write the slogans that appear on packaging, brochures and other promotional material.",0.878,0.0,0.0,0.08130000000000001,0.0407,0.0,0.0
Investigate activities of institutions to enforce laws and regulations and to ensure legality of transactions and operations or financial solvency.,0.9259000000000001,0.0,0.0,0.037000000000000005,0.0,0.037000000000000005,0.0
Investigate customer or public complaints to determine the nature and extent of problems.,0.8540000000000001,0.10220000000000001,0.0146,0.017,0.0097,0.0024,0.0
Investigate customer problems referred by technical support.,0.7541,0.1311,0.016399999999999998,0.06559999999999999,0.032799999999999996,0.0,0.0
Investigate equipment failures or difficulties to diagnose faulty operation and recommend remedial actions.,0.7820999999999999,0.1568,0.018600000000000002,0.0175,0.0144,0.0105,0.0
Investigate illegal or suspicious activities.,0.7323999999999999,0.1286,0.0,0.0040999999999999995,0.1307,0.0040999999999999995,0.0
Investigate mechanical failures or unexpected maintenance problems.,0.8695999999999999,0.0435,0.0,0.0435,0.0435,0.0,0.0
"Investigate or resolve operational problems, such as material use variances or bottlenecks.",0.7705,0.1435,0.0149,0.0064,0.0553,0.0096,0.0
"Investigate products or markets to determine areas for opportunity or viability for merchandising specific products, using online or offline sources.",0.8793000000000001,0.051699999999999996,0.0,0.0172,0.0345,0.0172,0.0
"Investigate security incidents, using computer forensics, network forensics, root cause analysis, or malware analysis.",0.75,0.035699999999999996,0.0,0.0,0.07139999999999999,0.1429,0.0
"Investigate system component suitability for specified purposes, and make recommendations regarding component use.",0.8915000000000001,0.0217,0.0461,0.0045000000000000005,0.0235,0.0127,0.0
Issue notices and recommend corrective actions when infractions or problems are found.,0.794,0.0508,0.008100000000000001,0.0387,0.019299999999999998,0.0891,0.0
Keep detailed logs of all work-related activities.,0.8287,0.06480000000000001,0.0139,0.0694,0.0231,0.0,0.0
"Keep informed regarding pending industry changes, trends, or best practices.",0.9451,0.011000000000000001,0.033,0.011000000000000001,0.0,0.0,0.0
Keep records and accounts.,0.76,0.24,0.0,0.0,0.0,0.0,0.0
Keep records of client needs and preferences and the services provided.,0.6416,0.1069,0.0126,0.2108,0.0202,0.008,0.0
Keep records of invoices and support documents.,0.8946999999999999,0.0702,0.0,0.0175,0.0175,0.0,0.0
Keep records of work performed.,0.9565,0.0,0.0,0.0435,0.0,0.0,0.0
Keep records or prepare reports for owner or management concerning visits with clients.,0.96,0.0,0.0,0.0,0.04,0.0,0.0
Key and program specified commands and engineering specifications into computer system to change functions and test final layout.,0.8468000000000001,0.1106,0.0,0.0085,0.034,0.0,0.0
Key in processing instructions to program electronic equipment.,0.8070999999999999,0.0857,0.0,0.07139999999999999,0.035699999999999996,0.0,0.0
"Lead discussion sections, tutorials, or laboratory sections.",0.22699999999999998,0.1945,0.4113,0.059699999999999996,0.0495,0.057999999999999996,0.0
"Lead party games, such as dance-offs or prize giveaways.",0.2006,0.7506999999999999,0.0029,0.0401,0.005699999999999999,0.0,0.0
Learn about competitors' products or consumers' interests or concerns to answer questions or provide more complete information.,0.9167000000000001,0.0833,0.0,0.0,0.0,0.0,0.0
"Listen to and resolve customer complaints regarding services, products, or personnel.",0.7353000000000001,0.1765,0.0588,0.0294,0.0,0.0,0.0
Listen to music before playing at events to ensure recordings are appropriate and meet quality standards.,0.8809999999999999,0.09519999999999999,0.0,0.023799999999999998,0.0,0.0,0.0
"Listen to speakers' statements to determine meanings and to prepare translations, using electronic listening systems as necessary.",0.7,0.1,0.0,0.2,0.0,0.0,0.0
Locate and contact potential clients to offer advertising services.,0.8332999999999999,0.0833,0.0,0.0833,0.0,0.0,0.0
"Locate and correct data entry errors, or report them to supervisors.",0.8794,0.0638,0.0,0.0070999999999999995,0.028399999999999998,0.0213,0.0
"Locate and deliver information or data as requested by customers, such as contractors, government entities, and members of the public.",0.8294,0.044800000000000006,0.0537,0.0181,0.049100000000000005,0.005,0.0
"Locate and monitor overdue accounts, using computers and a variety of automated systems.",0.9394,0.030299999999999997,0.0,0.0,0.030299999999999997,0.0,0.0
"Locate and notify customers of delinquent accounts by mail, telephone, or personal visits to solicit payment.",0.9028,0.0694,0.0,0.0139,0.0139,0.0,0.0
"Locate and record data on sales of comparable property using specialized software, internet searches, or personal records.",0.8845999999999999,0.0308,0.0,0.0385,0.0385,0.0077,0.0
"Locate files relating to specified design project in database library, load program into computer, and record completed job data.",0.9176000000000001,0.0,0.0,0.0706,0.0118,0.0,0.0
Locate items requested by customers.,0.7843000000000001,0.125,0.0147,0.0417,0.0294,0.0049,0.0
"Locate suppliers, using sources such as catalogs and the internet, and interview them to gather information about products to be ordered.",0.902,0.06860000000000001,0.0,0.0196,0.0,0.0098,0.0
Locate unusual or unique information in response to specific requests.,0.9553,0.0177,0.0066,0.0044,0.011000000000000001,0.0049,0.0
"Mail newsletters, promotional material, or other information.",1.0,0.0,0.0,0.0,0.0,0.0,0.0
Maintain a safe working environment by monitoring safety procedures and equipment.,0.8438,0.125,0.0,0.0313,0.0,0.0,0.0
"Maintain and administer computer networks and related computing environments, including computer hardware, systems software, applications software, and all configurations.",0.7619,0.23809999999999998,0.0,0.0,0.0,0.0,0.0
Maintain and promote a positive attitude toward clients and their treatment programs.,0.36,0.42,0.04,0.14,0.02,0.02,0.0
"Maintain and review account records, updating and recategorizing them according to status changes.",0.848,0.08929999999999999,0.003,0.0378,0.0189,0.003,0.0
"Maintain and review computerized or manual records of purchased items, costs, deliveries, product performance, and inventories.",0.8190000000000001,0.10339999999999999,0.0,0.0172,0.051699999999999996,0.0086,0.0
Maintain and update organization information technology applications and network systems blueprints.,0.7692,0.1282,0.0,0.0897,0.0128,0.0,0.0
Maintain awareness of new and emerging computational methods and technologies.,0.6667000000000001,0.0,0.047599999999999996,0.2857,0.0,0.0,0.0
Maintain case history records and prepare reports.,0.9523999999999999,0.047599999999999996,0.0,0.0,0.0,0.0,0.0
Maintain client databases.,0.762,0.1106,0.0031,0.09119999999999999,0.031200000000000002,0.0019,0.0
Maintain customer records using automated systems.,0.8772,0.0702,0.0,0.0351,0.0175,0.0,0.0
"Maintain customer records, using automated systems.",0.8415,0.09759999999999999,0.0,0.012199999999999999,0.048799999999999996,0.0,0.0
"Maintain daily logs of operation, maintenance, and safety activities, including test results, instrument readings, and details of equipment malfunctions and maintenance work.",0.9,0.0667,0.0,0.0333,0.0,0.0,0.0
Maintain databases of logistics information.,0.8286,0.0786,0.0,0.0786,0.0143,0.0,0.0
"Maintain hardware and software, including computers, media equipment, scanners, color copiers, and color laser printers.",0.8684000000000001,0.0789,0.0,0.0263,0.0263,0.0,0.0
Maintain input or data quality of risk management systems.,0.88,0.1,0.0,0.02,0.0,0.0,0.0
Maintain inventory records.,0.8077,0.11539999999999999,0.0,0.0,0.07690000000000001,0.0,0.0
Maintain logistics records in accordance with corporate policies.,0.7,0.2,0.0,0.05,0.05,0.0,0.0
Maintain logs of activities and completed work.,0.7938,0.031,0.0,0.16519999999999999,0.009000000000000001,0.001,0.0
"Maintain metrics, reports, process documentation, customer service logs, or training or safety records.",0.8462000000000001,0.11539999999999999,0.0,0.0385,0.0,0.0,0.0
"Maintain operations data, such as time, production, and cost records, and prepare management reports of production results.",0.8,0.1714,0.0,0.0286,0.0,0.0,0.0
"Maintain or update business intelligence tools, databases, dashboards, systems, or methods.",0.8183,0.09539999999999998,0.0014000000000000002,0.0475,0.0338,0.0036,0.0
"Maintain or update records of client account activity, including financial transactions, counseling session notes, correspondence, document images, or client inquiries.",0.8125,0.0625,0.0,0.0,0.125,0.0,0.0
"Maintain or verify records of time, materials, expenditures, or crew activities.",0.9,0.0273,0.0091,0.0182,0.0182,0.0273,0.0
Maintain process parameters and evaluate process anomalies.,0.8661,0.0787,0.0,0.0315,0.0,0.0236,0.0
Maintain project logbook records or computer program files.,0.8583,0.0417,0.0,0.0917,0.0083,0.0,0.0
"Maintain records and compile statistical reports concerning personnel-related data, such as hires, transfers, performance appraisals, and absenteeism rates.",0.9355,0.0323,0.0,0.0108,0.0108,0.0108,0.0
Maintain records and logbooks.,0.7581,0.0645,0.0,0.17739999999999997,0.0,0.0,0.0
"Maintain records of business transactions and product inventories, reporting data to companies or government agencies as necessary.",0.8689,0.016399999999999998,0.0,0.0984,0.016399999999999998,0.0,0.0
"Maintain records of contacts, accounts, and orders.",0.8765000000000001,0.11109999999999999,0.0,0.0,0.0123,0.0,0.0
"Maintain records of daily data communication transactions, problems and remedial actions taken, or installation activities.",0.7986,0.0718,0.0,0.1204,0.0069,0.0023,0.0
Maintain records of evidence and write and review reports.,0.9473999999999999,0.0351,0.0,0.0,0.0,0.0175,0.0
Maintain records of performance reports for future reference.,0.7,0.15,0.0,0.15,0.0,0.0,0.0
"Maintain records, document actions, and present written progress reports.",0.9146,0.0601,0.0032,0.0063,0.0127,0.0032,0.0
"Maintain required records of work hours, budgets, payrolls, and other information.",0.9,0.1,0.0,0.0,0.0,0.0,0.0
Maintain scheduling and event calendars.,0.8295999999999999,0.0765,0.0049,0.042,0.0444,0.0025,0.0
Maintain system logs or manuals to document testing or operation of equipment.,0.7794,0.0,0.0,0.2206,0.0,0.0,0.0
Maintain technical project files.,0.8478,0.10869999999999999,0.0,0.0,0.0435,0.0,0.0
Maintain treatment records.,0.75,0.0962,0.0192,0.1346,0.0,0.0,0.0
"Maintain updated client records with plans, notes, appropriate forms, or related information.",0.7752,0.124,0.0155,0.054299999999999994,0.031,0.0,0.0
"Maintain wellness- and fitness-related schedules, records, or reports.",0.75,0.0682,0.0,0.0682,0.11359999999999999,0.0,0.0
"Make and confirm reservations for transportation and accommodations, using telephones, faxes, mail, and computers.",0.6667000000000001,0.23809999999999998,0.0,0.0,0.047599999999999996,0.047599999999999996,0.0
Make and confirm reservations.,0.8276,0.10339999999999999,0.0,0.0,0.0345,0.0345,0.0
"Make clinical recommendations to physicians, other health care providers, insurance companies, patients, or health care organizations.",0.8271,0.0301,0.0301,0.0301,0.0301,0.0526,0.0
"Make decisions that balance the perspectives of private citizens, public officials, and party leaders.",0.7705,0.1967,0.032799999999999996,0.0,0.0,0.0,0.0
Make manuscript acceptance or revision recommendations to the publisher.,0.8736,0.0,0.0,0.0115,0.046,0.069,0.0
Make recommendations to management concerning such issues as staffing decisions or procedural changes.,0.8787999999999999,0.0,0.030299999999999997,0.060599999999999994,0.0,0.030299999999999997,0.0
"Make reservations for patrons, such as for dinner, spa treatments, or golf tee times, and obtain tickets to special events.",0.7615000000000001,0.19269999999999998,0.0,0.0183,0.0275,0.0,0.0
"Manage activities related to strategic or tactical purchasing, material requirements planning, controlling inventory, warehousing, or receiving.",0.6522,0.3043,0.0,0.0435,0.0,0.0,0.0
Manage and maintain executives' schedules.,0.6888,0.1173,0.0051,0.0663,0.11220000000000001,0.0102,0.0
"Manage backup, security and user help systems.",0.8889,0.0556,0.0,0.0,0.0556,0.0,0.0
"Manage client portfolios, keeping client plans up-to-date.",0.8939,0.1061,0.0,0.0,0.0,0.0,0.0
"Manage schedules and set dates, times, and locations for meetings and appointments.",0.7763,0.1162,0.0066,0.043899999999999995,0.0504,0.0066,0.0
Manage user access to systems and equipment through account management and password administration.,0.7391,0.2112,0.0,0.0124,0.0373,0.0,0.0
Match individuals' needs and eligibility with available financial aid programs to provide informed recommendations.,0.88,0.08,0.0,0.04,0.0,0.0,0.0
"Match order forms with invoices, and record the necessary information.",0.9811,0.0189,0.0,0.0,0.0,0.0,0.0
"Measure the effectiveness of marketing, advertising, and communications programs and strategies.",0.938,0.0036,0.0018,0.0009,0.0072,0.048499999999999995,0.0
"Meet with customers to discuss menus for special occasions, such as weddings, parties, or banquets.",0.5,0.09380000000000001,0.0,0.25,0.1563,0.0,0.0
"Meet with department heads, managers, supervisors, vendors, and others, to solicit cooperation and resolve problems.",0.8889,0.0278,0.0,0.0833,0.0,0.0,0.0
Modify and customize commercial programs for internal needs.,0.6327,0.26530000000000004,0.0204,0.0,0.0816,0.0,0.0
"Modify computer security files to incorporate new software, correct errors, or change individual access status.",0.7128,0.23399999999999999,0.0,0.0213,0.0319,0.0,0.0
Modify existing databases and database management systems or direct programmers and analysts to make changes.,0.6899,0.21280000000000002,0.0029,0.0088,0.083,0.0025,0.0
"Modify existing software to correct errors, adapt it to new hardware, or upgrade interfaces and improve performance.",0.5036,0.2834,0.0058,0.0028000000000000004,0.2026,0.0018,0.0
"Modify existing software to correct errors, allow it to adapt to new hardware, or to improve its performance.",0.5331,0.275,0.0064,0.0028000000000000004,0.18230000000000002,0.0006,0.0
"Monitor and analyze network performance and reports on data input or output to detect problems, identify inefficient use of computer resources, or perform capacity planning.",0.9319,0.046799999999999994,0.0085,0.0085,0.0,0.0043,0.0
Monitor and analyze sales promotion results to determine cost effectiveness of promotion campaigns.,0.9299,0.0294,0.0076,0.0038,0.0246,0.004699999999999999,0.0
"Monitor and analyze sales records, trends, or economic conditions to anticipate consumer buying patterns, company sales, and needed inventory.",0.9534999999999999,0.0233,0.0,0.0116,0.0116,0.0,0.0
"Monitor and analyze system performance, such as network traffic, security, and capacity.",0.9013,0.0587,0.0027,0.0187,0.0053,0.013300000000000001,0.0
Monitor and evaluate effectiveness of sustainability programs.,0.9939,0.0,0.0,0.0060999999999999995,0.0,0.0,0.0
Monitor and follow applicable laws and regulations.,0.9455,0.0091,0.0091,0.0091,0.0,0.0273,0.0
Monitor bug resolution efforts and track successes.,0.8358,0.1119,0.0,0.044800000000000006,0.0,0.0075,0.0
"Monitor changes affecting supply and demand, tracking market conditions, price trends, or futures markets.",0.9193000000000001,0.0678,0.0024,0.0018,0.0067,0.002,0.0
Monitor closed-circuit television cameras.,0.9538,0.0385,0.0,0.0077,0.0,0.0,0.0
Monitor compliance systems to ensure their effectiveness.,0.9464,0.0417,0.0,0.006,0.0,0.006,0.0
"Monitor compliance with standard operating procedures for loss prevention, physical security, or risk management.",0.7358,0.11320000000000001,0.0,0.0943,0.0,0.056600000000000004,0.0
Monitor customer preferences to determine focus of sales efforts.,0.8103,0.051699999999999996,0.0,0.1293,0.0086,0.0,0.0
Monitor daily stock prices and compute fluctuations to determine the need for additional collateral to secure loans.,0.7807,0.16670000000000001,0.0088,0.043899999999999995,0.0,0.0,0.0
"Monitor developments in the fields of industrial technology, business, finance, and economic theory.",0.9318000000000001,0.0102,0.0348,0.0102,0.0102,0.0029,0.0
Monitor emerging trends regarding industry regulations to determine potential impacts on organizational processes.,0.9582999999999999,0.0417,0.0,0.0,0.0,0.0,0.0
"Monitor equipment functioning, observe temperature, level, and flow gauges, and perform regular unit checks to ensure that all equipment is operating as it should.",0.8889,0.0556,0.0,0.0556,0.0,0.0,0.0
Monitor equipment to ensure proper operation.,0.9106000000000001,0.0447,0.002,0.038599999999999995,0.0040999999999999995,0.0,0.0
"Monitor events, trends, and other circumstances, research specific subject areas, attend art exhibitions, and read art publications to develop ideas and keep current on art world activities.",0.775,0.075,0.0,0.1,0.05,0.0,0.0
Monitor financial market trends to ensure that client plans are responsive.,0.9356,0.048799999999999996,0.0027,0.0034000000000000002,0.0034000000000000002,0.0060999999999999995,0.0
"Monitor follow-up actions in cases where violations were found, and review compliance monitoring reports.",0.8929,0.07139999999999999,0.0,0.0,0.0,0.035699999999999996,0.0
Monitor functioning of equipment to ensure system operates in conformance with specifications.,0.763,0.1333,0.0,0.10369999999999999,0.0,0.0,0.0
"Monitor fundamental economic, industrial, and corporate developments by analyzing information from financial publications and services, investment banking firms, government agencies, trade publications, company sources, or personal interviews.",0.9773999999999999,0.006,0.008,0.0015,0.0055000000000000005,0.0015,0.0
"Monitor gauges and flowmeters and inspect equipment to ensure that tank levels, temperatures, chemical amounts, and pressures are at specified levels, reporting abnormalities as necessary.",0.8946999999999999,0.0526,0.0,0.0,0.0526,0.0,0.0
"Monitor industry standards, trends, or practices to identify developments in logistics planning or execution.",1.0,0.0,0.0,0.0,0.0,0.0,0.0
Monitor industry statistics and follow trends in trade literature.,0.9693,0.0025,0.013500000000000002,0.0037,0.0074,0.0037,0.0
Monitor inventory levels of products or materials in warehouses.,0.9571,0.0429,0.0,0.0,0.0,0.0,0.0
"Monitor market conditions, innovations, and competitors' services, prices, and sales.",0.9063,0.0,0.0,0.0625,0.0313,0.0,0.0
"Monitor market conditions, product innovations, and competitors' products, prices, and sales.",0.8644,0.0339,0.0169,0.0508,0.0339,0.0,0.0
Monitor markets or positions.,0.8658,0.053899999999999997,0.0066,0.0632,0.0105,0.0,0.0
"Monitor operations to ensure that staff members comply with administrative policies and procedures, safety rules, union contracts, environmental policies, or government regulations.",0.7381,0.07139999999999999,0.0,0.1905,0.0,0.0,0.0
Monitor or analyze market and environmental trends.,0.9553,0.0258,0.0034999999999999996,0.0039000000000000003,0.008,0.0034999999999999996,0.0
Monitor or track project milestones and deliverables.,0.8529000000000001,0.0588,0.0,0.0882,0.0,0.0,0.0
"Monitor patrons' facility use to ensure that rules and regulations are followed, and safety and order are maintained.",0.9231,0.057699999999999994,0.0,0.0192,0.0,0.0,0.0
"Monitor process indicators, instruments, gauges, and meters to detect and report any possible problems.",0.878,0.09759999999999999,0.0,0.0,0.024399999999999998,0.0,0.0
Monitor product quality to ensure compliance with standards and specifications.,0.7936,0.010700000000000001,0.0,0.0018,0.0036,0.19039999999999999,0.0
Monitor program performance to ensure efficient and problem-free operations.,0.8105,0.0478,0.002,0.1364,0.003,0.0002,0.0
Monitor project milestones and deliverables.,0.7217,0.2348,0.0,0.026099999999999998,0.0174,0.0,0.0
"Monitor security policies, programs or procedures to ensure compliance with internal security policies, or applicable government security requirements, policies, and directives.",0.8684000000000001,0.0263,0.0,0.0789,0.0,0.0263,0.0
Monitor security system performance logs to identify problems and notify security specialists when problems occur.,0.9251999999999999,0.0408,0.0,0.027200000000000002,0.0068000000000000005,0.0,0.0
Monitor status of loans and accounts to ensure that payments are up to date.,0.8148000000000001,0.11109999999999999,0.0,0.037000000000000005,0.037000000000000005,0.0,0.0
Monitor system operation to detect potential problems.,0.5986,0.0259,0.001,0.3722,0.0015,0.0008,0.0
"Monitor systems for intrusions or denial of service attacks, and report security breaches to appropriate personnel.",0.8867,0.0273,0.0,0.0703,0.0078000000000000005,0.0078000000000000005,0.0
Monitor use of data files and regulate access to safeguard information in computer files.,0.9516,0.0,0.0,0.0484,0.0,0.0,0.0
Monitor work productivity or quality to ensure compliance with standard operating procedures.,0.8909,0.0369,0.0032,0.0546,0.0,0.0144,0.0
"Monitor, note, report, and investigate suspicious persons and situations, safety hazards, and unusual or illegal activity in patrol area.",0.7585999999999999,0.2414,0.0,0.0,0.0,0.0,0.0
"Monitor, record, and report symptoms or changes in patients' conditions.",0.5861999999999999,0.2414,0.0,0.069,0.069,0.0345,0.0
Negotiate claim settlements or recommend litigation when settlement cannot be negotiated.,0.8234999999999999,0.0588,0.0588,0.0,0.0588,0.0,0.0
Negotiate details of contracts and payments.,0.5882000000000001,0.3529,0.0,0.0,0.0588,0.0,0.0
Negotiate prices or terms of sales or service agreements.,0.6056,0.3099,0.0034999999999999996,0.0634,0.006999999999999999,0.0106,0.0
Network within communities to find and attract new business.,0.7091,0.2,0.0,0.0545,0.0182,0.0182,0.0
Notify command of situation and request assistance.,0.7685,0.1389,0.0,0.0833,0.0,0.009300000000000001,0.0
"Notify consignees, passengers, or customers of freight or baggage arrival and arrange for delivery.",0.8916,0.0241,0.0,0.0843,0.0,0.0,0.0
Notify instructors of errors or problems with assignments.,0.7917000000000001,0.0833,0.0,0.125,0.0,0.0,0.0
Notify supervisors or other appropriate personnel when security breaches occur.,0.7556,0.0667,0.0,0.15560000000000002,0.0,0.0222,0.0
Observe and evaluate students' work to determine progress and make suggestions for improvement.,0.7049,0.0521,0.0313,0.0104,0.0104,0.191,0.0
"Observe and evaluate students' work to determine progress, provide feedback, and make suggestions for improvement.",0.7482,0.0689,0.0316,0.0141,0.0232,0.1139,0.0
"Observe and influence patients' behavior, communicating and interacting with them and teaching, counseling, or befriending them.",0.1778,0.1833,0.005600000000000001,0.6278,0.005600000000000001,0.0,0.0
Observe and monitor staff performance to ensure efficient operations and adherence to facility's policies and procedures.,0.8098000000000001,0.1366,0.0,0.043899999999999995,0.0098,0.0,0.0
"Observe and report on social, economic, and political trends that might affect employers.",0.9007,0.0404,0.0037,0.051500000000000004,0.0037,0.0,0.0
"Observe or examine patients to detect symptoms that may require medical attention, such as bruises, open wounds, or blood in urine.",0.8837,0.0,0.0,0.04650000000000001,0.0,0.0698,0.0
Observe participants and inform them of corrective measures necessary for skill improvement.,0.4,0.4,0.1,0.0,0.1,0.0,0.0
"Observe the current system in operation, and gather and analyze information about each of the component problems, using a variety of sources.",0.7254,0.2163,0.013500000000000002,0.011699999999999999,0.0276,0.0055000000000000005,0.0
"Obtain and analyze information on suspects, crimes, or disturbances to solve cases, to identify criminal activity, or to gather information for court cases.",0.8571,0.09519999999999999,0.0,0.0,0.047599999999999996,0.0,0.0
"Obtain and evaluate information on factors such as reporting formats required, costs, or security needs to determine hardware configuration.",1.0,0.0,0.0,0.0,0.0,0.0,0.0
"Obtain and process information required for the provision of services, such as opening accounts, savings plans, and purchasing bonds.",0.3333,0.3871,0.0,0.2796,0.0,0.0,0.0
"Obtain and record accurate patient history, including prior test results or information from physical examinations.",0.6957,0.2609,0.0,0.0217,0.0217,0.0,0.0
"Obtain and record patient information, including patient identification, medical history, and examination results.",0.725,0.2,0.0,0.05,0.0,0.025,0.0
"Obtain and study information about clients' products, needs, problems, advertising history, and business practices to offer effective sales presentations and appropriate product assistance.",0.9267,0.0395,0.0028000000000000004,0.0212,0.009899999999999999,0.0,0.0
"Obtain customers' names, addresses, and billing information, product numbers, and specifications of items to be purchased, and enter this information on order forms.",0.7308,0.15380000000000002,0.0,0.11539999999999999,0.0,0.0,0.0
"Obtain information needed to complete legal documents, such as death certificates or burial permits.",0.7373000000000001,0.1186,0.0085,0.0932,0.0169,0.0254,0.0
"Obtain, organize, or develop training procedure manuals, guides, or course materials, such as handouts or visual materials.",0.9265000000000001,0.0232,0.0019,0.0,0.0464,0.0019,0.0
Offer counsel and comfort to bereaved families or friends.,0.3235,0.10289999999999999,0.0294,0.4853,0.0294,0.0294,0.0
Offer specific training programs to help workers maintain or improve job skills.,0.6818000000000001,0.0909,0.0909,0.1364,0.0,0.0,0.0
"Open, read, route, and distribute incoming mail or other materials and answer routine letters.",0.9031999999999999,0.0215,0.0108,0.0645,0.0,0.0,0.0
"Open, sort, and distribute incoming correspondence, including faxes and email.",0.973,0.0,0.0,0.027000000000000003,0.0,0.0,0.0
Operate and calibrate computer systems and devices to comply with test requirements and to perform data acquisition and analysis.,0.8715999999999999,0.08259999999999999,0.0,0.045899999999999996,0.0,0.0,0.0
"Operate and manage land-information computer systems, performing tasks such as storing data, making inquiries, and producing plots and reports.",0.8,0.1714,0.0,0.0,0.0286,0.0,0.0
Operate computer-assisted engineering or design software or equipment to perform engineering tasks.,0.8148000000000001,0.142,0.0062,0.0123,0.024700000000000003,0.0,0.0
"Operate scanners or related computer equipment to digitize negatives, photographic prints, or other images.",0.986,0.004699999999999999,0.0,0.004699999999999999,0.004699999999999999,0.0,0.0
"Operate telephone switchboard to answer, screen, or forward calls, providing information, taking messages, or scheduling appointments.",0.7391,0.1159,0.0,0.1449,0.0,0.0,0.0
"Operate various types of equipment, such as computer scanning equipment, addressographs, mimeographs, optical character readers, and bar-code sorters.",1.0,0.0,0.0,0.0,0.0,0.0,0.0
Optimize Web site exposure by analyzing search engine patterns to direct online placement of keywords or other content.,0.9634999999999999,0.0166,0.0,0.0033,0.01,0.0066,0.0
"Optimize digital assets, such as text, graphics, or multimedia assets, for search engine optimization (SEO) or for display and usability on internet-connected devices.",0.7805,0.09759999999999999,0.0,0.0,0.122,0.0,0.0
"Organize data, and analyze and interpret its authenticity and relative significance.",0.9451,0.022000000000000002,0.011000000000000001,0.0,0.011000000000000001,0.011000000000000001,0.0
"Organize material and complete writing assignment according to set standards regarding order, clarity, conciseness, style, and terminology.",0.9752,0.0079,0.0007000000000000001,0.0036,0.012,0.0006,0.0
"Organize or work with detailed office or warehouse records, using computers to enter, access, search or retrieve data.",0.8236,0.1041,0.003,0.0297,0.036699999999999997,0.003,0.0
Oversee the daily performance of computer systems.,0.8156,0.041299999999999996,0.0037,0.1354,0.0027,0.0013,0.0
"Participate in architectural and engineering planning and design, including space and installation management.",0.8234999999999999,0.098,0.0,0.0,0.0784,0.0,0.0
Participate in games for gambling establishments to provide the minimum complement of players at a table.,0.3953,0.6047,0.0,0.0,0.0,0.0,0.0
Participate in internal or external audits.,0.8421,0.0263,0.0263,0.0263,0.0263,0.0526,0.0
Participate in the development of product specifications.,0.7040000000000001,0.059500000000000004,0.0131,0.0105,0.20579999999999998,0.006999999999999999,0.0
"Participate in the development of specifications for equipment, products, or substitute materials.",0.7099,0.0617,0.018500000000000003,0.0062,0.19140000000000001,0.0123,0.0
"Participate in the hiring process by reviewing credentials, conducting interviews, or making hiring decisions or recommendations.",0.9679000000000001,0.0092,0.0092,0.0,0.0138,0.0,0.0
Participate in the preparation of reports or scientific publications.,0.7757,0.0467,0.0125,0.0,0.1464,0.0187,0.0
Participate in the publication of data or information.,0.7895,0.10529999999999999,0.0,0.0,0.0526,0.0526,0.0
"Perform Web site tests according to planned schedules, or after any Web site or product revision.",0.8371,0.1417,0.0,0.006500000000000001,0.0016,0.013000000000000001,0.0
"Perform accounting duties, such as bookkeeping, billing customers for services, or maintaining inventories.",0.8611,0.0278,0.0,0.0,0.11109999999999999,0.0,0.0
"Perform administrative duties, such as compiling and maintaining records, completing forms, preparing reports, or composing correspondence.",0.9301999999999999,0.0,0.0233,0.0233,0.0233,0.0,0.0
"Perform administrative support tasks, such as proofreading, transcribing handwritten information, or operating calculators or computers to work with pay records, invoices, balance sheets, or other documents.",0.8,0.1,0.0,0.0333,0.0,0.0667,0.0
"Perform administrative tasks, such as accepting orders, scheduling appointments or meeting rooms, or sending and receiving faxes.",0.7091,0.2364,0.0,0.0364,0.0182,0.0,0.0
"Perform budgeting duties, such as assisting in budget preparation, expenditure review, or budget administration.",0.8795000000000001,0.0482,0.0241,0.0361,0.012,0.0,0.0
"Perform business management duties, such as maintaining records or files, preparing reports, or ordering supplies or equipment.",0.8421,0.0,0.0526,0.0,0.10529999999999999,0.0,0.0
"Perform clerical duties, such as filing, typing, operating switchboards, or routing mail and messages.",0.8998,0.0216,0.0023,0.0706,0.0023,0.0034000000000000002,0.0
"Perform complex calculations as part of the analysis and evaluation of data, using computers.",0.9229999999999999,0.04019999999999999,0.0054,0.0017000000000000001,0.0184,0.011399999999999999,0.0
Perform computations and apply methods of numerical analysis to data.,0.9481,0.0375,0.0,0.0029,0.0029,0.0086,0.0
"Perform computer programming, data analysis, or software development for Geographic Information Systems (GIS) applications, including the maintenance of existing systems or research and development for future enhancements.",0.7069,0.2241,0.0,0.0,0.069,0.0,0.0
"Perform contract administration duties, assisting with bid openings or the awarding of contracts.",0.9677,0.0323,0.0,0.0,0.0,0.0,0.0
"Perform cost-benefit analyses to compare operating programs, review financial requests, or explore alternative financing methods.",0.619,0.09519999999999999,0.09519999999999999,0.047599999999999996,0.1429,0.0,0.0
Perform crisis interventions with clients.,0.2232,0.2054,0.07139999999999999,0.48210000000000003,0.0,0.0179,0.0
Perform data backups and disaster recovery operations.,0.8908,0.0747,0.005699999999999999,0.023,0.005699999999999999,0.0,0.0
Perform data entry and other clerical work as required for project completion.,0.7097,0.129,0.0,0.1613,0.0,0.0,0.0
"Perform database verifications, using computers.",0.9533,0.0044,0.0003,0.0179,0.0006,0.0236,0.0
"Perform financial calculations, such as amounts due, interest charges, balances, discounts, equity, and principal.",0.8493999999999999,0.0482,0.0203,0.0059,0.0677,0.0085,0.0
"Perform general administrative tasks, such as taking attendance, editing internal paperwork, and making phone calls.",0.8340000000000001,0.0432,0.0005,0.10890000000000001,0.011699999999999999,0.0016,0.0
"Perform initial debugging procedures by reviewing configuration files, logs, or code pieces to determine breakdown source.",0.7552,0.1722,0.0166,0.015700000000000002,0.01,0.0304,0.0
Perform marketing and public relations activities.,0.9118999999999999,0.0377,0.0063,0.0252,0.0189,0.0,0.0
Perform needs assessments or consult with clients to determine the types of research and information required.,0.603,0.1206,0.005,0.2462,0.020099999999999996,0.005,0.0
"Perform ongoing hardware and software maintenance operations, including installing or upgrading hardware or software.",0.6393,0.306,0.0167,0.0155,0.021400000000000002,0.0012,0.0
Perform or direct Web site updates.,0.6515000000000001,0.1564,0.0034999999999999996,0.0075,0.18030000000000002,0.0008,0.0
"Perform or direct revision, repair, or expansion of existing programs to increase operating efficiency or adapt to new requirements.",0.604,0.2089,0.0072,0.0024,0.1757,0.0017000000000000001,0.0
"Perform or evaluate research, such as detailed company or industry analyses, to inform financial forecasting, decision making, or valuation.",0.9575,0.014199999999999999,0.0,0.0,0.0085,0.019799999999999998,0.0
"Perform personnel duties, such as hiring staff and evaluating work performance.",0.7222,0.2407,0.0,0.018500000000000003,0.018500000000000003,0.0,0.0
Perform quality checks on products and parts.,0.7946,0.0028000000000000004,0.0009,0.0,0.0,0.20170000000000002,0.0
"Perform quality control audits to ensure accuracy, completeness, or proper usage of clinical systems and data.",0.8894,0.023,0.0046,0.0046,0.0092,0.0691,0.0
Perform risk analyses so that appropriate countermeasures can be developed.,0.9114,0.048799999999999996,0.0028000000000000004,0.0021,0.0091,0.0258,0.0
Perform risk assessments to develop response strategies.,0.9297,0.0431,0.005600000000000001,0.009399999999999999,0.0037,0.0084,0.0
"Perform routine network startup and shutdown procedures, and maintain control records.",1.0,0.0,0.0,0.0,0.0,0.0,0.0
"Perform routine system administrative functions, such as troubleshooting, back-ups, or upgrades.",0.7176,0.2444,0.0060999999999999995,0.0123,0.018000000000000002,0.0016,0.0
"Perform sales floor work, such as greeting or assisting customers, stocking shelves, or taking inventory.",0.2493,0.0176,0.0029,0.7273000000000001,0.0,0.0029,0.0
Perform securities valuation or pricing.,0.8421,0.15789999999999998,0.0,0.0,0.0,0.0,0.0
Perform security analyses of developed or packaged software components.,0.9009,0.04,0.0018,0.0054,0.0054,0.0466,0.0
Perform statistical analysis of environmental data.,0.9118,0.0,0.0294,0.0294,0.0,0.0294,0.0
"Perform system analysis, data analysis or programming, using a variety of computer languages and procedures.",0.7934,0.15460000000000002,0.0098,0.0027,0.0373,0.0022,0.0
Perform tax planning work.,0.8136,0.1017,0.0,0.0169,0.0678,0.0,0.0
"Perform validation and testing of models to ensure adequacy, and reformulate models, as necessary.",0.7603,0.13699999999999998,0.0,0.020499999999999997,0.0753,0.0068000000000000005,0.0
Perform validations or transfers of analytical methods in accordance with applicable policies or guidelines.,0.9455,0.0182,0.0,0.0121,0.0060999999999999995,0.0182,0.0
"Perform various administrative tasks, such as typing documents or answering telephone calls.",0.8447,0.036000000000000004,0.0019,0.1061,0.0095,0.0019,0.0
"Perform various data entry or word processing tasks, such as updating phone directories, typing or proofreading documents, or creating schedules.",0.9819,0.006,0.0,0.006,0.006,0.0,0.0
Perform visual inspections of finished products.,0.9634999999999999,0.0054,0.0,0.0016,0.0031,0.0264,0.0
Persuade customers to purchase merchandise or services.,0.6265999999999999,0.1888,0.0104,0.168,0.0062,0.0,0.0
"Plan and carry out work assignments, using blueprints, schematic drawings, technical manuals, wiring diagrams, or liquid or air flow sheets, following prescribed regulations, directives, or other instructions as required.",0.9031999999999999,0.0645,0.0,0.0323,0.0,0.0,0.0
"Plan and conduct activities for a balanced program of instruction, demonstration, and work time that provides students with opportunities to observe, question, and investigate.",0.7143,0.0317,0.0159,0.0317,0.20629999999999998,0.0,0.0
Plan and conduct special research projects in area of interest or expertise.,0.8382,0.0,0.1471,0.0,0.0,0.0147,0.0
Plan and coordinate advertising campaigns and sales promotions and prepare merchandise displays and advertising copy.,0.7347,0.102,0.0204,0.0,0.1429,0.0,0.0
"Plan and develop pre-production ideas into outlines, scripts, story boards, and graphics, using own ideas or specifications of assignments.",0.9051,0.0202,0.0,0.001,0.0737,0.0,0.0
"Plan and develop programs, agendas, budgets, and services according to customer requirements.",0.6667000000000001,0.1288,0.0152,0.0152,0.17420000000000002,0.0,0.0
Plan and establish sequence of operations to fabricate and assemble parts or products and to promote efficient utilization.,0.373,0.5952000000000001,0.0,0.0079,0.023799999999999998,0.0,0.0
"Plan and establish work schedules, assignments, and production sequences to meet production goals.",0.8798999999999999,0.081,0.0,0.011200000000000002,0.0279,0.0,0.0
Plan and execute advertising policies and strategies for organizations.,0.8125,0.1875,0.0,0.0,0.0,0.0,0.0
Plan and modify product configurations to meet customer needs.,0.5631,0.1359,0.0097,0.0,0.2816,0.0097,0.0
"Plan and prepare advertising and promotional material to increase sales of products or services, working with customers, company officials, sales departments, and advertising agencies.",0.8367,0.022000000000000002,0.0009,0.0046,0.13119999999999998,0.0046,0.0
"Plan and schedule programming and event coverage, based on broadcast length, time availability, and other factors, such as community needs, ratings data, and viewer demographics.",1.0,0.0,0.0,0.0,0.0,0.0,0.0
"Plan data collection methods for specific projects, and determine the types and sizes of sample groups to be used.",0.7159,0.0682,0.011399999999999999,0.0,0.2045,0.0,0.0
Plan layouts of structural architectural projects.,0.5333,0.1333,0.0,0.0,0.3333,0.0,0.0
Plan menus according to employers' needs and diet restrictions.,0.8484999999999999,0.030299999999999997,0.0,0.0,0.12119999999999999,0.0,0.0
"Plan menus that are varied, nutritionally balanced, and appetizing, taking advantage of foods in season and local availability.",0.7857,0.0,0.0,0.0179,0.19640000000000002,0.0,0.0
"Plan or adjust routes based on changing conditions, using computer equipment, global positioning systems (GPS) equipment, or other navigation devices, to minimize fuel consumption and carbon emissions.",0.8125,0.1875,0.0,0.0,0.0,0.0,0.0
"Plan or conduct activities for a balanced program of instruction, demonstration, and work time that provides students with opportunities to observe, question, and investigate.",0.7353000000000001,0.0,0.0,0.0882,0.1471,0.0294,0.0
"Plan or conduct market or public opinion research to test products or determine potential for product success, communicating results to client or management.",0.5761,0.0761,0.0,0.3261,0.0217,0.0,0.0
Plan or implement improvements to internal or external systems or processes.,0.7414000000000001,0.10189999999999999,0.0172,0.019299999999999998,0.1159,0.0043,0.0
Plan programs of events or schedules of activities.,0.7095,0.0705,0.0,0.0166,0.195,0.0083,0.0
"Plan project arrangements or outlines, and organize material accordingly.",0.8765999999999999,0.0245,0.0017000000000000001,0.0060999999999999995,0.08839999999999999,0.0026,0.0
"Plan routes, itineraries, and accommodation details, and compute fares and fees, using schedules, rate books, and computers.",0.8966,0.0345,0.0,0.0,0.069,0.0,0.0
Plan test schedules or strategies in accordance with project scope or delivery dates.,0.6981,0.1698,0.0189,0.0189,0.0755,0.0189,0.0
"Plan work assignments and equipment allocations to meet transportation, operations or production goals.",0.7,0.25,0.0063,0.0313,0.0063,0.0063,0.0
Plan work schedules and assign duties to maintain adequate staff for effective performance of activities and response to fluctuating workloads.,0.8725,0.06860000000000001,0.0,0.0294,0.0294,0.0,0.0
"Plan, coordinate, and implement network security measures to protect data, software, and hardware.",0.7143,0.23809999999999998,0.0,0.023799999999999998,0.023799999999999998,0.0,0.0
"Plan, coordinate, and implement security measures to safeguard information in computer files against accidental or unauthorized damage, modification or disclosure.",0.728,0.18,0.02,0.016,0.052000000000000005,0.004,0.0
"Plan, evaluate, or modify treatment programs, based on information gathered by observing and interviewing patients or by analyzing patient records.",0.8521,0.0704,0.021099999999999997,0.006999999999999999,0.021099999999999997,0.0282,0.0
"Plan, prepare, and develop various teaching aids, such as bibliographies, charts, and graphs.",0.7395999999999999,0.0313,0.0104,0.0,0.2188,0.0,0.0
"Portray and interpret roles, using speech, gestures, and body movements, to entertain, inform, or instruct radio, film, television, or live audiences.",0.2121,0.6975,0.0028000000000000004,0.058499999999999996,0.0285,0.0005,0.0
"Position text and art elements from a variety of databases in a visually appealing way to design print or web pages, using knowledge of type styles and size and layout patterns.",0.9072,0.0279,0.0006,0.003,0.0613,0.0,0.0
Post and update content on the company's Web site and social media outlets.,0.8120999999999999,0.0709,0.0034999999999999996,0.0213,0.0851,0.0070999999999999995,0.0
Post or attach information to claim file.,0.9091,0.0909,0.0,0.0,0.0,0.0,0.0
Pray and promote spirituality.,0.5645,0.0806,0.1452,0.1516,0.0226,0.0355,0.0
"Prepare activity reports to inform management of the status and implementation plans of programs, services, and quality initiatives.",0.9434999999999999,0.0223,0.0,0.016399999999999998,0.0179,0.0,0.0
Prepare adjusting journal entries.,0.9294,0.0471,0.0,0.0,0.0235,0.0,0.0
"Prepare administrative, technical, or statistical reports on traffic-operation matters, such as accidents, safety measures, or pedestrian volume or practices.",0.95,0.05,0.0,0.0,0.0,0.0,0.0
Prepare all materials for transactions or execution of deals.,0.7795000000000001,0.09449999999999999,0.0,0.015700000000000002,0.09449999999999999,0.015700000000000002,0.0
"Prepare and deliver lectures to undergraduate or graduate students on topics such as financial accounting, principles of marketing, and operations management.",0.8056,0.0278,0.11109999999999999,0.0,0.0556,0.0,0.0
"Prepare and deliver news, sports, or weather reports, gathering and rewriting material so that it will convey required information and fit specific time slots.",0.9231,0.0,0.0,0.0,0.07690000000000001,0.0,0.0
Prepare and deliver sales presentations to new and existing customers to sell new advertising programs and to protect and increase existing advertising.,0.953,0.0268,0.0,0.0067,0.0134,0.0,0.0
Prepare and deliver technical presentations that explain products or services to customers and prospective customers.,0.9055,0.022799999999999997,0.0277,0.029300000000000003,0.0147,0.0,0.0
"Prepare and distribute leaflets, pamphlets, and visual aids for educational and informational purposes.",0.7667,0.0167,0.0167,0.0,0.2,0.0,0.0
Prepare and file annual tax returns or prepare financial information so that outside accountants can complete tax returns.,0.6744,0.23260000000000003,0.0,0.0,0.09300000000000001,0.0,0.0
"Prepare and maintain a directory of suppliers, contractors and subcontractors.",0.8148000000000001,0.0741,0.0,0.037000000000000005,0.0741,0.0,0.0
"Prepare and maintain logs, reports, or other documentation of work performed.",0.8404,0.056299999999999996,0.003,0.08039999999999999,0.0181,0.0018,0.0
"Prepare and maintain records detailing tests, repairs, and maintenance.",0.8636,0.0909,0.0,0.0,0.0455,0.0,0.0
Prepare and review operational reports and schedules to ensure accuracy and efficiency.,0.9488,0.024900000000000002,0.0026,0.0105,0.0079,0.0052,0.0
Prepare and review operational reports or project progress reports.,0.9153,0.042800000000000005,0.0,0.0167,0.0236,0.0016,0.0
Prepare and send requests for price quotations to all companies in a particular market.,0.8431000000000001,0.098,0.0,0.0392,0.0196,0.0,0.0
Prepare and submit sales contracts for orders.,0.8769,0.0308,0.0,0.0308,0.061500000000000006,0.0,0.0
Prepare appropriate formatting to data sets as requested.,0.9623999999999999,0.0171,0.0006,0.0074,0.0111,0.0014000000000000002,0.0
Prepare brochures and write newspaper articles.,0.9551000000000001,0.011200000000000002,0.0,0.0,0.0337,0.0,0.0
"Prepare budgets, bids, or contracts.",0.5385,0.07690000000000001,0.0,0.0,0.3846,0.0,0.0
Prepare comprehensive interpretive reports of findings.,0.9681000000000001,0.0106,0.0,0.0106,0.0106,0.0,0.0
"Prepare conference or event materials, such as flyers or invitations.",0.812,0.0256,0.0,0.0171,0.1368,0.0085,0.0
Prepare correspondence to inform concerned parties of licensing decisions or appeals processes.,0.9318000000000001,0.0227,0.0,0.0227,0.0,0.0227,0.0
"Prepare correspondence, reports of inspections or investigations, or recommendations for action.",0.8795999999999999,0.043899999999999995,0.0039000000000000003,0.0506,0.0129,0.009000000000000001,0.0
"Prepare course materials, such as syllabi, homework assignments, and handouts.",0.7778,0.037000000000000005,0.037000000000000005,0.0,0.1481,0.0,0.0
"Prepare course materials, such as syllabi, homework assignments, or handouts.",0.6098,0.024399999999999998,0.0,0.0,0.36590000000000006,0.0,0.0
"Prepare data analysis listings and activity, performance, or progress reports.",0.9675,0.0111,0.0002,0.0037,0.017,0.0005,0.0
"Prepare data for processing by organizing information, checking for inaccuracies, and adjusting and weighting the raw data.",0.9329999999999999,0.041299999999999996,0.001,0.0102,0.0143,0.0003,0.0
"Prepare data summaries, reports, or analyses that include results, charts, or graphs to document research findings and results.",0.8946999999999999,0.0658,0.0132,0.0,0.0263,0.0,0.0
"Prepare detailed workflow charts and diagrams that describe input, output, and logical operation, and convert them into a series of instructions coded in a computer language.",0.8162999999999999,0.068,0.0,0.0068000000000000005,0.08839999999999999,0.0204,0.0
Prepare diagnostic or treatment reports for other medical practitioners or therapists.,0.9872,0.0,0.0,0.0,0.0128,0.0,0.0
"Prepare documentation containing information such as confidential descriptions or specifications of proprietary hardware or software, product development or introduction schedules, product costs, or information about product performance weaknesses.",0.9147,0.030699999999999998,0.0051,0.0,0.0495,0.0,0.0
Prepare documentation for new manufacturing processes or engineering procedures.,0.8636,0.1364,0.0,0.0,0.0,0.0,0.0
"Prepare documentation or presentations, including charts, photos, or graphs.",0.84,0.02,0.01,0.0,0.13,0.0,0.0
"Prepare documents and correspondence, such as damage claims, credit and billing inquiries, invoices, and service complaints.",0.8769,0.09230000000000001,0.0,0.0,0.0308,0.0,0.0
"Prepare documents, such as invoices or warranties.",0.8298000000000001,0.1277,0.0,0.0213,0.0213,0.0,0.0
"Prepare drawings, estimates, and bids that meet specific customer needs.",0.6774,0.0968,0.0,0.0,0.22579999999999997,0.0,0.0
"Prepare electronic commerce designs or prototypes, such as storyboards, mock-ups, or other content, using graphics design software.",0.9148000000000001,0.011399999999999999,0.0,0.011399999999999999,0.0625,0.0,0.0
Prepare energy-related project reports or related documentation.,0.7323999999999999,0.056299999999999996,0.0,0.0,0.2113,0.0,0.0
"Prepare estimates used by management for purposes such as planning, organizing, and scheduling work.",1.0,0.0,0.0,0.0,0.0,0.0,0.0
"Prepare evaluations of software or hardware, and recommend improvements or upgrades.",0.8686,0.0154,0.0105,0.0044,0.013000000000000001,0.08800000000000001,0.0
Prepare financial reports to monitor client or corporate finances.,0.7847,0.0833,0.0,0.0,0.1319,0.0,0.0
"Prepare geometric layouts from graphic displays, using computer-assisted drafting software or drafting instruments and graph paper.",0.7895,0.0,0.0,0.0,0.21050000000000002,0.0,0.0
Prepare graphic representations or drawings of proposed plans or designs.,0.9265000000000001,0.0441,0.0,0.0,0.0294,0.0,0.0
"Prepare information regarding design, structure specifications, materials, color, equipment, estimated costs, or construction time.",0.9011,0.011000000000000001,0.011000000000000001,0.0,0.07690000000000001,0.0,0.0
"Prepare instructional program objectives, outlines, and lesson plans.",0.7463,0.044800000000000006,0.0,0.044800000000000006,0.1642,0.0,0.0
"Prepare invoices, reports, memos, letters, financial statements, and other documents, using word processing, spreadsheet, database, or presentation software.",0.7226,0.0387,0.006500000000000001,0.006500000000000001,0.2194,0.006500000000000001,0.0
"Prepare itemized statements, bills, or invoices and record amounts due for items purchased or services rendered.",0.8929,0.0,0.0,0.035699999999999996,0.07139999999999999,0.0,0.0
Prepare management reports defining and evaluating problems and recommending solutions.,0.9074,0.0556,0.018500000000000003,0.0,0.018500000000000003,0.0,0.0
Prepare meeting agendas or packets of related information.,0.8862000000000001,0.024300000000000002,0.0,0.0121,0.0728,0.0046,0.0
"Prepare meeting agendas, attend meetings, and record and transcribe minutes.",0.7879,0.030299999999999997,0.0,0.1818,0.0,0.0,0.0
"Prepare necessary criteria, procedures, reports, or plans for successful conduct of the project with consideration given to site preparation, facility validation, installation, quality assurance, or testing.",0.7653,0.054400000000000004,0.0204,0.013600000000000001,0.1463,0.0,0.0
"Prepare objectives, outlines, or other materials for courses of study, following curriculum guidelines or requirements.",0.8439,0.0231,0.0,0.0,0.1272,0.0058,0.0
"Prepare objectives, outlines, or other materials for courses of study, following curriculum guidelines or school or state requirements.",0.8667,0.0167,0.0,0.0167,0.1,0.0,0.0
"Prepare operating and maintenance manuals, studies, or reports.",0.7419,0.0538,0.0215,0.0215,0.1505,0.0108,0.0
Prepare operational or risk reports for management analysis.,0.9614,0.0165,0.0018,0.0018,0.0165,0.0018,0.0
Prepare or alter presentation contents to target specific audiences.,0.8612000000000001,0.015300000000000001,0.0040999999999999995,0.0102,0.10460000000000001,0.0046,0.0
"Prepare or assist in the preparation of applications for environmental, building, or other required permits.",0.8049,0.09759999999999999,0.0,0.024399999999999998,0.0732,0.0,0.0
"Prepare or direct preparation of financial statements, business activity reports, financial position forecasts, annual budgets, or reports required by regulatory agencies.",0.6842,0.0526,0.0,0.0263,0.2368,0.0,0.0
"Prepare or edit organizational publications, such as employee newsletters or stockholders' reports, for internal or external audiences.",0.8090999999999999,0.028900000000000002,0.0033,0.012199999999999999,0.1432,0.0033,0.0
"Prepare or interpret for clients information, such as investment performance reports, financial document summaries, or income projections.",0.9196,0.0077,0.0385,0.005,0.0231,0.0060999999999999995,0.0
"Prepare or maintain employment records related to events, such as hiring, termination, leaves, transfers, or promotions, using human resources management system software.",0.7757,0.1776,0.0,0.0187,0.0187,0.009300000000000001,0.0
Prepare or maintain inventory or production records.,0.7895,0.15789999999999998,0.0,0.0,0.0526,0.0,0.0
"Prepare or maintain required records, such as work activity or personnel reports.",0.8824,0.0588,0.0,0.0588,0.0,0.0,0.0
"Prepare or organize online storefront marketing material, including product descriptions or subject lines, optimizing content to search engine criteria.",0.9649,0.0097,0.0001,0.0025,0.0216,0.0012,0.0
"Prepare or present reports concerning activities, expenses, budgets, government statutes or rulings, or other items affecting businesses or program services.",0.9205,0.0227,0.0,0.011399999999999999,0.0455,0.0,0.0
Prepare or present technical or project status reports.,0.9399,0.016399999999999998,0.0055000000000000005,0.016399999999999998,0.016399999999999998,0.0055000000000000005,0.0
"Prepare or review reports, manuscripts, or meeting presentations.",0.958,0.0106,0.0040999999999999995,0.003,0.0165,0.0077,0.0
Prepare or validate documentation on automated logistics or maintenance-data reporting or management information systems.,0.8933,0.013300000000000001,0.0,0.08,0.0,0.013300000000000001,0.0
Prepare periodic accounting statements for clients.,0.8571,0.0,0.0,0.0,0.1429,0.0,0.0
"Prepare plans of action for investment, using financial analyses.",0.8238,0.0678,0.008100000000000001,0.0027,0.09759999999999999,0.0,0.0
"Prepare plans that outline operating procedures to be used in response to disasters or emergencies, such as hurricanes, nuclear accidents, and terrorist attacks, and in recovery from these events.",0.6818000000000001,0.0909,0.0,0.0,0.2273,0.0,0.0
Prepare progress or technical reports.,0.9306,0.0417,0.0,0.009300000000000001,0.018500000000000003,0.0,0.0
"Prepare project budgets, schedules, or specifications for labor or materials.",0.7424,0.030299999999999997,0.0,0.0,0.2273,0.0,0.0
"Prepare project status reports by collecting, analyzing, and summarizing information and trends.",0.9492,0.0169,0.0,0.0070999999999999995,0.024,0.0028000000000000004,0.0
"Prepare promotional plans, sales literature, media kits, and sales contracts, using computer.",0.7895,0.0702,0.0,0.0526,0.0877,0.0,0.0
Prepare reports and document project activities and data.,0.9013,0.0437,0.0,0.0129,0.037200000000000004,0.0049,0.0
"Prepare reports of activities, evaluations, recommendations, or decisions.",0.9238,0.019,0.019,0.0,0.0286,0.0095,0.0
"Prepare reports of findings, illustrating data graphically and translating complex findings into written text.",0.9206,0.0429,0.0043,0.0,0.03,0.0021,0.0
"Prepare reports of services rendered, tools used, or time required, for billing purposes.",1.0,0.0,0.0,0.0,0.0,0.0,0.0
Prepare reports on investigations or inspections and actions taken.,0.5,0.15,0.0,0.1,0.25,0.0,0.0
Prepare reports on logistics performance measures.,1.0,0.0,0.0,0.0,0.0,0.0,0.0
Prepare reports on operations and system productivity or efficiency.,0.9286,0.0325,0.006500000000000001,0.0097,0.0195,0.0032,0.0
Prepare reports on students and activities as required by administration.,0.9024,0.0,0.0,0.0,0.0732,0.024399999999999998,0.0
"Prepare reports or correspondence concerning project specifications, activities, or status.",0.6781,0.1477,0.0016,0.0327,0.1275,0.0124,0.0
"Prepare reports or recommendations, based upon research outcomes.",0.9,0.0,0.0,0.0,0.05,0.05,0.0
"Prepare reports summarizing operational results, financial performance, or accomplishments of specified objectives, goals, or plans.",0.9183,0.0378,0.0,0.008199999999999999,0.0337,0.002,0.0
Prepare reports to document patients' care activities.,0.9765,0.0088,0.0029,0.0,0.011699999999999999,0.0,0.0
Prepare reports to provide answers in response to specific problems.,0.9343,0.0242,0.0044,0.0015,0.0318,0.0038,0.0
"Prepare reports, deliver presentations, or participate in program review activities to communicate engineering results or recommendations.",0.7955,0.011399999999999999,0.11359999999999999,0.011399999999999999,0.011399999999999999,0.056799999999999996,0.0
Prepare requests for proposals or statements of work.,0.8571,0.0,0.047599999999999996,0.0,0.09519999999999999,0.0,0.0
Prepare requirements documentation for use by software developers.,0.6785,0.0622,0.0213,0.0018,0.2345,0.0018,0.0
Prepare responses to correspondence containing routine inquiries.,0.9041,0.0206,0.0015,0.0074,0.025099999999999997,0.041299999999999996,0.0
Prepare sales presentations or proposals to explain product specifications or applications.,0.8168000000000001,0.033,0.0,0.048,0.09910000000000001,0.003,0.0
"Prepare sample layouts for approval, using computer software.",0.8992,0.0183,0.0,0.0060999999999999995,0.0764,0.0,0.0
"Prepare students for performances, exams, or assessments.",0.4131,0.14429999999999998,0.2361,0.06559999999999999,0.0623,0.0787,0.0
Prepare tables and graphs to present clinical data or results.,0.8442000000000001,0.0519,0.0,0.013000000000000001,0.0909,0.0,0.0
"Prepare tables, graphs, fact sheets, and written reports summarizing research results.",0.8095,0.047599999999999996,0.0,0.0,0.1429,0.0,0.0
"Prepare technical and research reports, such as environmental impact reports, and communicate the results to individuals in industry, government, or the general public.",1.0,0.0,0.0,0.0,0.0,0.0,0.0
"Prepare technical reports and recommendations, based upon research outcomes.",0.9512,0.024399999999999998,0.0,0.0,0.024399999999999998,0.0,0.0
"Prepare technical reports for use by engineering, management, or sales personnel.",0.9159999999999999,0.0458,0.0076,0.0,0.0305,0.0,0.0
"Prepare technical reports of findings or recommendations, based on synthesized analyses of test results.",0.9377,0.024399999999999998,0.0051,0.0039000000000000003,0.0109,0.018000000000000002,0.0
Prepare two-dimensional concept layouts or three-dimensional mock-ups.,0.9283,0.0167,0.0,0.0079,0.0452,0.002,0.0
"Prepare works in appropriate format for publication, and send them to publishers or producers.",0.8946999999999999,0.0,0.0,0.0,0.10529999999999999,0.0,0.0
Prepare written documents to establish contracts with or communicate financial recommendations to clients.,0.5962,0.11539999999999999,0.0,0.0385,0.25,0.0,0.0
"Prepare, analyze, or verify annual reports, financial statements, and other records, using accepted accounting and statistical procedures to assess financial condition and facilitate financial planning.",0.828,0.0645,0.0,0.0,0.1075,0.0,0.0
"Prepare, compile, and submit reports on work activities, operations, production, or work-related accidents.",0.825,0.175,0.0,0.0,0.0,0.0,0.0
"Prepare, draft, and review legal documents, such as wills, deeds, patent applications, mortgages, leases, and contracts.",0.7816,0.0391,0.0046,0.0092,0.0874,0.0782,0.0
"Prepare, edit, or review legal documents, including legislation, briefs, pleadings, appeals, wills, contracts, and real estate closing statements.",0.762,0.0168,0.0072,0.0024,0.1346,0.07690000000000001,0.0
"Prepare, examine, or analyze accounting records, financial statements, or other financial reports to assess accuracy, completeness, and conformance to reporting and procedural standards.",0.9275,0.0362,0.0036,0.0036,0.0072,0.0217,0.0
"Prepare, maintain, or review validation and compliance documentation, such as engineering change notices, schematics, or protocols.",0.8636,0.0455,0.0,0.0,0.0909,0.0,0.0
"Prepare, maintain, or revise quality assurance documentation or procedures.",0.7136,0.1005,0.005,0.0,0.1809,0.0,0.0
"Prepare, organize, and maintain inspection records.",0.9091,0.0909,0.0,0.0,0.0,0.0,0.0
"Prepare, proofread, or process legal documents, such as summonses, subpoenas, complaints, appeals, motions, or pretrial agreements.",0.7333,0.026699999999999998,0.013300000000000001,0.0,0.18,0.0467,0.0
"Prepare, review, or maintain maintenance schedules, design documentation, or operational reports or charts.",0.7901,0.0617,0.0,0.049400000000000006,0.09880000000000001,0.0,0.0
"Prepare, review, or update environmental investigation or recommendation reports.",0.75,0.0833,0.0,0.0,0.125,0.0417,0.0
"Prepare, rewrite and edit copy to improve readability, or supervise others who do this work.",0.9651000000000001,0.018000000000000002,0.0003,0.0025,0.0127,0.0014000000000000002,0.0
"Present and explain proposals, reports, or findings to clients.",0.9531000000000001,0.006999999999999999,0.018799999999999997,0.009399999999999999,0.004699999999999999,0.006999999999999999,0.0
"Present and make recommendations regarding course design, technology, and instruction delivery options.",0.4752,0.0594,0.0891,0.099,0.22769999999999999,0.0495,0.0
Present bills and accept payments.,0.8364,0.1636,0.0,0.0,0.0,0.0,0.0
Present clear and concise explanations of governing rules and regulations.,0.8062,0.0062,0.1331,0.0091,0.019299999999999998,0.026099999999999998,0.0
"Present information in audio-visual or interactive formats, using computers, television, audio-visual aids, or other equipment, materials, or technologies.",0.875,0.0,0.0,0.0,0.125,0.0,0.0
"Present information in audio-visual or interactive formats, using computers, televisions, audio-visual aids, or other equipment, materials, or technologies.",0.963,0.037000000000000005,0.0,0.0,0.0,0.0,0.0
Present information to customers about the energy efficiency or environmental impact of scientific or technical products.,0.8261,0.0,0.1522,0.0217,0.0,0.0,0.0
"Present investment information, such as product risks, fees, or fund performance statistics.",0.8537,0.024399999999999998,0.024399999999999998,0.024399999999999998,0.0732,0.0,0.0
Price securities or commodities based on market conditions.,0.8344,0.1401,0.0,0.0,0.0,0.0255,0.0
"Process and prepare documents, such as business or government forms and expense reports.",0.8824,0.0588,0.0,0.0,0.0588,0.0,0.0
"Process and prepare memos, correspondence, travel vouchers, or other documents.",0.8803,0.021400000000000002,0.0,0.029900000000000003,0.0513,0.0171,0.0
Process and review employment applications to evaluate qualifications or eligibility of applicants.,0.8148000000000001,0.11109999999999999,0.0,0.037000000000000005,0.037000000000000005,0.0,0.0
"Process clinical data, including receipt, entry, verification, or filing of information.",0.9799,0.0,0.0,0.020099999999999996,0.0,0.0,0.0
"Process large amounts of data for statistical modeling and graphic analysis, using computers.",0.7722,0.0886,0.0,0.0,0.1329,0.0063,0.0
Process merchandise returns and exchanges.,0.8181999999999999,0.1818,0.0,0.0,0.0,0.0,0.0
"Process transactions, such as term deposits, retirement savings plan contributions, automated teller transactions, night deposits, and mail deposits.",0.5614,0.4386,0.0,0.0,0.0,0.0,0.0
Produce and distribute project documents.,0.7848,0.038,0.0,0.0127,0.1646,0.0,0.0
"Produce environmental assessment reports, tabulating data and preparing charts, graphs, or sketches.",0.9375,0.0,0.0,0.0,0.0625,0.0,0.0
"Produce medical reports, correspondence, records, patient-care information, statistics, medical research, and administrative material.",0.9562,0.004,0.0,0.004,0.0279,0.008,0.0
"Produce reports or presentations that outline findings, explain risk positions, or recommend changes.",0.9479000000000001,0.018799999999999997,0.0029,0.0072,0.0232,0.0,0.0
"Produce three-dimensional models, using computer-aided design (CAD) software.",0.7290000000000001,0.071,0.0,0.0129,0.18710000000000002,0.0,0.0
Produce written summary reports of financial research results.,0.8946999999999999,0.10529999999999999,0.0,0.0,0.0,0.0,0.0
"Program and use computers to store, process, and analyze data.",0.7836,0.155,0.001,0.0031,0.0552,0.0021,0.0
"Promote company products, services, and savings plans when appropriate.",0.8434,0.024700000000000003,0.0165,0.11259999999999999,0.0,0.0027,0.0
Proofread transcripts for correct spelling of words.,0.9718000000000001,0.0,0.0034999999999999996,0.0034999999999999996,0.006999999999999999,0.0141,0.0
"Proofread, edit, and revise translated materials.",0.8554,0.0192,0.0,0.001,0.021099999999999997,0.10339999999999999,0.0
Propose logistics solutions for customers.,0.9148999999999999,0.0,0.0213,0.0213,0.0426,0.0,0.0
Propose recommendations for improving content management system capabilities.,0.5789,0.10529999999999999,0.10529999999999999,0.0,0.21050000000000002,0.0,0.0
"Propose solutions in engineering, the sciences, and other fields using mathematical theories and techniques.",0.9155,0.046900000000000004,0.018799999999999997,0.004699999999999999,0.009399999999999999,0.004699999999999999,0.0
"Propose, review, or approve modifications to project plans.",0.6475,0.08810000000000001,0.0038,0.030699999999999998,0.2261,0.0038,0.0
Provide additional instruction in vocational areas.,0.4286,0.1429,0.23809999999999998,0.1429,0.0,0.047599999999999996,0.0
"Provide advice and consultation on economic relationships to businesses, public and private agencies, and other employers.",0.5856,0.0541,0.1802,0.0721,0.0541,0.0541,0.0
"Provide advice and technical assistance with cost analysis, fiscal allocation, and budget preparation.",0.7,0.025,0.075,0.0,0.175,0.025,0.0
Provide advice on best practices and implementation for selection.,0.7189,0.0757,0.0973,0.048600000000000004,0.048600000000000004,0.0108,0.0
"Provide advice on project costs, design concepts, or design changes.",0.4658,0.041100000000000005,0.06849999999999999,0.0548,0.3425,0.0274,0.0
"Provide advice on transportation options, types of carriers, or shipping routes.",0.7778,0.0,0.0,0.11109999999999999,0.11109999999999999,0.0,0.0
"Provide analytical support for the design and development of training curricula, learning strategies, educational policies, or courseware standards.",0.5962,0.0385,0.0962,0.0,0.1346,0.1346,0.0
Provide application or analytical support to researchers or traders on issues such as valuations or data.,0.8294,0.036699999999999997,0.0716,0.0092,0.0294,0.0239,0.0
Provide assistance to internal or external auditors in compliance reviews.,0.6842,0.0263,0.0263,0.0,0.0263,0.2368,0.0
"Provide clear, detailed descriptions of Web site specifications, such as product features, activities, software, communication protocols, programming languages, and operating systems software and hardware.",0.7890999999999999,0.059500000000000004,0.0078000000000000005,0.0091,0.132,0.0026,0.0
Provide clerical support to other departments.,0.9209,0.0216,0.0,0.0576,0.0,0.0,0.0
Provide communication instruction to dialect speakers or students with limited English proficiency.,0.6374,0.044000000000000004,0.1209,0.17579999999999998,0.011000000000000001,0.011000000000000001,0.0
Provide consultation or training on topics such as mechatronics or automated control.,0.5417000000000001,0.0,0.3125,0.0417,0.0417,0.0625,0.0
"Provide consultation to other health care providers in areas such as patient discharge, patient care, or clinical procedures.",0.40909999999999996,0.0909,0.2727,0.0,0.0455,0.1818,0.0
"Provide consultation to parents, teachers, administrators, and others on topics such as learning styles and behavior modification techniques.",0.5263,0.0395,0.2237,0.0789,0.09210000000000002,0.0395,0.0
"Provide consulting services in fields such as resource development and management, business location and market area analysis, environmental hazards, regional cultural history, and urban social planning.",0.6934999999999999,0.0726,0.0645,0.08869999999999999,0.0726,0.008100000000000001,0.0
"Provide consulting services, including educational programs, outreach programs, or prevention talks to schools, social service agencies, businesses, or the general public.",0.621,0.0091,0.23739999999999997,0.045700000000000005,0.0594,0.0274,0.0
"Provide counseling to patient and family members by providing information, education, or reassurance.",0.7143,0.09519999999999999,0.09519999999999999,0.0,0.047599999999999996,0.047599999999999996,0.0
Provide customer service by greeting and assisting customers and responding to customer inquiries and complaints.,0.4493,0.16219999999999998,0.0642,0.3007,0.0169,0.0068000000000000005,0.0
"Provide customers with information on routes, gates, prices, timetables, terminals, or concourses.",0.9,0.02,0.0,0.06,0.02,0.0,0.0
"Provide customers with information, such as quotes, orders, sales, shipping, warranties, credit, funding options, incentives, or tax rebates.",0.7662,0.030299999999999997,0.12119999999999999,0.056299999999999996,0.0216,0.0043,0.0
Provide customers with ongoing technical support.,0.375,0.3917,0.1417,0.05,0.0333,0.0083,0.0
"Provide direct service and support to individuals or clients, such as handling a referral for child advocacy issues, conducting a needs evaluation, or resolving complaints.",0.6195,0.10619999999999999,0.0088,0.23010000000000003,0.0354,0.0,0.0
Provide direction and assistance to other organizational units regarding accounting and budgeting policies and procedures and efficient control and utilization of financial resources.,0.75,0.0417,0.16670000000000001,0.0417,0.0,0.0,0.0
Provide education or counseling to individuals and families.,0.3846,0.0473,0.3728,0.13019999999999998,0.023700000000000002,0.0414,0.0
Provide feedback and recommendations to developers on software usability and functionality.,0.5859000000000001,0.1051,0.0323,0.0263,0.15960000000000002,0.0909,0.0
Provide feedback to health service providers regarding improving service accessibility or acceptability.,0.6444,0.0667,0.0,0.0889,0.0667,0.1333,0.0
"Provide feedback to students, using positive reinforcement techniques to encourage, motivate, or build confidence in students.",0.2691,0.2354,0.1895,0.13949999999999999,0.0664,0.1001,0.0
"Provide guests with information about local areas, including directions.",0.7284,0.0601,0.0626,0.1039,0.0388,0.0063,0.0
Provide individual support or counseling in general wellness or nutrition.,0.6341,0.163,0.0833,0.0779,0.0344,0.0072,0.0
Provide individualized instruction and tutorial or remedial instruction.,0.2158,0.253,0.3921,0.031200000000000002,0.022799999999999997,0.0851,0.0
"Provide information about establishment, such as location of departments or offices, employees within the organization, or services provided.",0.92,0.0067,0.0467,0.02,0.0,0.0067,0.0
"Provide information about rental items, such as availability, operation, or description.",0.6909000000000001,0.1273,0.0,0.14550000000000002,0.0364,0.0,0.0
"Provide information about, and enforce, regulations, such as those concerning environmental protection, resource utilization, fire safety, and accident prevention.",0.7368000000000001,0.0526,0.10529999999999999,0.0,0.10529999999999999,0.0,0.0
"Provide information and advice regarding drug interactions, side effects, dosage, and proper medication storage.",0.7313,0.0406,0.16879999999999998,0.0125,0.0125,0.0344,0.0
"Provide information or counseling regarding issues such as animal health care, behavior problems, or nutrition.",0.7659999999999999,0.0638,0.1277,0.0426,0.0,0.0,0.0
"Provide information, such as directions, visiting hours, or patient status information to visitors or callers.",0.6965,0.0308,0.0665,0.1887,0.0075,0.009899999999999999,0.0
Provide or coordinate troubleshooting support for data warehouses.,0.7474,0.1895,0.0053,0.0,0.0368,0.021099999999999997,0.0
Provide patients or caregivers with assistance in locating health care resources.,0.8475,0.0339,0.0508,0.0508,0.0,0.0169,0.0
"Provide patients with information needed to promote health, reduce risk factors, or prevent disease or disability.",0.9375,0.0,0.0625,0.0,0.0,0.0,0.0
"Provide private instruction to individual or small groups of students to improve academic performance, improve occupational skills, or prepare for academic or occupational tests.",0.2709,0.21030000000000001,0.3583,0.0499,0.0392,0.0713,0.0
"Provide regulatory guidance to departments or development project teams regarding design, development, evaluation, or marketing of products.",0.8,0.0167,0.0583,0.025,0.0833,0.0167,0.0
Provide requested information on students' progress and the development of case plans.,0.8421,0.0526,0.0,0.0,0.0526,0.0526,0.0
"Provide scientific or technical guidance or expertise to scientists, engineers, technologists, technicians, or others, using knowledge of chemical, analytical, or biological processes as applied to micro and nanoscale systems.",0.6875,0.0398,0.1705,0.017,0.0398,0.0455,0.0
"Provide staff and users with assistance solving computer-related problems, such as malfunctions and program problems.",0.3764,0.5101,0.061500000000000006,0.0308,0.013999999999999999,0.0073,0.0
Provide staff with assistance in performing difficult or complicated duties.,0.6884999999999999,0.12689999999999999,0.0115,0.1192,0.0385,0.0154,0.0
"Provide students with information on topics such as college degree programs and admission requirements, financial aid opportunities, trade and technical schools, and apprenticeship programs.",0.4603,0.0159,0.3651,0.15869999999999998,0.0,0.0,0.0
Provide system design and integration recommendations.,0.4194,0.17739999999999997,0.1935,0.0161,0.1613,0.0323,0.0
Provide technical advice and guidance to organizations on how to handle health-related problems and make needed changes.,0.8181999999999999,0.0,0.1364,0.0455,0.0,0.0,0.0
"Provide technical advice to industrial or managerial personnel regarding design, construction, program modifications, or structural repairs.",0.47119999999999995,0.0385,0.2115,0.0096,0.2212,0.0481,0.0
"Provide technical and non-technical support and services to clients or other staff members regarding the use, operation, and maintenance of equipment.",0.5022,0.1861,0.2078,0.060599999999999994,0.039,0.0043,0.0
Provide technical customer service.,0.5301,0.1777,0.16449999999999998,0.0661,0.039599999999999996,0.022000000000000002,0.0
"Provide technical direction or support to installation teams during installation, start-up, testing, system commissioning, or performance monitoring.",0.39130000000000004,0.43479999999999996,0.0652,0.0435,0.0435,0.0217,0.0
Provide technical direction to other engineers or engineering support personnel.,0.5013000000000001,0.09939999999999999,0.18170000000000003,0.0206,0.1097,0.0874,0.0
Provide technical expertise or support related to manufacturing.,0.4808,0.11539999999999999,0.2692,0.0385,0.07690000000000001,0.0192,0.0
Provide technical guidance or support for the development or troubleshooting of systems.,0.48460000000000003,0.31170000000000003,0.1009,0.030299999999999997,0.0516,0.0208,0.0
"Provide technical support for existing reports, dashboards, or other tools.",0.6598,0.1418,0.0902,0.028399999999999998,0.0593,0.0206,0.0
Provide technical support or instruction to staff or customers regarding electronics equipment standards.,0.5851,0.0664,0.2365,0.0166,0.053899999999999997,0.0415,0.0
Provide technical support to computer users for installation and use of security products.,0.6456999999999999,0.1076,0.13449999999999998,0.0179,0.0493,0.044800000000000006,0.0
"Provide technical support to designers, marketing and sales departments, suppliers, engineers and other team members throughout the product development and implementation process.",0.42310000000000003,0.1923,0.0641,0.0128,0.2821,0.0256,0.0
Provide technical support to junior staff or clients.,0.39740000000000003,0.2692,0.24359999999999998,0.0,0.0641,0.0256,0.0
"Provide technical support to other employees regarding mechanical design, fabrication, testing, or documentation.",0.5342,0.06849999999999999,0.2466,0.041100000000000005,0.041100000000000005,0.06849999999999999,0.0
Provide training and support to system designers and users.,0.4239,0.1747,0.2263,0.042800000000000005,0.1011,0.0313,0.0
Provide training or technical assistance in Web site implementation or use.,0.5094,0.1981,0.1698,0.1038,0.0189,0.0,0.0
Provide user support by diagnosing network and device problems and implementing technical or procedural solutions.,0.275,0.6692,0.0212,0.0212,0.0096,0.0038,0.0
Question patrons regarding desired services and haircut styles.,0.5056,0.1124,0.0,0.3371,0.0449,0.0,0.0
"Quote prices, credit terms, contract terms, or fulfillment dates for services.",0.878,0.0732,0.024399999999999998,0.0,0.024399999999999998,0.0,0.0
"Quote prices, credit terms, or other bid specifications.",0.6944,0.25,0.0556,0.0,0.0,0.0,0.0
"Read and analyze incoming memos, submissions, and reports to determine their significance and plan their distribution.",0.7006,0.0092,0.001,0.2779,0.005600000000000001,0.005600000000000001,0.0
"Read and interpret blueprints, schematics, work specifications, drawings, or charts.",0.9667,0.0333,0.0,0.0,0.0,0.0,0.0
"Read and interpret blueprints, technical drawings, schematics, or computer-generated reports.",0.8889,0.0556,0.0278,0.0,0.0,0.0278,0.0
"Read and interpret electronic circuit diagrams, function block diagrams, specifications, engineering drawings, and service manuals.",0.8966,0.0345,0.051699999999999996,0.0,0.0172,0.0,0.0
"Read and interpret engineering drawings, diagrams, instructions, or specifications to determine needed repairs, fabrication method, and operation sequence.",0.9420000000000001,0.014499999999999999,0.014499999999999999,0.014499999999999999,0.014499999999999999,0.0,0.0
"Read and understand operating manuals, blueprints, and technical drawings.",0.8387,0.0699,0.037599999999999995,0.0108,0.0323,0.0108,0.0
"Read copy or proof to detect and correct errors in spelling, punctuation, and syntax.",0.8873000000000001,0.008,0.0018,0.0138,0.0298,0.0592,0.0
Read corrected copies or proofs to ensure that all corrections have been made.,0.5714,0.0857,0.0,0.0,0.0286,0.3143,0.0
Read documentation to confirm the identity of the deceased.,0.9836,0.0,0.0,0.0,0.0,0.016399999999999998,0.0
Read documents on pleadings and motions to ascertain facts and issues.,0.8548,0.0137,0.0027,0.0,0.011000000000000001,0.11779999999999999,0.0
"Read from scripts or books to narrate action or to inform or entertain audiences, utilizing few or no stage props.",0.251,0.7078,0.0040999999999999995,0.0040999999999999995,0.0329,0.0,0.0
Read incoming correspondence to ascertain nature of writers' concerns and to determine disposition of correspondence.,0.7866,0.0069,0.0006,0.1967,0.0012,0.008100000000000001,0.0
"Read manuals, periodicals, and technical reports to learn how to develop programs that meet staff and user requirements.",0.8659,0.0432,0.023799999999999998,0.0432,0.0216,0.0022,0.0
Read search requests to ascertain types of title evidence required and to obtain descriptions of properties and names of involved parties.,0.9834,0.009899999999999999,0.0,0.0066,0.0,0.0,0.0
Read service guides to find information needed to perform repairs.,0.7778,0.1389,0.0,0.0556,0.0278,0.0,0.0
"Read source documents such as canceled checks, sales reports, or bills, and enter data in specific data fields or onto tapes or disks for subsequent entry, using keyboards or scanners.",0.9806,0.0143,0.0,0.0022,0.0029,0.0,0.0
"Read technical manuals, confer with users, or conduct computer diagnostics to investigate and resolve problems or to provide technical assistance and support.",0.7837999999999999,0.0795,0.0895,0.0265,0.0124,0.0083,0.0
"Read through contracts, regulations, and procedural guidelines to ensure comprehension and compliance.",0.9716,0.0087,0.0039000000000000003,0.0034999999999999996,0.0026,0.0096,0.0
Read work orders or receive oral instructions to determine work assignments or material or equipment needs.,0.6923,0.0897,0.0,0.2137,0.0043,0.0,0.0
"Read worker logs, product processing sheets, or specification sheets to verify that records adhere to quality assurance specifications.",0.8837,0.0,0.0,0.0233,0.0,0.09300000000000001,0.0
"Read written materials, such as legal documents, scientific works, or news reports, and rewrite material into specified languages.",0.986,0.002,0.0005,0.0054,0.0055000000000000005,0.0007000000000000001,0.0
"Read, evaluate and edit manuscripts or other materials submitted for publication, and confer with authors regarding changes in content, style or organization, or publication.",0.38299999999999995,0.037200000000000004,0.0106,0.0106,0.2766,0.28190000000000004,0.0
Receive and place telephone calls.,0.8954000000000001,0.050199999999999995,0.0,0.054400000000000004,0.0,0.0,0.0
Receive and process customer payments.,0.8667,0.0956,0.0,0.026699999999999998,0.0089,0.0022,0.0
Receive and respond to customer complaints.,0.637,0.21309999999999998,0.0034000000000000002,0.1309,0.012,0.0037,0.0
"Receive and route messages or documents, such as laboratory results, to appropriate staff.",0.9455,0.0545,0.0,0.0,0.0,0.0,0.0
"Receive payment by cash, check, credit cards, vouchers, or automatic debits.",0.8,0.1364,0.0091,0.0182,0.0182,0.0182,0.0
Receive payment or obtain credit authorization.,0.7006999999999999,0.2555,0.0,0.0073,0.0365,0.0,0.0
Recommend actions in fraud cases.,0.6304,0.0652,0.1304,0.0652,0.087,0.0217,0.0
"Recommend actions to ensure compliance with laws and regulations, or to protect solvency of institutions.",0.769,0.0236,0.0472,0.021,0.0682,0.0709,0.0
Recommend adjudication of product complaints.,0.9853000000000001,0.0,0.0,0.0,0.0147,0.0,0.0
"Recommend and implement measures to improve worker motivation, work methods, or customer services.",0.8787999999999999,0.060599999999999994,0.030299999999999997,0.030299999999999997,0.0,0.0,0.0
Recommend and implement performance improvements.,0.6518,0.1564,0.0819,0.0074,0.09119999999999999,0.011200000000000002,0.0
Recommend and provide advice on a wide variety of products and services.,0.7545000000000001,0.0387,0.10529999999999999,0.048600000000000004,0.0416,0.011200000000000002,0.0
"Recommend approval, denial, or conditional approval of proposals.",0.9582999999999999,0.011899999999999999,0.006,0.006,0.006,0.011899999999999999,0.0
Recommend changes that could improve service and increase operational efficiency.,0.7018000000000001,0.07339999999999999,0.061900000000000004,0.0482,0.10550000000000001,0.0092,0.0
Recommend changes to company procedures in response to changes in regulations or standards.,0.76,0.02,0.0,0.0,0.12,0.1,0.0
"Recommend changes to improve systems and network configurations, and determine hardware or software requirements related to such changes.",0.6640999999999999,0.1429,0.07919999999999999,0.0058,0.09269999999999999,0.0154,0.0
Recommend corrective or preventive actions to assure or improve product quality or reliability.,0.6751,0.0759,0.029500000000000002,0.0084,0.1013,0.1097,0.0
Recommend data-driven solutions to key stakeholders.,0.7286,0.0286,0.1429,0.0,0.07139999999999999,0.0286,0.0
Recommend design modifications to eliminate machine or system malfunctions.,0.5918,0.1837,0.061200000000000004,0.0204,0.12240000000000001,0.0204,0.0
"Recommend financial products, such as stocks, bonds, mutual funds, or insurance.",0.897,0.0215,0.0258,0.0086,0.038599999999999995,0.0086,0.0
Recommend information security enhancements to management.,0.8409,0.0545,0.0455,0.0182,0.0227,0.0182,0.0
Recommend interventions to modify behavior associated with health risks.,0.625,0.20829999999999999,0.0556,0.0278,0.0556,0.0278,0.0
"Recommend investments and investment timing to companies, investment firm staff, or the public.",0.9551999999999999,0.021099999999999997,0.0036,0.0021,0.0111,0.0068000000000000005,0.0
"Recommend mark-up rates, mark-down rates, or merchandise selling prices.",0.5868,0.19829999999999998,0.07440000000000001,0.0083,0.124,0.0083,0.0
Recommend merchandise or services that will meet customers' needs.,0.8173,0.0385,0.0192,0.0385,0.0481,0.0385,0.0
"Recommend methods for improving utilization of personnel, material, and utilities.",0.78,0.06,0.08,0.02,0.04,0.02,0.0
Recommend methods to increase lifestyle physical activity.,0.5607,0.10279999999999999,0.0748,0.1495,0.08410000000000001,0.027999999999999997,0.0
"Recommend necessary corrective actions, based on inspection results.",0.7227,0.042800000000000005,0.0236,0.022099999999999998,0.0664,0.12240000000000001,0.0
Recommend new systems and processes to improve operations.,0.6073,0.1386,0.1023,0.033,0.10890000000000001,0.009899999999999999,0.0
"Recommend or implement methods to monitor, evaluate, or enable resolution of safety, operations, or compliance interruptions.",0.8604999999999999,0.0698,0.0233,0.04650000000000001,0.0,0.0,0.0
"Recommend or implement personnel actions, such as employee selection, evaluation, rewards, or disciplinary actions.",0.8571,0.07139999999999999,0.0,0.0,0.047599999999999996,0.023799999999999998,0.0
"Recommend procedures for detection, prevention, and elimination of physical, chemical, or other product hazards.",0.7807999999999999,0.0274,0.1096,0.0548,0.0,0.0274,0.0
"Recommend procedures, equipment, or software upgrades to increase data accessibility or ease of use.",0.5918,0.102,0.1361,0.054400000000000004,0.11560000000000001,0.0,0.0
"Recommend product or component design improvements, based on test data or observations.",0.6408,0.1456,0.0291,0.0,0.1359,0.048499999999999995,0.0
Recommend product or service improvements to employers.,0.8873000000000001,0.0282,0.0,0.042300000000000004,0.0282,0.0141,0.0
"Recommend products to customers, based on customers' needs and interests.",0.8676999999999999,0.0412,0.0253,0.023399999999999997,0.039900000000000005,0.0026,0.0
Recommend remedial procedures to correct any violations found during inspections.,0.7326999999999999,0.0495,0.039599999999999996,0.0297,0.019799999999999998,0.12869999999999998,0.0
Recommend resolution of identified deviations from established product or process standards.,0.7692,0.0385,0.0,0.0,0.11539999999999999,0.07690000000000001,0.0
"Recommend special diets to improve athletes' health, increase their stamina, or alter their weight.",0.7143,0.0857,0.0,0.0286,0.1429,0.0286,0.0
"Recommend tests or testing conditions in accordance with designs, customer requirements, or industry standards to ensure test validity.",0.7059000000000001,0.0588,0.0588,0.0588,0.1176,0.0,0.0
Recommend the use of vitamin and mineral supplements to enhance the health of patients and children.,0.6462,0.13849999999999998,0.1231,0.0,0.061500000000000006,0.0308,0.0
"Recommend to clients strategies in cash management, insurance coverage, investment planning, or other areas to help them achieve their financial goals.",0.7059000000000001,0.0392,0.0392,0.0392,0.15689999999999998,0.0196,0.0
Recommend ways to control or reduce risk.,0.74,0.052000000000000005,0.076,0.024,0.07,0.038,0.0
"Recommend workplace changes to improve health and safety, using knowledge of potentially harmful factors, such as heavy loads or repetitive motions.",0.5882000000000001,0.1765,0.0588,0.0588,0.0588,0.0588,0.0
"Recommend, select, and help locate or obtain merchandise based on customer needs and desires.",0.7159,0.1096,0.014499999999999999,0.0414,0.11630000000000001,0.0022,0.0
"Record and compile operational data by completing and maintaining forms, logs, or reports.",0.9098,0.0533,0.0,0.0192,0.0163,0.0015,0.0
Record and edit the minutes of meetings and distribute to appropriate officials or staff members.,0.7857,0.15710000000000002,0.0,0.0429,0.0143,0.0,0.0
"Record and maintain files or records of customer requests, work or services performed, charges, expenses, inventory, or other dispatch information.",0.8571,0.09519999999999999,0.0,0.047599999999999996,0.0,0.0,0.0
"Record and maintain patient information, such as vital signs, eating habits, behavior, progress notes, treatments, or discharge plans.",0.8049,0.122,0.0,0.0732,0.0,0.0,0.0
Record and process results of procedures.,0.95,0.05,0.0,0.0,0.0,0.0,0.0
"Record and report job-related activities, findings, transactions, violations, discrepancies, and decisions.",0.7447,0.1702,0.0,0.0426,0.0426,0.0,0.0
"Record and report time, materials, faults, deficiencies, or other unusual occurrences on work orders.",0.8332999999999999,0.1042,0.0,0.0208,0.0417,0.0,0.0
"Record details of attendance, sales, receipts, reservations, or repair activities.",0.9091,0.0364,0.0,0.0182,0.0182,0.0182,0.0
"Record details of calls, dispatches, and messages.",0.9231,0.0256,0.0,0.0513,0.0,0.0,0.0
"Record information, such as cash receipts and ticket fares, and maintain log book.",0.8245999999999999,0.12279999999999999,0.0,0.0175,0.0351,0.0,0.0
"Record information, such as personnel, production, or operational data on specified forms or reports.",0.7641,0.13849999999999998,0.0,0.0718,0.0256,0.0,0.0
"Record laboratory or field data, including numerical data, test results, photographs, or summaries of visual observations.",1.0,0.0,0.0,0.0,0.0,0.0,0.0
Record operational data on specified forms.,0.807,0.0965,0.0,0.0789,0.0175,0.0,0.0
Record operational or production data on specified forms.,0.8476,0.1023,0.0021,0.0397,0.0063,0.0021,0.0
"Record or compile test results or prepare graphs, charts, or reports.",0.8889,0.11109999999999999,0.0,0.0,0.0,0.0,0.0
Record or oversee recording of information to ensure currency of engineering drawings and documentation of production problems.,0.8695999999999999,0.0,0.0,0.0435,0.087,0.0,0.0
Record production and operational data on specified forms.,0.7907,0.1628,0.0,0.0116,0.0233,0.0116,0.0
Record production or operational data on specified forms.,0.8571,0.10710000000000001,0.0,0.0,0.035699999999999996,0.0,0.0
Record sales or delivery information on daily sales or delivery record.,0.9381,0.053099999999999994,0.0,0.0,0.0088,0.0,0.0
Record symbols on computer storage media and use computer aided transcription to translate and display them as text.,0.8815999999999999,0.0395,0.0,0.0658,0.0132,0.0,0.0
"Record test data and prepare reports, summaries, or charts that interpret test results.",0.9167000000000001,0.0833,0.0,0.0,0.0,0.0,0.0
Record the specifics of malfunctioning machines and document malfunctions needing repair.,0.9301999999999999,0.0233,0.0233,0.0233,0.0,0.0,0.0
"Record transaction information on forms or logs, and notify designated personnel of discrepancies.",0.8809999999999999,0.0833,0.0,0.023799999999999998,0.0,0.011899999999999999,0.0
Record work activities performed.,0.7711,0.12050000000000001,0.012,0.0361,0.0602,0.0,0.0
"Record, process, and maintain patient data or treatment records and prepare reports.",0.9195,0.046,0.0,0.023,0.0115,0.0,0.0
Recruit staff members.,0.8111,0.0889,0.005600000000000001,0.07780000000000001,0.0111,0.005600000000000001,0.0
"Refer clients to community resources for services, such as job placement, debt counseling, legal aid, housing, medical treatment, or financial assistance, and provide concrete information, such as where to go and how to apply.",0.6154,0.16920000000000002,0.0462,0.15380000000000002,0.0154,0.0,0.0
"Refer clients to other specialists, institutions, or support services as necessary.",0.8,0.0,0.12,0.08,0.0,0.0,0.0
Refer guest problems or complaints to supervisors.,0.6,0.3111,0.0,0.0889,0.0,0.0,0.0
Refer patients to other health care practitioners as necessary.,0.7646999999999999,0.1176,0.0,0.1176,0.0,0.0,0.0
Refer patients to other health professionals or agencies when appropriate.,0.7115,0.0962,0.0385,0.1346,0.0,0.0192,0.0
"Refer people to community support services, psychologists, or doctors.",0.3333,0.09519999999999999,0.0,0.5714,0.0,0.0,0.0
"Refer to schematic drawings, product manuals, and troubleshooting guides to diagnose and repair problems.",0.7406999999999999,0.22219999999999998,0.037000000000000005,0.0,0.0,0.0,0.0
Refer unresolved customer grievances to designated departments for further investigation.,0.5023,0.4047,0.0,0.0837,0.009300000000000001,0.0,0.0
"Reformat documents, moving paragraphs or columns.",0.9311,0.0219,0.0018,0.011899999999999999,0.0288,0.0046,0.0
Relay or route written or verbal messages.,0.7506,0.15380000000000002,0.005,0.067,0.0149,0.0087,0.0
"Relay work orders, messages, or information to or from work crews, supervisors, or field inspectors, using telephones or two-way radios.",0.6944,0.3056,0.0,0.0,0.0,0.0,0.0
Report delays or accidents.,0.8332999999999999,0.037000000000000005,0.0,0.12960000000000002,0.0,0.0,0.0
"Report delays, accidents, or other traffic and transportation situations, using telephones or mobile two-way radios.",0.8889,0.0,0.0,0.11109999999999999,0.0,0.0,0.0
Report equipment problems and ensure that required repairs are made.,0.8170999999999999,0.0366,0.0,0.1463,0.0,0.0,0.0
"Report project plans, progress, and results.",0.7709,0.1294,0.013500000000000002,0.066,0.016200000000000003,0.004,0.0
"Report project status, such as budget, resources, technical issues, or customer satisfaction, to managers.",0.7856000000000001,0.11710000000000001,0.0018,0.08289999999999999,0.009899999999999999,0.0027,0.0
"Report results of statistical analyses, including information in the form of graphs, charts, and tables.",0.8208,0.036699999999999997,0.0,0.002,0.1365,0.0040999999999999995,0.0
"Report to management about asset utilization and audit results, and recommend changes in operations and financial activities.",0.9129999999999999,0.087,0.0,0.0,0.0,0.0,0.0
Report to management regarding the finances of establishment.,0.7726999999999999,0.2273,0.0,0.0,0.0,0.0,0.0
Request and review project updates to ensure deadlines are met.,0.7429000000000001,0.0706,0.0028000000000000004,0.1638,0.019799999999999998,0.0,0.0
"Research and analyze customer design proposals, specifications, manuals, or other data to evaluate the feasibility, cost, or maintenance requirements of designs or applications.",0.8621,0.0,0.051699999999999996,0.0,0.069,0.0172,0.0
"Research and analyze laws, regulations, policies, and precedent decisions to prepare for hearings and to determine conclusions.",0.8870999999999999,0.0121,0.0323,0.004,0.0363,0.0282,0.0
"Research and apply innovative solutions for product design, visuals, and user experience to meet the needs of individual Web development projects.",0.7458,0.046,0.001,0.0068000000000000005,0.2,0.0003,0.0
"Research and evaluate suppliers, based on price, quality, selection, service, support, availability, reliability, production and distribution capabilities, and the supplier's reputation and history.",0.9261,0.0542,0.0,0.0049,0.009899999999999999,0.0049,0.0
Research and identify potential customers for products or services.,0.9553,0.024300000000000002,0.0039000000000000003,0.0039000000000000003,0.010700000000000001,0.0019,0.0
Research and test new or modified hardware or software products to determine performance and interoperability.,0.6,0.225,0.1,0.0,0.025,0.05,0.0
"Research current trends and new technology, such as printing production techniques, computer software, and design trends.",0.8452,0.035699999999999996,0.0833,0.023799999999999998,0.0,0.011899999999999999,0.0
Research hardware or software products to meet technical networking or security needs.,0.7797,0.1186,0.0339,0.0,0.0508,0.0169,0.0
Research information requested by farmers.,0.8108,0.027000000000000003,0.1351,0.0,0.0,0.027000000000000003,0.0
"Research laws, court decisions, documents, opinions, briefs, or other information related to cases before the court.",0.8364,0.0,0.0545,0.0,0.0727,0.0364,0.0
"Research laws, regulations, policies, or precedent decisions to prepare for hearings.",0.625,0.125,0.0625,0.0,0.125,0.0625,0.0
Research legal issues and write opinions on the issues.,0.8276,0.0,0.069,0.0,0.0345,0.069,0.0
Research new financial products or analytics to determine their usefulness.,0.9831,0.0,0.0085,0.0,0.0,0.0085,0.0
Research new software or design concepts.,0.6731,0.1432,0.0876,0.0064,0.0855,0.0043,0.0
"Research production specifications, costs, production materials, and manufacturing methods and provide cost estimates and itemized production requirements.",0.8361,0.016399999999999998,0.0246,0.0,0.1066,0.016399999999999998,0.0
"Research production topics using the internet, video archives, and other informational sources.",0.8824,0.1176,0.0,0.0,0.0,0.0,0.0
"Research the history of a particular country or region, or of a specific time period.",0.7805,0.024399999999999998,0.122,0.024399999999999998,0.024399999999999998,0.024399999999999998,0.0
Research the target audience of projects.,0.9172,0.0296,0.0,0.0296,0.023700000000000002,0.0,0.0
"Research various topics, including site history, environmental conditions, and clients' skills and abilities to plan appropriate expeditions, instruction, and commentary.",0.898,0.0255,0.0204,0.051,0.0,0.0051,0.0
"Research, compile, analyze and organize information from maps, reports, investigations, and books for use in reports and special projects.",0.9924,0.0,0.0,0.0,0.0076,0.0,0.0
"Research, compile, and prepare reports, manuals, correspondence, or other information required by management or governmental agencies.",0.9377,0.020099999999999996,0.0015,0.0031,0.0361,0.0015,0.0
"Research, design, evaluate, install, operate, or maintain mechanical products, equipment, systems or processes to meet requirements.",0.9,0.0167,0.0,0.0,0.0333,0.05,0.0
"Research, document, rate, or select alternatives for Web architecture or technologies.",0.6154,0.07690000000000001,0.18460000000000001,0.0,0.10769999999999999,0.0154,0.0
"Research, evaluate, and prepare recommendations on curricula, instructional methods, and materials for school systems.",0.8,0.0,0.0,0.0,0.0,0.2,0.0
"Research, test, or verify proper functioning of software patches and fixes.",0.764,0.188,0.0,0.012,0.008,0.027999999999999997,0.0
"Resolve any problems with itineraries, service, or accommodations.",0.746,0.1429,0.0,0.0635,0.047599999999999996,0.0,0.0
Resolve customer complaints or answer customers' questions regarding policies and procedures.,0.6643000000000001,0.15,0.0814,0.0786,0.0143,0.011399999999999999,0.0
"Resolve customer complaints regarding problems, such as payout errors.",0.6743000000000001,0.2514,0.011399999999999999,0.051399999999999994,0.005699999999999999,0.005699999999999999,0.0
Resolve customer complaints regarding sales and service.,0.7238,0.2286,0.0063,0.0349,0.0063,0.0,0.0
Resolve customer complaints.,0.7127,0.228,0.0040999999999999995,0.0347,0.017,0.0034000000000000002,0.0
"Resolve customers' service or billing complaints by performing activities such as exchanging merchandise, refunding money, or adjusting bills.",0.6862999999999999,0.27449999999999997,0.0,0.0098,0.0294,0.0,0.0
"Resolve problems concerning transportation, logistics systems, imports or exports, or customer issues.",0.7692,0.23079999999999998,0.0,0.0,0.0,0.0,0.0
Resolve problems or discrepancies concerning customers' accounts.,0.6765000000000001,0.2647,0.0,0.0441,0.0147,0.0,0.0
"Respond to customer and supplier inquiries about order status, changes, or cancellations.",0.75,0.17859999999999998,0.0,0.035699999999999996,0.035699999999999996,0.0,0.0
"Respond to customer complaints, legal inquiries, payment negotiations, or other post-service matters.",0.7339,0.1855,0.008100000000000001,0.0403,0.0242,0.008100000000000001,0.0
Respond to customer inquiries or complaints.,0.6335999999999999,0.2737,0.0084,0.0623,0.0159,0.0062,0.0
"Respond to passengers' questions, requests, or complaints.",0.7143,0.1905,0.0,0.09519999999999999,0.0,0.0,0.0
"Respond to questions from patrons, and provide information about animals, such as behavior, habitat, breeding habits, or facility activities.",0.6739,0.054299999999999994,0.054299999999999994,0.1739,0.0109,0.0326,0.0
Respond to requests for assistance during emergencies or crises.,0.0882,0.29410000000000003,0.0294,0.5294,0.0294,0.0294,0.0
Respond to requests for information about employers' activities or status.,0.7273000000000001,0.060599999999999994,0.030299999999999997,0.1515,0.030299999999999997,0.0,0.0
"Respond to user email inquiries, or set up automated systems to send responses.",0.8926000000000001,0.0392,0.0046,0.0218,0.0301,0.011699999999999999,0.0
"Retrieve electronic assets from repository for distribution to users, collecting and returning to repository, if necessary.",0.8861,0.038599999999999995,0.005699999999999999,0.0571,0.0104,0.002,0.0
"Review advertising trends, consumer surveys, and other data regarding marketing of goods and services to determine the best way to promote products.",0.9167000000000001,0.0278,0.0278,0.0278,0.0,0.0,0.0
"Review all regulatory agency submission materials to ensure timeliness, accuracy, comprehensiveness, or compliance with regulatory standards.",0.8711,0.0038,0.0015,0.011699999999999999,0.0021,0.10980000000000001,0.0
"Review and analyze computer printouts and performance indicators to locate code problems, and correct errors by correcting codes.",0.562,0.3306,0.0083,0.0,0.07440000000000001,0.0248,0.0
"Review and analyze legislation, laws, or public policy and recommend changes to promote or support interests of the general population or special groups.",0.805,0.0189,0.0629,0.044000000000000004,0.050300000000000004,0.0189,0.0
"Review and analyze new, proposed, or revised laws, regulations, policies, and procedures to interpret their meaning and determine their impact.",0.9597,0.0053,0.0072,0.0048,0.0072,0.0158,0.0
"Review and analyze specifications, sketches, drawings, ideas, and related data to assess factors affecting component designs and the procedures and instructions to be followed.",0.9173,0.0236,0.0276,0.0,0.0236,0.0079,0.0
Review and detail shop drawings for construction plans.,1.0,0.0,0.0,0.0,0.0,0.0,0.0
"Review and edit transcribed reports or dictated material for spelling, grammar, clarity, consistency, and proper medical terminology.",1.0,0.0,0.0,0.0,0.0,0.0,0.0
"Review and evaluate data on documents, such as claim applications, birth or death certificates, or physician or employer records.",0.9781,0.0,0.0,0.0,0.0146,0.0073,0.0
"Review and evaluate new and current programs to determine their efficiency, effectiveness, and compliance with state, local, and federal regulations and recommend any necessary modifications.",0.9098,0.0084,0.0033,0.0115,0.0042,0.0629,0.0
Review and update credit and loan files.,0.8148000000000001,0.0741,0.0,0.037000000000000005,0.0,0.0741,0.0
Review and update standard operating procedures or quality assurance manuals.,0.6905,0.09519999999999999,0.0,0.023799999999999998,0.1905,0.0,0.0
Review billing for accuracy.,0.9853000000000001,0.0,0.0,0.0,0.0074,0.0074,0.0
Review books and journal articles for potential publication.,0.8844,0.0058,0.0,0.0,0.0,0.10980000000000001,0.0
"Review catalogs, industry periodicals, directories, trade journals, and Internet sites and consult with other department personnel to locate necessary goods and services.",0.9037999999999999,0.0321,0.0064,0.0321,0.0192,0.0064,0.0
"Review civil design, engineering, or construction technical documentation to ensure compliance with applicable government or industrial codes, standards, requirements, or regulations.",0.8986,0.0087,0.0017000000000000001,0.0,0.0034999999999999996,0.0874,0.0
"Review class material with students by discussing text, working solutions to problems, or reviewing worksheets or other assignments.",0.45189999999999997,0.2889,0.1852,0.0148,0.0074,0.0519,0.0
"Review commercial vehicle logs, shipping papers, or driver and equipment records to detect any problems or to ensure compliance with regulations.",0.9129999999999999,0.0435,0.0,0.0,0.0,0.0435,0.0
Review compiled data on operating costs and revenues to set rates.,0.8162999999999999,0.1444,0.0,0.0105,0.015700000000000002,0.0131,0.0
"Review complaints, petitions, motions, or pleadings that have been filed to determine issues involved or basis for relief.",0.9365000000000001,0.0,0.0079,0.0,0.0079,0.047599999999999996,0.0
Review contents of written orders to ensure adherence to legal requirements.,0.8957999999999999,0.004699999999999999,0.0011,0.011000000000000001,0.0022,0.08529999999999999,0.0
Review customer requests for service to determine service needs and deploy appropriate resources to provide service.,0.9789,0.005,0.0,0.011200000000000002,0.0025,0.0025,0.0
"Review data about material assets, net worth, liabilities, capital stock, surplus, income, or expenditures.",0.9706,0.0147,0.0,0.0147,0.0,0.0,0.0
Review data from contract laboratories to ensure accuracy and regulatory compliance.,0.8421,0.0,0.0,0.0,0.0,0.15789999999999998,0.0
"Review design drawings or technical documents for completeness, correctness, or appropriateness.",0.875,0.0125,0.0,0.0,0.0,0.1125,0.0
"Review designs, codes, test plans, or documentation to ensure quality.",0.802,0.039599999999999996,0.0,0.009899999999999999,0.0,0.1485,0.0
Review documents written by others.,0.6364,0.0121,0.0021,0.01,0.0104,0.32899999999999996,0.0
Review electrical engineering plans to ensure adherence to design specifications and compliance with applicable electrical codes and standards.,0.9615,0.0,0.0,0.0,0.0,0.0385,0.0
Review employment applications and job orders to match applicants with job requirements.,0.8621,0.10339999999999999,0.0,0.0,0.0,0.0345,0.0
"Review existing or incoming data for currency, accuracy, usefulness, quality, or completeness of documentation.",0.9521999999999999,0.0044,0.0011,0.0199,0.0022,0.020099999999999996,0.0
"Review existing standards, controls, or equipment used, recommending changes or upgrades as needed.",0.7108,0.0361,0.0602,0.0,0.1325,0.0602,0.0
"Review files, records, and other documents to obtain information to respond to requests.",0.8464,0.0454,0.0438,0.030299999999999997,0.0232,0.0109,0.0
"Review financial statements, sales or activity reports, or other performance data to identify opportunities for cost reductions or service improvements.",0.8513,0.1133,0.0072,0.0048,0.0225,0.0008,0.0
"Review financial statements, sales or activity reports, or other performance data to measure productivity or goal achievement or to identify areas needing cost reduction or program improvement.",0.8676,0.1173,0.0029,0.0036,0.0077,0.001,0.0
Review forensic analysts' reports for technical merit.,0.7761,0.002,0.0,0.0098,0.0,0.2121,0.0
Review illustrative material to determine if it conforms to standards and specifications.,0.9222,0.0111,0.0,0.0222,0.0111,0.0333,0.0
"Review information about transfers of property to ensure its accuracy, checking basic information on buyers, sellers, and sales prices and making corrections as necessary.",1.0,0.0,0.0,0.0,0.0,0.0,0.0
"Review instructional content, methods, and student evaluations to assess strengths and weaknesses, and to develop recommendations for course revision, development, or elimination.",0.586,0.0,0.0,0.0064,0.0127,0.39490000000000003,0.0
"Review invoices, work orders, consumption reports, or demand forecasts to estimate peak performance periods and to issue work assignments.",0.9403,0.0547,0.0,0.0,0.005,0.0,0.0
Review legal publications and perform database searches to identify laws and court decisions relevant to pending cases.,0.7539,0.053,0.1184,0.0062,0.053,0.015600000000000001,0.0
Review manuscripts for publication in books and professional journals.,0.7241,0.0086,0.0129,0.0,0.0172,0.2371,0.0
Review operational records and reports to project sales and determine profitability.,0.927,0.0273,0.0034999999999999996,0.0097,0.0268,0.005699999999999999,0.0
"Review or approve designs, calculations, or cost estimates.",0.7368000000000001,0.0526,0.0053,0.0158,0.0316,0.15789999999999998,0.0
"Review or update Web page content or links in a timely manner, using appropriate tools.",0.7201000000000001,0.1137,0.0006,0.0083,0.1565,0.0006,0.0
Review papers for colleagues and scientific journals.,0.7631,0.0012,0.0034999999999999996,0.0058,0.009300000000000001,0.21719999999999998,0.0
Review papers for publication in journals.,0.7534000000000001,0.0034000000000000002,0.0,0.0137,0.020499999999999997,0.2089,0.0
Review physician's referral and patient's medical records to help determine diagnosis and physical therapy treatment required.,1.0,0.0,0.0,0.0,0.0,0.0,0.0
Review plans and confer with research or support staff to develop new products or processes.,0.4865,0.2162,0.027000000000000003,0.027000000000000003,0.2432,0.0,0.0
"Review processing schedules or production orders to make decisions concerning inventory requirements, staffing requirements, work procedures, or duty assignments, considering budgetary limitations and time constraints.",0.8151999999999999,0.17059999999999997,0.0,0.004699999999999999,0.0070999999999999995,0.0024,0.0
Review product designs for manufacturability or completeness.,0.8539,0.0337,0.0,0.0,0.0393,0.073,0.0
"Review product promotional materials, labeling, batch records, specification sheets, or test methods for compliance with applicable regulations and policies.",0.9578,0.0084,0.0,0.0,0.0042,0.029500000000000002,0.0
"Review project activities and prepare and review research, testing, or operational reports.",0.9525,0.0225,0.0004,0.0151,0.0068000000000000005,0.0028000000000000004,0.0
"Review published materials and recommend revisions or changes in scope, format, content, and methods of reproduction and binding.",0.7273000000000001,0.0,0.0,0.0,0.1818,0.0909,0.0
Review purchase order claims and contracts for conformance to company policy.,0.951,0.021,0.0,0.006999999999999999,0.0,0.021,0.0
Review quality documentation necessary for regulatory submissions and inspections.,0.8397,0.0070999999999999995,0.0009,0.0165,0.0046,0.13119999999999998,0.0
"Review records or reports for clarity and completeness and maintain records or reports, as required under federal law.",0.9209999999999999,0.005600000000000001,0.0014000000000000002,0.0236,0.0044,0.0441,0.0
"Review records or reports pertaining to activities such as production, payroll, or shipping to verify details, monitor work activities, or evaluate performance.",0.8881999999999999,0.0435,0.0,0.0124,0.0062,0.049699999999999994,0.0
Review reports of securities transactions or price lists to analyze market conditions.,0.9620000000000001,0.0285,0.0009,0.0028000000000000004,0.0038,0.0019,0.0
Review reports submitted by staff members to recommend approval or to suggest changes.,0.9678,0.0037,0.0,0.0121,0.0058,0.0105,0.0
"Review rough sketches, drawings, specifications, and other engineering data to ensure that they conform to design concepts.",0.9167000000000001,0.0194,0.0028000000000000004,0.0028000000000000004,0.0139,0.0444,0.0
Review security assessments for computing environments or check for compliance with cybersecurity standards and regulations.,0.8649,0.0473,0.0,0.0405,0.0,0.0473,0.0
Review subject matter of materials to be classified and select classification numbers and headings according to classification systems.,0.9904999999999999,0.0013,0.0003,0.006500000000000001,0.0011,0.0005,0.0
Review technical documents to ensure completeness and conformance to requirements.,0.8541,0.0175,0.0013,0.0039000000000000003,0.0076,0.1157,0.0
Review video surveillance footage.,0.9848,0.0152,0.0,0.0,0.0,0.0,0.0
"Review work done by others to check for correct spelling and grammar, ensure that company format policies are followed, and recommend revisions.",0.6555,0.012199999999999999,0.0,0.0046,0.010700000000000001,0.3171,0.0
Review work plans to schedule activities.,0.7361,0.11109999999999999,0.0,0.09720000000000001,0.0556,0.0,0.0
"Review work procedures and operational problems to determine ways to improve service, performance, or safety.",0.8388,0.0824,0.008199999999999999,0.0435,0.0215,0.0055000000000000005,0.0
"Review workflow charts developed by programmer analyst to understand tasks computer will perform, such as updating records.",0.9145,0.011200000000000002,0.0223,0.0409,0.0074,0.0037,0.0
"Review written, audio, or video copy, and correct errors in content, grammar, or punctuation, following prescribed editorial style and formatting guidelines.",0.8653,0.0155,0.0004,0.0089,0.0326,0.07730000000000001,0.0
"Review, classify, and record survey data in preparation for computer analysis.",0.9919,0.0040999999999999995,0.0,0.0,0.0040999999999999995,0.0,0.0
"Review, evaluate, and approve specifications for issuing and awarding bids.",0.8865999999999999,0.0,0.0,0.030899999999999997,0.0,0.0825,0.0
Revise work to meet editorial approval or to fit time or space requirements.,0.8645999999999999,0.0209,0.0011,0.0021,0.1085,0.0028000000000000004,0.0
"Revise written material to meet personal standards and to satisfy needs of clients, publishers, directors, or producers.",0.6634,0.0216,0.0013,0.004699999999999999,0.29469999999999996,0.0144,0.0
"Schedule and confirm appointments for clients, customers, or supervisors.",0.7513,0.1589,0.005,0.0604,0.0213,0.0031,0.0
"Schedule and confirm patient diagnostic appointments, surgeries, or medical consultations.",0.5349,0.3256,0.0233,0.0698,0.04650000000000001,0.0,0.0
Schedule and make appointments.,0.7086,0.1242,0.005,0.0795,0.0762,0.0066,0.0
Schedule appointments and maintain and update appointment calendars.,0.6676000000000001,0.1782,0.0106,0.053200000000000004,0.0904,0.0,0.0
Schedule appointments with clients.,0.5868,0.3054,0.012,0.08380000000000001,0.012,0.0,0.0
Schedule client appointments.,0.5293,0.3095,0.0073,0.11900000000000001,0.0311,0.0037,0.0
Schedule guest appointments.,0.4545,0.39390000000000003,0.0,0.060599999999999994,0.0909,0.0,0.0
Schedule medical appointments for patients.,0.5296,0.3345,0.006999999999999999,0.0732,0.0557,0.0,0.0
"Schedule or dispatch workers, work crews, equipment, or service vehicles to appropriate locations, according to customer requests, specifications, or needs, using radios or telephones.",0.7595000000000001,0.1266,0.0,0.038,0.0633,0.0127,0.0
"Schedule special events, such as camps, conferences, meetings, seminars, or retreats.",0.6988,0.12050000000000001,0.012,0.0482,0.12050000000000001,0.0,0.0
"Schedule use of facilities or catering services for events such as banquets or receptions, and negotiate details of arrangements with clients.",0.7173999999999999,0.1304,0.0,0.0652,0.087,0.0,0.0
"Schedule work with customers and initiate work orders, house requisitions, and orders from stock.",0.8889,0.0889,0.0,0.0222,0.0,0.0,0.0
"Search computer databases, credit reports, public records, tax or legal filings, or other resources to locate persons or to compile information for investigations.",0.9103,0.0128,0.0,0.0385,0.0385,0.0,0.0
"Search electronic sources, such as databases or repositories, or manual sources for information.",0.8759999999999999,0.042300000000000004,0.0151,0.0473,0.0147,0.0046,0.0
"Search employee files to obtain information for authorized persons and organizations, such as credit bureaus and finance companies.",0.8824,0.1176,0.0,0.0,0.0,0.0,0.0
Search for and examine public and other legal records to write opinions or establish ownership.,0.9412,0.0588,0.0,0.0,0.0,0.0,0.0
"Search for specific sets of stored, typed characters to make changes.",0.7735,0.1333,0.0144,0.0171,0.0538,0.0079,0.0
"Search standard reference materials, including online sources and the Internet, to answer patrons' reference questions.",0.8584,0.0161,0.0751,0.017,0.0227,0.010700000000000001,0.0
Secure and renew orders and arrange delivery.,0.6296,0.2407,0.0,0.0741,0.0556,0.0,0.0
Seek and provide information to help companies determine their position in the marketplace.,0.9821,0.0,0.0,0.0179,0.0,0.0,0.0
Seek new ways to improve efficiency and increase profits.,0.9344,0.032799999999999996,0.0,0.016399999999999998,0.016399999999999998,0.0,0.0
Seek out new clients and develop clientele by networking to find new customers and generate lists of prospective clients.,0.6364,0.1818,0.0,0.1818,0.0,0.0,0.0
"Select and edit documents for publication and display, applying knowledge of subject, literary expression, and presentation techniques.",0.892,0.027000000000000003,0.0021,0.014499999999999999,0.0602,0.0042,0.0
Select appropriate curricula or class structures for educational programs.,0.7826000000000001,0.0725,0.0,0.0,0.1449,0.0,0.0
"Select local, state, national, and international news items received from wire services, based on assessment of items' significance and interest value.",0.8829,0.11220000000000001,0.0,0.0,0.0049,0.0,0.0
"Select material most pertinent to presentation, and organize this material into appropriate formats.",0.9343,0.0253,0.0026,0.0092,0.0268,0.0018,0.0
Select materials needed to complete work assignments.,0.9814,0.0124,0.0,0.0,0.0062,0.0,0.0
"Select or assist customers in selecting products based on customer needs, product specifications, and applicable regulations.",0.7908,0.10769999999999999,0.0154,0.018500000000000003,0.052300000000000006,0.0154,0.0
"Select photographs, drawings, sketches, diagrams, and charts to illustrate material.",0.9142,0.026600000000000002,0.0,0.0,0.0562,0.003,0.0
"Select program content, in conjunction with producers and assistants, based on factors such as program specialties, audience tastes, or requests from the public.",0.8571,0.035699999999999996,0.0,0.035699999999999996,0.07139999999999999,0.0,0.0
"Select programming languages, design tools, or applications.",0.7968999999999999,0.046900000000000004,0.0,0.046900000000000004,0.1094,0.0,0.0
"Select substitute titles when requested materials are unavailable, following criteria such as age, education, and interests.",0.8966,0.0345,0.0345,0.0345,0.0,0.0,0.0
"Select themes, lighting, colors, or props to be used.",1.0,0.0,0.0,0.0,0.0,0.0,0.0
"Sell products, services, or memberships.",0.6479,0.1866,0.006999999999999999,0.1496,0.0053,0.0034999999999999996,0.0
"Separate materials or products according to size, weight, type, condition, color, or shade.",0.9712000000000001,0.0096,0.0,0.0096,0.0096,0.0,0.0
"Set specifications for materials, dimensions, and finishes.",0.9821,0.0036,0.0036,0.0,0.0070999999999999995,0.0036,0.0
"Set up and maintain medical files and databases, including records such as x-ray, lab, and procedure reports, medical histories, diagnostic workups, admission and discharge summaries, and clinical resumes.",0.9523999999999999,0.047599999999999996,0.0,0.0,0.0,0.0,0.0
"Share information about religious issues by writing articles, giving speeches, or teaching.",0.7112999999999999,0.0206,0.1753,0.030899999999999997,0.061900000000000004,0.0,0.0
"Sketch rough and detailed drawings of apparel or accessories, and write specifications such as color schemes, construction, material types, and accessory requirements.",0.9473999999999999,0.0175,0.0,0.0,0.0351,0.0,0.0
Solicit new business.,0.9273,0.0364,0.0,0.0364,0.0,0.0,0.0
Solicit sales of new or additional services or products.,0.75,0.0512,0.026600000000000002,0.17010000000000003,0.0,0.002,0.0
"Sort and file correspondence and perform miscellaneous clerical duties, such as answering correspondence and writing reports.",0.9355,0.0645,0.0,0.0,0.0,0.0,0.0
"Sort or classify information according to guidelines, such as content, purpose, user criteria, or chronological, alphabetical, or numerical order.",0.9777,0.0083,0.001,0.0088,0.0034999999999999996,0.0007000000000000001,0.0
"Sort, assemble, and proof completed work.",0.9665,0.0287,0.0,0.0,0.0048,0.0,0.0
Specify manipulative or computational methods to be applied to models.,0.8684000000000001,0.11,0.0072,0.0048,0.0096,0.0,0.0
"Store, retrieve, and manipulate data for analysis of system capabilities and requirements.",0.9205,0.0213,0.004699999999999999,0.0327,0.027999999999999997,0.0023,0.0
"Study Constitution, statutes, decisions, regulations, and ordinances of quasi-judicial bodies to determine ramifications for cases.",0.9358,0.0,0.036699999999999997,0.0,0.0092,0.0183,0.0
Study and analyze information about alternative courses of action to determine which plan will offer the best outcomes.,0.9545,0.0149,0.0036,0.003,0.0113,0.0128,0.0
"Study and interpret religious laws, doctrines, or traditions.",0.7287,0.0106,0.1968,0.026600000000000002,0.0213,0.016,0.0
"Study basic principles of plant and animal life, such as origin, relationship, development, anatomy, and function.",0.7308,0.0,0.1923,0.0,0.0385,0.0385,0.0
"Study drawings, specifications, mockups, and product samples to integrate and delineate technology, operating procedure, and production sequence and detail.",0.9854999999999999,0.014499999999999999,0.0,0.0,0.0,0.0,0.0
"Study illustrations and photographs to plan presentation of materials, products, or services.",0.8739,0.013500000000000002,0.0,0.0045000000000000005,0.08560000000000001,0.0225,0.0
"Study the objectives, promotional policies, or needs of organizations to develop public relations strategies that will influence public opinion or promote ideas, products, or services.",0.7120000000000001,0.0733,0.0052,0.031400000000000004,0.1518,0.0262,0.0
Submit daily reports on facility operations.,0.9394,0.030299999999999997,0.0,0.0,0.030299999999999997,0.0,0.0
Suggest specific product purchases to meet customers' needs.,0.8007,0.0703,0.03,0.0212,0.07519999999999999,0.0027,0.0
"Support children's emotional and social development, encouraging understanding of others and positive self-concepts.",0.2597,0.11689999999999999,0.026000000000000002,0.5584,0.026000000000000002,0.013000000000000001,0.0
Support the development of training materials and technical manuals.,0.9339,0.0165,0.0083,0.0083,0.0331,0.0,0.0
Synthesize current business intelligence or trend data to support recommendations for action.,0.9648,0.0128,0.0068000000000000005,0.0011,0.0134,0.0011,0.0
Take inventory or examine merchandise to identify items to be reordered or replenished.,0.6970000000000001,0.24239999999999998,0.0,0.0,0.060599999999999994,0.0,0.0
"Talk to coworkers using electronic devices, such as computers and radios.",0.5326,0.2059,0.001,0.2433,0.0038,0.0134,0.0
Teach classes or courses to students.,0.5067,0.0876,0.3282,0.0565,0.0055000000000000005,0.0155,0.0
Teach instructional courses and advise students.,0.1795,0.3846,0.1282,0.15380000000000002,0.15380000000000002,0.0,0.0
Telephone or write letters to respond to correspondence from customers or to follow up initial sales contacts.,0.9498000000000001,0.013500000000000002,0.0,0.0304,0.0051,0.0011,0.0
"Tell jokes, perform comic dances, songs and skits, impersonate mannerisms and voices of others, contort face, and use other devices to amuse audiences.",0.6836,0.1073,0.0,0.1525,0.0508,0.005600000000000001,0.0
Test new or updated software or tools and provide feedback to developers.,0.8284,0.1065,0.0,0.0059,0.0533,0.0059,0.0
"Test programs or databases, correct errors, and make necessary modifications.",0.4578,0.4569,0.0036,0.0009,0.079,0.0018,0.0
Test selected products at specified stages in the production process for performance characteristics or adherence to specifications.,0.8684000000000001,0.0789,0.0,0.0,0.0,0.0526,0.0
Test software systems or applications for software enhancements or new products.,0.9095,0.0754,0.0002,0.0027,0.0067,0.0055000000000000005,0.0
"Test, maintain, and monitor computer programs and systems, including coordinating the installation of computer programs and systems.",0.7718,0.18719999999999998,0.0026,0.0256,0.0103,0.0026,0.0
"Test, validate, and reformulate models to ensure accurate prediction of outcomes of interest.",0.8122,0.1354,0.0131,0.0,0.0393,0.0,0.0
"Trace historical development in a particular field, such as social, cultural, political, or diplomatic history.",0.7826000000000001,0.0348,0.1478,0.026099999999999998,0.0,0.0087,0.0
"Track and analyze factors that affect price movement, such as trade policies, weather conditions, political developments, or supply and demand changes.",0.9628,0.022400000000000003,0.0032,0.0026,0.0060999999999999995,0.003,0.0
"Track conditions that could affect power needs, such as changes in the weather, and adjust equipment to meet any anticipated changes.",0.5844,0.12990000000000002,0.026000000000000002,0.2597,0.0,0.0,0.0
"Track, compile, and analyze Web site usage data.",0.8986,0.0507,0.0184,0.0092,0.023,0.0,0.0
"Track, measure, or report on aspects of market risk for traded issues.",0.9286,0.07139999999999999,0.0,0.0,0.0,0.0,0.0
Train people in computer system use.,0.5152,0.2727,0.0909,0.12119999999999999,0.0,0.0,0.0
Train users and answer questions.,0.34740000000000004,0.1684,0.3368,0.0842,0.0105,0.0526,0.0
"Transcribe data to worksheets, and enter data into computer for use in preparing documents and adjusting accounts.",0.8345,0.1007,0.0,0.0,0.0647,0.0,0.0
"Transcribe dictation for a variety of medical reports, such as patient histories, physical examinations, emergency room visits, operations, chart reviews, consultation, or discharge summaries.",0.85,0.0,0.0,0.0,0.15,0.0,0.0
Transcribe recorded messages or practitioners' diagnoses or recommendations into patients' medical records.,0.9667,0.02,0.0,0.013300000000000001,0.0,0.0,0.0
Transfer details from separate journals to general ledgers or data processing sheets.,0.9301999999999999,0.004699999999999999,0.0,0.0605,0.004699999999999999,0.0,0.0
"Transfer photographs to computers for editing, archiving, and electronic transmission.",0.875,0.0,0.0,0.125,0.0,0.0,0.0
"Translate messages simultaneously or consecutively into specified languages, orally or by using hand signs, maintaining message content, context, and style as much as possible.",0.9579000000000001,0.011699999999999999,0.0049,0.018500000000000003,0.0054,0.0017000000000000001,0.0
Translate or request translation of reference materials.,0.9752,0.0018,0.0018,0.0088,0.0106,0.0018,0.0
"Transmit correspondence or medical records by mail, e-mail, or fax.",0.9412,0.0294,0.0,0.0147,0.0147,0.0,0.0
"Transmit information or documents to customers, using computer, mail, or facsimile machine.",0.9014,0.0338,0.0028000000000000004,0.031,0.0225,0.0085,0.0
Transmit work electronically to other locations.,0.6724,0.18969999999999998,0.0,0.0,0.1379,0.0,0.0
"Troubleshoot equipment, electrical components, hydraulics, or other mechanical systems.",0.6308,0.2923,0.0462,0.0154,0.0,0.0154,0.0
Troubleshoot network or connectivity problems for users or user groups.,0.3937,0.5588000000000001,0.013600000000000001,0.0271,0.0045000000000000005,0.0023,0.0
Troubleshoot problems with audio-visual equipment.,0.4729,0.45740000000000003,0.0078000000000000005,0.0,0.054299999999999994,0.0078000000000000005,0.0
Troubleshoot program and system malfunctions to restore normal functioning.,0.4819,0.4778,0.0055000000000000005,0.0069,0.026699999999999998,0.0012,0.0
Troubleshoot security and network problems.,0.7836,0.21050000000000002,0.0,0.0,0.0,0.0058,0.0
Tutor and assist children individually or in small groups to help them master assignments and to reinforce learning concepts presented by teachers.,0.27149999999999996,0.3265,0.2829,0.0504,0.030899999999999997,0.0378,0.0
Tutor or assist students individually or in small groups.,0.2437,0.2343,0.3105,0.0629,0.0278,0.1208,0.0
Tutor or mentor students who need additional instruction.,0.23600000000000002,0.19469999999999998,0.3738,0.055099999999999996,0.026699999999999998,0.1137,0.0
Type acknowledgment letters to persons sending correspondence.,0.9057,0.0246,0.0,0.0451,0.016399999999999998,0.008199999999999999,0.0
"Update and maintain customer information records, such as beauty services provided.",0.8837,0.04650000000000001,0.0,0.0698,0.0,0.0,0.0
Update client and server applications responsible for integration and business logic.,0.8667,0.0889,0.0222,0.0222,0.0,0.0,0.0
Update directory information.,0.9523999999999999,0.0317,0.0,0.0,0.0159,0.0,0.0
Update knowledge and skills to keep up with rapid advancements in computer technology.,0.8261,0.1304,0.0435,0.0,0.0,0.0,0.0
Upload digital images onto Web sites for customers.,0.7829,0.09300000000000001,0.0,0.0233,0.1008,0.0,0.0
"Upload digital media, such as photos, video, or scanned images to online storefront, auction sites, or other shopping Web sites.",0.5872999999999999,0.2619,0.0,0.0,0.1429,0.0079,0.0
"Use computers for various applications, such as database management or word processing.",0.7746,0.1761,0.0012,0.0235,0.0223,0.0023,0.0
"Use computers, computer-interfaced equipment, robotics or high-technology industrial applications to perform work duties.",0.7809999999999999,0.18969999999999998,0.0005,0.0067,0.022099999999999998,0.0,0.0
"Use data entry devices, such as optical scanners, to input data into computers for revision or editing.",0.9608,0.0196,0.0,0.0,0.0196,0.0,0.0
"Use nondisciplinary tools and equipment, such as a computer.",0.6922,0.0727,0.0012,0.2274,0.0052,0.0013,0.0
"Use object-oriented programming languages, as well as client and server applications development processes and multimedia and Internet technology.",0.7729,0.0925,0.0026,0.0,0.132,0.0,0.0
"Use sales forecasting or strategic planning to ensure the sale and profitability of products, lines, or services, analyzing business developments and monitoring market trends.",0.9167000000000001,0.0321,0.0128,0.0192,0.0192,0.0,0.0
Use telephone to deliver verbal messages.,0.8573999999999999,0.0161,0.002,0.1245,0.0,0.0,0.0
"Use the computer in the analysis and solution of business problems, such as development of integrated production and inventory control and cost analysis systems.",0.7345,0.1491,0.0182,0.0073,0.0909,0.0,0.0
Vary language and tone of messages based on product and medium.,0.9417,0.0055000000000000005,0.0004,0.0025,0.0495,0.0004,0.0
Verify accuracy of billing data and revise any errors.,0.9195,0.0345,0.0,0.0,0.0287,0.0172,0.0
Verify accuracy of materials lists.,0.8276,0.0345,0.0,0.0,0.0345,0.10339999999999999,0.0
"Verify accuracy of reports, such as authorization forms, transaction reconciliations, or exchange summary reports.",0.9216,0.0458,0.0,0.006500000000000001,0.0,0.026099999999999998,0.0
Verify accuracy of transcripts by checking copies against original records of proceedings and accuracy of rulings by checking with judges.,0.8946999999999999,0.0175,0.0,0.0,0.0,0.0877,0.0
"Verify adherence of documentation to customs, insurance, or regulatory requirements.",0.9695,0.008100000000000001,0.0,0.002,0.0040999999999999995,0.0163,0.0
Verify and analyze data used in settling claims to ensure that claims are valid and that settlements are made according to company practices and procedures.,0.9734999999999999,0.0088,0.0,0.0,0.0,0.0177,0.0
"Verify facts, dates, and statistics, using standard reference sources.",0.8226,0.0067,0.0013,0.0040999999999999995,0.0022,0.163,0.0
Verify integrity and accuracy of data contained in remote sensing image analysis systems.,0.9756999999999999,0.0049,0.0,0.0,0.0146,0.0049,0.0
Verify key numbers and time codes on materials.,0.9462999999999999,0.0167,0.0,0.0007000000000000001,0.0015,0.0349,0.0
"Verify readings in cases where consumption appears to be abnormal, and record possible reasons for fluctuations.",0.8462000000000001,0.0385,0.0,0.0,0.07690000000000001,0.0385,0.0
Verify regulatory compliance of transaction reporting.,0.9454,0.016399999999999998,0.0055000000000000005,0.0,0.0,0.032799999999999996,0.0
Verify scoring calculations before competition winners are announced.,0.755,0.022099999999999998,0.002,0.002,0.0,0.2189,0.0
"Verify that all firm and regulatory policies and procedures have been documented, implemented, and communicated.",0.902,0.0,0.0,0.0588,0.0196,0.0196,0.0
"Verify that all regulatory policies and procedures have been documented, implemented, and communicated.",0.9091,0.060599999999999994,0.0,0.0,0.0,0.030299999999999997,0.0
Verify that property matches legal descriptions or certifications.,0.945,0.005600000000000001,0.0,0.009899999999999999,0.0028000000000000004,0.036699999999999997,0.0
"Verify that raw materials, purchased parts or components, in-process samples, and finished products meet established testing and inspection standards.",0.9065000000000001,0.0,0.0,0.0,0.0,0.0935,0.0
Verify that software technology is in place to adequately provide oversight and monitoring in all required areas.,0.828,0.0753,0.0215,0.0108,0.0645,0.0,0.0
"Verify the accuracy and validity of data entered in databases, correcting any errors.",0.9004000000000001,0.0287,0.0002,0.0143,0.0075,0.048799999999999996,0.0
"Verify the accuracy of survey data, including measurements and calculations conducted at survey sites.",0.7585999999999999,0.023,0.0,0.069,0.0,0.1494,0.0
"Verify the authenticity of documents, such as foreign identification or immigration documents.",0.9718000000000001,0.0141,0.0,0.0,0.0,0.0141,0.0
Verify the contents of inventory loads against shipping papers.,0.9723999999999999,0.0032,0.0,0.0049,0.0016,0.0179,0.0
Verify the identity of patient or operative site.,0.6628000000000001,0.15710000000000002,0.0,0.17620000000000002,0.0038,0.0,0.0
Verify the mathematical correctness of newly collected survey data.,0.8266,0.0174,0.0,0.0165,0.0078000000000000005,0.1318,0.0
"Verify the structure, accuracy, or quality of warehouse data.",0.9384,0.0271,0.0,0.0,0.0049,0.0296,0.0
Visually inspect equipment to detect surface defects.,0.9184,0.0408,0.0,0.0,0.0204,0.0204,0.0
Watch for and recognize security risks and thefts and know how to prevent or handle these situations.,0.8870999999999999,0.0645,0.0,0.0484,0.0,0.0,0.0
Work with clients to identify their financial goals and to find ways of reaching those goals.,0.6027,0.17809999999999998,0.041100000000000005,0.0274,0.1507,0.0,0.0
"Work with staff to develop script, story, or advertising concepts.",0.5333,0.2,0.0,0.0667,0.2,0.0,0.0
"Work with technical material, preparing statistical reports, planning and typing statistical tables, and combining and rearranging material from different sources.",0.9142,0.031,0.0018,0.0,0.0493,0.0036,0.0
"Write advertising material for use by publication, broadcast, or internet media to promote the sale of goods and services.",0.963,0.0074,0.0,0.0023,0.0269,0.0005,0.0
Write and edit news stories from information collected by reporters and other sources.,0.978,0.0027,0.0,0.0055000000000000005,0.011000000000000001,0.0027,0.0
Write and edit video and scripts for broadcasts.,0.9229,0.009399999999999999,0.0,0.0,0.0639,0.0038,0.0
"Write and execute scripts to automate tasks, such as parsing large data files.",0.7259,0.2011,0.0053,0.0103,0.0553,0.0021,0.0
"Write and review grant proposals, journal articles, institutional reports, and publicity materials.",0.5432,0.049400000000000006,0.0,0.0,0.38270000000000004,0.024700000000000003,0.0
Write articles and books.,0.9354,0.0139,0.0018,0.0026,0.044500000000000005,0.0018,0.0
Write articles for publication in professional journals.,0.9275,0.014499999999999999,0.0,0.0,0.057999999999999996,0.0,0.0
"Write articles, bulletins, sales letters, speeches, and other related informative, marketing and promotional material.",0.9578,0.0108,0.0002,0.0044,0.026600000000000002,0.0002,0.0
Write audit reports to communicate technical and procedural findings and recommend solutions.,0.9081999999999999,0.0434,0.0,0.0026,0.0255,0.0204,0.0
"Write columns, editorials, commentaries, or reviews that interpret events or offer opinions.",0.9551000000000001,0.0128,0.0064,0.0064,0.0192,0.0,0.0
"Write commentaries, columns, or scripts, using computers.",0.8962,0.0024,0.0,0.004699999999999999,0.0967,0.0,0.0
Write computer programs or scripts to be used in querying databases.,0.6292,0.2047,0.0101,0.005,0.1493,0.0017000000000000001,0.0
Write copy as part of layout.,0.8987999999999999,0.0176,0.0011,0.0022,0.07919999999999999,0.0011,0.0
"Write cyber defense recommendations, reports, or white papers using research or experience.",0.9518000000000001,0.0,0.012,0.0,0.0361,0.0,0.0
Write descriptions of the property being appraised.,0.9718000000000001,0.005600000000000001,0.0,0.0,0.0113,0.0113,0.0
Write detailed analysis plans and descriptions of analyses and findings for research protocols or reports.,0.9383,0.0123,0.0,0.0123,0.037000000000000005,0.0,0.0
"Write fiction or nonfiction prose, such as short stories, novels, biographies, articles, descriptive or critical analyses, and essays.",0.5947,0.32409999999999994,0.0012,0.0063,0.0711,0.0026,0.0
"Write for technical magazines, journals, and trade association publications.",0.9036,0.0241,0.0,0.0,0.0723,0.0,0.0
"Write humorous material for publication, or for performances such as comedy routines, gags, and comedy shows.",0.9444,0.011399999999999999,0.0,0.0025,0.0404,0.0013,0.0
Write information in medical records or provide narrative summaries to communicate patient information to other health care providers.,0.9734,0.0053,0.0,0.0,0.0213,0.0,0.0
Write instructional articles on designated subjects.,0.9473,0.0096,0.0012,0.0012,0.0395,0.0012,0.0
"Write narrative, dramatic, lyric, or other types of poetry for publication.",0.8753,0.024900000000000002,0.0075,0.024900000000000002,0.0623,0.005,0.0
Write new functions or applications in programming languages to conduct analyses.,0.7924,0.16079999999999997,0.0053,0.0028000000000000004,0.0342,0.0044,0.0
"Write new programs or modify existing programs to meet customer requirements, using current programming languages and technologies.",0.7232,0.15109999999999998,0.0029,0.0026,0.1191,0.0012,0.0
Write new scripts for broadcasts.,0.8718,0.0128,0.0128,0.0,0.1026,0.0,0.0
"Write online blog entries that address news developments or offer additional information, opinions, or commentary on news events.",0.9462,0.0179,0.0,0.0,0.0359,0.0,0.0
Write or contribute to instructions or manuals to guide end users.,0.8421,0.0526,0.0,0.0,0.10529999999999999,0.0,0.0
Write or edit copy for clients.,0.9198999999999999,0.01,0.0004,0.0064,0.0605,0.0028000000000000004,0.0
"Write or maintain archived procedures, procedural codes, or queries for applications.",0.5435,0.1739,0.0217,0.0,0.2391,0.0217,0.0
Write original literary pieces.,0.8492000000000001,0.0344,0.0,0.023799999999999998,0.0873,0.0053,0.0
"Write original or adapted material for dramas, comedies, puppet shows, narration, or other performances.",0.3233,0.5998,0.0004,0.003,0.0733,0.0002,0.0
Write performance requirements for product development or engineering projects.,0.6615000000000001,0.09230000000000001,0.0154,0.0,0.21539999999999998,0.0154,0.0
Write photograph captions.,0.9845999999999999,0.005600000000000001,0.0,0.0021,0.0077,0.0,0.0
Write program code to analyze data with statistical analysis software.,0.6981999999999999,0.19649999999999998,0.0175,0.0,0.0877,0.0,0.0
"Write reports of findings and recommendations and advise farmers, growers, or processors of corrective action to be taken.",0.8718,0.0256,0.0256,0.0,0.0513,0.0256,0.0
Write reports or notes to summarize testing procedures or outcomes for physicians or other medical professionals.,1.0,0.0,0.0,0.0,0.0,0.0,0.0
"Write reports to summarize student performance, social growth, or physical development.",0.8429000000000001,0.0143,0.0,0.0,0.1429,0.0,0.0
Write reports.,0.9379000000000001,0.0182,0.0008,0.0046,0.022400000000000003,0.016200000000000003,0.0
Write sales outlines for use by staff.,0.9448000000000001,0.0138,0.0,0.0,0.0414,0.0,0.0
"Write speeches, press releases, or other promotional materials to increase awareness of the causes, missions, or goals of organizations seeking funds.",0.8197,0.0492,0.016399999999999998,0.0,0.1148,0.0,0.0
Write supporting code for Web applications or Web sites.,0.722,0.1334,0.0021,0.0031,0.1388,0.0007000000000000001,0.0
Write technical documentation for products.,0.9283,0.024300000000000002,0.0014000000000000002,0.004699999999999999,0.0385,0.0027,0.0
Write technical reports for engineering and management personnel.,0.8,0.1765,0.0118,0.0,0.0118,0.0,0.0
"Write technical reports or documentation, such as deviation reports, testing protocols, and trend analyses.",0.8181999999999999,0.060599999999999994,0.030299999999999997,0.030299999999999997,0.060599999999999994,0.0,0.0
"Write technical reports or other documentation, such as handbooks or bulletins, for use by engineering staff, management, or customers.",0.8099,0.0496,0.0040999999999999995,0.0040999999999999995,0.1157,0.0165,0.0
Write technical reports or proposals related to engineering projects.,0.6,0.15,0.0,0.0,0.25,0.0,0.0
Write technical summaries to report findings.,0.9662000000000001,0.0174,0.0006,0.0023,0.0084,0.0051,0.0
"Write text, such as stories, articles, editorials, or newsletters.",0.9384,0.0089,0.002,0.0103,0.0391,0.0012,0.0
"Write to customers in their terms and on their level so that the script, story, or advertisement message is more readily received.",0.9673,0.0036,0.0004,0.0032,0.024900000000000002,0.0007000000000000001,0.0
"Write words to fit musical compositions, including lyrics for operas, musical plays, and choral works.",0.9174,0.0101,0.0,0.0014000000000000002,0.0696,0.0014000000000000002,0.0
"Write work instruction manuals, data capture guidelines, or standard operating procedures.",0.7286,0.0857,0.0143,0.0143,0.15710000000000002,0.0,0.0
"Write, analyze, review, and rewrite programs, using workflow chart and diagram, and applying knowledge of computer capabilities, subject matter, and symbolic logic.",0.7907,0.1471,0.0045000000000000005,0.002,0.0537,0.002,0.0
"Write, review, or comment on documents, such as proposals, test plans, or procedures.",0.7609,0.0,0.0,0.0217,0.21739999999999998,0.0,0.0
"Write, review, or maintain engineering documentation.",0.9326000000000001,0.0415,0.0,0.0,0.0259,0.0,0.0
"Write, update, and maintain computer programs or software packages to handle specific jobs such as tracking inventory, storing or retrieving data, or controlling other equipment.",0.6758,0.215,0.0054,0.005699999999999999,0.0978,0.0005,0.0
