task,directive,feedback_loop,learning,none,task_iteration,validation,not_classified
Accept music requests from event guests.,0.685,0.09449999999999999,0.0079,0.1417,0.063,0.0079,0.0
Access computerized financial information to answer general questions as well as those related to specific accounts.,0.8925,0.0547,0.0074,0.0049,0.0281,0.0123,0.0
"Act as an intermediary in negotiations between buyers and sellers, generally representing one or the other.",0.4118,0.5146999999999999,0.0,0.0147,0.0,0.0588,0.0
"Act as consultants to agency staff and other community programs regarding the interpretation of program-related federal, state, and county regulations and policies.",0.6815000000000001,0.028399999999999998,0.1663,0.0101,0.024300000000000002,0.0892,0.0
Adapt instructional content or delivery methods for different levels or types of learners.,0.8856999999999999,0.0,0.0,0.0143,0.1,0.0,0.0
Adapt or design computer hardware or software for medical science uses.,0.7222,0.1313,0.0,0.0,0.1465,0.0,0.0
Adapt software and accompanying technical documents to another language and culture.,0.9719,0.0078000000000000005,0.0,0.010700000000000001,0.0078000000000000005,0.0019,0.0
"Adapt statistical methods to solve specific problems in many fields, such as economics, biology, and engineering.",0.7926000000000001,0.1185,0.0222,0.0,0.0296,0.037000000000000005,0.0
"Adapt translations to students' cognitive and grade levels, collaborating with educational team members as necessary.",0.9677,0.0,0.0,0.0,0.0323,0.0,0.0
Add new material to file records or create new records as necessary.,0.7634000000000001,0.1374,0.0076,0.0458,0.0458,0.0,0.0
"Address the relationships of quantities, magnitudes, and forms through the use of numbers and symbols.",0.9516,0.0215,0.0054,0.0,0.0161,0.0054,0.0
"Adjust coaching techniques, based on the strengths and weaknesses of athletes.",0.5153,0.2314,0.0873,0.0611,0.0546,0.050199999999999995,0.0
Adjust sales scripts to better target the needs and interests of specific individuals.,0.9439,0.0104,0.0009,0.0026,0.0408,0.0014000000000000002,0.0
"Adjust settings for format, page layout, line spacing, and other style requirements.",0.8028,0.056799999999999996,0.0005,0.014199999999999999,0.12300000000000001,0.0027,0.0
"Administer standardized tests to research subjects, or interview them to collect research data.",0.6182,0.0909,0.0364,0.2364,0.0182,0.0,0.0
"Advertise products and work, using media such as internet advertising and brochures.",0.8401000000000001,0.0408,0.0031,0.10339999999999999,0.0125,0.0,0.0
Advertise services using media such as internet advertising and brochures.,0.873,0.037000000000000005,0.0,0.0688,0.0212,0.0,0.0
Advise and teach students.,0.2908,0.0864,0.3379,0.0747,0.12380000000000001,0.0864,0.0
"Advise animal owners regarding sanitary measures, feeding, general care, medical conditions, or treatment options.",0.7234,0.10640000000000001,0.0851,0.0426,0.0213,0.0213,0.0
"Advise athletes, trainers, or coaches to alter or cease sports practices that are potentially harmful.",0.6087,0.3043,0.0,0.0435,0.0,0.0435,0.0
"Advise business or other groups on local, national, or international factors affecting the buying or selling of products or services.",0.789,0.048,0.0789,0.0412,0.0274,0.0154,0.0
"Advise client on interior design factors, such as space planning, layout and use of furnishings or equipment, and color coordination.",0.6125,0.0625,0.0,0.05,0.275,0.0,0.0
Advise clients about proper clothing and shoes.,0.7837999999999999,0.036000000000000004,0.045,0.06309999999999999,0.027000000000000003,0.045,0.0
Advise clients about the materials being used for finished products.,0.4833,0.05,0.1,0.1167,0.25,0.0,0.0
"Advise clients concerning business transactions, claim liability, advisability of prosecuting or defending lawsuits, or legal rights and obligations.",0.6455,0.06280000000000001,0.0471,0.024300000000000002,0.1041,0.11630000000000001,0.0
"Advise clients on aspects of capitalization, such as amounts, sources, or timing.",0.5,0.125,0.1458,0.0625,0.16670000000000001,0.0,0.0
"Advise clients on financial and legal matters, such as investments and taxes.",0.7337,0.0163,0.1301,0.012199999999999999,0.056900000000000006,0.0508,0.0
"Advise clients on housing matters, such as housing rental, homeownership, mortgage delinquency, or foreclosure prevention.",0.6517000000000001,0.1685,0.0843,0.0281,0.0562,0.011200000000000002,0.0
Advise clients on how they could be helped by counseling.,0.6389,0.0417,0.16670000000000001,0.1389,0.0,0.0139,0.0
"Advise clients on market conditions, prices, mortgages, legal requirements, and related matters.",0.8134,0.0383,0.0478,0.0478,0.0335,0.0191,0.0
"Advise clients or community groups on issues related to diagnostic screenings, such as breast cancer screening, pap smears, glaucoma tests, or diabetes screenings.",0.8462000000000001,0.0385,0.11539999999999999,0.0,0.0,0.0,0.0
"Advise clients or community groups on issues related to improving general health, such as diet or exercise.",0.6254,0.0775,0.1873,0.062400000000000004,0.0377,0.0097,0.0
"Advise clients or community groups on issues related to risk or prevention of conditions, such as lead poisoning, human immunodeficiency virus (HIV), prenatal substance abuse, or domestic violence.",0.7340000000000001,0.0319,0.1809,0.0319,0.0,0.0213,0.0
"Advise clients or community groups on issues related to sanitation or hygiene, such as flossing or hand washing.",0.8095,0.0,0.1429,0.0,0.0,0.047599999999999996,0.0
"Advise clients or community groups on issues related to self-care, such as diabetes management.",0.7667,0.0333,0.16670000000000001,0.0,0.0333,0.0,0.0
"Advise clients or community groups on issues related to social or intellectual development, such as education, childcare, or problem solving.",0.575,0.056299999999999996,0.1813,0.0875,0.05,0.05,0.0
"Advise clients or respond to inquiries about financial matters in person or via phone, email, Web site, or Internet chat.",0.7597,0.0582,0.0999,0.0274,0.0355,0.0192,0.0
Advise corporations on issues involving corporate image projects or problems.,0.6,0.05,0.0,0.1,0.2,0.05,0.0
"Advise customers concerning equipment operation, maintenance, or programming.",0.9623,0.0189,0.0189,0.0,0.0,0.0,0.0
"Advise customers on import and export restrictions, tariff systems, insurance requirements, quotas, or other customs-related matters.",0.8409,0.0227,0.0341,0.0227,0.0227,0.056799999999999996,0.0
Advise customers on product usage to improve production.,0.7535,0.0775,0.1127,0.0282,0.0141,0.0141,0.0
Advise customers on substitution or modification of parts when identical replacements are not available.,0.7576,0.0,0.030299999999999997,0.060599999999999994,0.12119999999999999,0.030299999999999997,0.0
Advise customers on use and care of merchandise.,0.6002000000000001,0.0441,0.24670000000000003,0.043,0.0441,0.022000000000000002,0.0
Advise dealers and distributors on policies and operating procedures to ensure functional effectiveness of business.,0.7471,0.046,0.0805,0.1149,0.0115,0.0,0.0
"Advise employees in handling problems or resolving complaints from customers, tenants, detainees, or other persons.",0.8214,0.1429,0.0,0.035699999999999996,0.0,0.0,0.0
Advise internal management or business partners on the implementation or operation of compliance programs.,0.6275,0.049,0.15689999999999998,0.049,0.06860000000000001,0.049,0.0
"Advise licensees or other individuals or groups concerning licensing, permit, or passport regulations.",0.6851,0.0487,0.1623,0.0487,0.0325,0.0227,0.0
"Advise management concerning personnel, managerial, and marketing policies and practices and their potential effects on organizational effectiveness and efficiency.",0.6274000000000001,0.0821,0.12,0.09050000000000001,0.0463,0.0337,0.0
"Advise management on organizing, preparing, or implementing recruiting or retention programs.",0.7353000000000001,0.0588,0.1176,0.0,0.0294,0.0588,0.0
"Advise management on short-term and long-term financial objectives, policies, and actions.",0.6751999999999999,0.057300000000000004,0.0828,0.0637,0.0955,0.0255,0.0
"Advise managers and employees on state and federal employment regulations, collective agreements, benefit and compensation policies, personnel procedures, and classification programs.",0.6,0.0,0.2,0.08,0.04,0.08,0.0
"Advise managers on organizational policy matters, such as equal employment opportunity and sexual harassment, and recommend needed changes.",0.8478,0.0217,0.0217,0.0,0.0435,0.0652,0.0
Advise or assist in obtaining patents or meeting other legal requirements.,0.8428,0.031400000000000004,0.031400000000000004,0.0063,0.050300000000000004,0.0377,0.0
Advise patients about recommended courses of treatment.,0.6679999999999999,0.092,0.166,0.024,0.02,0.03,0.0
Advise patients about therapeutic exercise and nutritional medicine regimens.,0.6111,0.22219999999999998,0.0,0.0556,0.11109999999999999,0.0,0.0
"Advise patients and community members concerning diet, activity, hygiene, and disease prevention.",0.7045,0.0682,0.1591,0.0227,0.0455,0.0,0.0
"Advise patients and community members concerning diet, activity, hygiene, or disease prevention.",0.6207,0.069,0.1724,0.051699999999999996,0.0172,0.069,0.0
"Advise patients and their families on nutritional principles, dietary plans, diet modifications, and food selection and preparation.",0.6733,0.1535,0.0594,0.019799999999999998,0.07429999999999999,0.019799999999999998,0.0
"Advise patients, parents or guardians, and community members concerning diet, activity, hygiene, and disease prevention.",0.5909,0.0909,0.3182,0.0,0.0,0.0,0.0
"Advise planning officials on project feasibility, cost-effectiveness, regulatory conformance, or possible alternatives.",0.6667000000000001,0.047599999999999996,0.0,0.0,0.23809999999999998,0.047599999999999996,0.0
"Advise project teams on subjects such as premarket regulatory requirements, export and labeling requirements, or clinical study compliance issues.",0.6429,0.023799999999999998,0.11900000000000001,0.0,0.09519999999999999,0.11900000000000001,0.0
"Advise retail managers on compliance with applicable codes, laws, regulations, or standards.",0.7576,0.0,0.060599999999999994,0.030299999999999997,0.060599999999999994,0.0909,0.0
Advise students on academic and vocational curricula and career issues.,0.5517,0.1724,0.1724,0.10339999999999999,0.0,0.0,0.0
Advise students on academic and vocational curricula and on career issues.,0.6957,0.0761,0.1033,0.0652,0.0435,0.0163,0.0
"Advise students on academic and vocational curricula, and on career issues.",0.6167,0.0833,0.1,0.1167,0.05,0.0333,0.0
"Advise students on course selection, career decisions, and other academic and vocational concerns.",0.7609,0.0652,0.0815,0.0435,0.0435,0.0054,0.0
"Advise students on internships, prospective employers, and job placement services.",0.9167000000000001,0.0,0.0556,0.0278,0.0,0.0,0.0
"Advise students on issues such as course selection, progress toward graduation, and career decisions.",0.685,0.0716,0.09910000000000001,0.0765,0.0559,0.0118,0.0
"Advocate for patients' and families' needs, or provide emotional support for patients and their families.",0.4487,0.11539999999999999,0.0128,0.4103,0.0128,0.0,0.0
"Aid in planning work assignments in accordance with worker performance, machine capacity, production schedules, or anticipated delays.",0.9094,0.031400000000000004,0.0,0.0279,0.0279,0.0034999999999999996,0.0
"Allocate print space for story text, photos, and illustrations according to space parameters and copy significance, using knowledge of layout principles.",0.7447,0.0638,0.0,0.0426,0.1489,0.0,0.0
Analyze acquisitions to ensure conformance with strategic goals or regulatory requirements.,0.9545,0.0,0.0,0.0455,0.0,0.0,0.0
Analyze all aspects of corporate logistics to determine the most cost-effective or efficient means of transporting products or supplies.,0.9434999999999999,0.045700000000000005,0.0,0.006500000000000001,0.0022,0.0022,0.0
Analyze and interpret news and information received from various sources to broadcast the information.,0.9839,0.0054,0.0027,0.0054,0.0027,0.0,0.0
"Analyze and interpret patient, nursing, or information systems data to improve nursing services.",0.9063,0.0,0.0,0.0313,0.0313,0.0313,0.0
"Analyze and interpret patients' histories, symptoms, physical findings, or diagnostic information to develop appropriate diagnoses.",0.873,0.0794,0.0,0.0,0.0,0.047599999999999996,0.0
"Analyze and interpret results from tests, such as microbial or parasite tests, urine analyses, hormonal assays, fine needle aspirations (FNAs), and polymerase chain reactions (PCRs).",1.0,0.0,0.0,0.0,0.0,0.0,0.0
Analyze and interpret statistical data to identify significant differences in relationships among sources of information.,0.9451,0.0172,0.0069,0.012,0.0137,0.0051,0.0
Analyze and modify compensation and benefits policies to establish competitive programs and ensure compliance with legal requirements.,1.0,0.0,0.0,0.0,0.0,0.0,0.0
Analyze and record personnel or operational data and write related activity reports.,0.9668000000000001,0.0113,0.0,0.009300000000000001,0.0126,0.0,0.0
"Analyze and record test data to issue reports that use charts, graphs, or narratives.",0.9944,0.0,0.0,0.0,0.005600000000000001,0.0,0.0
Analyze and report computer network security breaches or attempted breaches.,0.9456,0.0241,0.0031,0.012,0.009899999999999999,0.0052,0.0
"Analyze applicants' financial status, credit, and property evaluations to determine feasibility of granting loans.",0.98,0.0,0.0,0.0,0.0,0.02,0.0
"Analyze archival data, such as birth, death, and disease records.",0.9643,0.0,0.0,0.0,0.035699999999999996,0.0,0.0
"Analyze areas of potential risk to the assets, earning capacity, or success of organizations.",0.9451,0.0245,0.0059,0.0036,0.0053,0.015600000000000001,0.0
"Analyze building codes, by-laws, space and site requirements, and other technical documents and reports to determine their effect on architectural designs.",0.8839,0.035699999999999996,0.0,0.0,0.0,0.08039999999999999,0.0
"Analyze business operations, trends, costs, revenues, financial commitments, and obligations to project future revenues and expenses or to provide advice.",0.8084,0.0509,0.0359,0.018000000000000002,0.07490000000000001,0.012,0.0
Analyze characteristics of animals to identify and classify them.,0.9592,0.0204,0.0204,0.0,0.0,0.0,0.0
Analyze clinical data using appropriate statistical tools.,0.9598,0.0085,0.0085,0.0021,0.0106,0.0106,0.0
"Analyze clinical or survey data, using statistical approaches such as longitudinal analysis, mixed-effect modeling, logistic regression analyses, and model-building techniques.",0.9756,0.0,0.012199999999999999,0.0,0.012199999999999999,0.0,0.0
"Analyze competitive market strategies through analysis of related product, market, or share trends.",0.9477,0.018500000000000003,0.0054,0.0054,0.0218,0.0011,0.0
"Analyze corporate intelligence data to identify trends, patterns, or warnings indicating threats to security of people, assets, information, or infrastructure.",0.9758,0.019299999999999998,0.0,0.0,0.0,0.0048,0.0
Analyze credit data and financial statements to determine the degree of risk involved in extending credit or lending money.,0.9451999999999999,0.022799999999999997,0.0091,0.0,0.0,0.022799999999999997,0.0
Analyze data gathered and develop solutions or alternative methods of proceeding.,0.9539,0.014499999999999999,0.0060999999999999995,0.0048,0.0158,0.0048,0.0
"Analyze data on conditions such as site location, drainage, or structure location for environmental reports or landscaping plans.",0.9615,0.0,0.0192,0.0,0.0,0.0192,0.0
Analyze data to determine answers to questions from customers or members of the public.,0.9420999999999999,0.022000000000000002,0.0058,0.0118,0.013600000000000001,0.0048,0.0
Analyze data to determine the effectiveness of specific treatments or therapy approaches.,0.8955,0.0,0.0746,0.0,0.0,0.029900000000000003,0.0
Analyze data to determine the effectiveness of treatments or therapy approaches.,0.9351,0.0,0.039,0.0,0.0,0.026000000000000002,0.0
Analyze developments in specific field to determine need for revisions in previously published materials and development of new material.,0.8495,0.0645,0.0,0.086,0.0,0.0,0.0
Analyze employment-related data and prepare required reports.,0.9595,0.0203,0.0,0.0203,0.0,0.0,0.0
Analyze equipment performance records to assess equipment functioning.,0.9551999999999999,0.0269,0.013500000000000002,0.0045000000000000005,0.0,0.0,0.0
Analyze equipment performance records to determine the need for repair or replacement.,0.988,0.012,0.0,0.0,0.0,0.0,0.0
Analyze existing development or manufacturing procedures and suggest improvements.,0.5655,0.0726,0.1099,0.0131,0.2087,0.0302,0.0
"Analyze expenditures and other financial information to develop plans, policies, or budgets for increasing profits or improving services.",0.8639,0.0438,0.0104,0.0173,0.0554,0.0092,0.0
Analyze experimental data and interpret results to write reports and summaries of findings.,0.8991,0.0282,0.0325,0.0108,0.0217,0.0076,0.0
Analyze financial activities of establishments or departments and provide input into budget planning and preparation processes.,0.9460999999999999,0.0227,0.0016,0.008100000000000001,0.0173,0.0043,0.0
Analyze financial information obtained from clients to determine strategies for meeting clients' financial objectives.,0.9211,0.0,0.0,0.0263,0.0263,0.0263,0.0
Analyze information about supplier performance or procurement program success.,0.9936,0.0013,0.0,0.0,0.0039000000000000003,0.0013,0.0
"Analyze information from interviews, educational and medical records, consultation with other professionals, and diagnostic evaluations to assess clients' abilities, needs, and eligibility for services.",0.9915,0.002,0.0002,0.0027,0.0002,0.0034000000000000002,0.0
Analyze information gathered by investigation and report findings and recommendations.,0.8220000000000001,0.0254,0.0085,0.0,0.0339,0.11019999999999999,0.0
Analyze information obtained from management to conceptualize and define operational problems.,0.9384,0.0317,0.0029,0.0088,0.0078000000000000005,0.0104,0.0
"Analyze information processing or computation needs and plan and design computer systems, using techniques such as structured analysis, data modeling, and information engineering.",0.8915000000000001,0.0346,0.014499999999999999,0.0040999999999999995,0.053899999999999997,0.0014000000000000002,0.0
"Analyze information to determine, recommend, and plan installation of a new system or modification of an existing system.",0.7873,0.0492,0.022799999999999997,0.0062,0.1151,0.019299999999999998,0.0
"Analyze internal processes and recommend and implement procedural or policy changes to improve operations, such as supply changes or the disposal of records.",0.8868,0.026000000000000002,0.0121,0.026000000000000002,0.042699999999999995,0.006500000000000001,0.0
"Analyze inventories to determine how to increase inventory turns, reduce waste, or optimize customer service.",0.8813,0.10679999999999999,0.0015,0.003,0.0074,0.0,0.0
Analyze laboratory findings to check the accuracy of the results.,0.9655,0.0276,0.0,0.0,0.0,0.0069,0.0
"Analyze large molecular datasets, such as raw microarray data, genomic sequence data, or proteomics data, for clinical or basic research purposes.",0.9564,0.034300000000000004,0.0,0.0031,0.0031,0.0031,0.0
Analyze market and delivery systems to assess present and future material availability.,0.9681000000000001,0.0319,0.0,0.0,0.0,0.0,0.0
Analyze market conditions to determine acreage allocations.,0.9,0.1,0.0,0.0,0.0,0.0,0.0
Analyze marketing or sales trends to forecast future conditions.,0.9667,0.013300000000000001,0.013300000000000001,0.0,0.0,0.0067,0.0
"Analyze network data to determine network usage, disk space availability, or server function.",0.927,0.0674,0.0,0.0,0.005600000000000001,0.0,0.0
Analyze new legislation to determine impact on risk exposure.,0.9514,0.0,0.0,0.0069,0.0,0.0417,0.0
"Analyze operations to evaluate performance of a company or its staff in meeting objectives or to determine areas of potential cost reduction, program improvement, or policy change.",0.9538,0.015600000000000001,0.0029,0.013300000000000001,0.0089,0.005600000000000001,0.0
"Analyze or interpret logistics data involving customer service, forecasting, procurement, manufacturing, inventory, transportation, or warehousing.",0.9571,0.0286,0.0,0.0143,0.0,0.0,0.0
Analyze or synthesize client data to draw conclusions or make recommendations for therapy.,0.9048999999999999,0.0391,0.0098,0.024900000000000002,0.010700000000000001,0.010700000000000001,0.0
"Analyze organic or inorganic compounds to determine chemical or physical properties, composition, structure, relationships, or reactions, using chromatography, spectroscopy, or spectrophotometry techniques.",0.9627,0.0062,0.0062,0.018600000000000002,0.0062,0.0,0.0
"Analyze organizational, occupational, and industrial data to facilitate organizational functions and provide technical information to business, industry, and government.",0.9523999999999999,0.0115,0.0043,0.0216,0.0058,0.0043,0.0
"Analyze patient's medical history, medication allergies, physical condition, and examination results to verify operation's necessity and to determine best procedure.",0.9773000000000001,0.0,0.0,0.011399999999999999,0.0,0.011399999999999999,0.0
Analyze patrons' hair and other physical features to determine and recommend beauty treatment or suggest hair styles.,0.9167000000000001,0.0,0.0,0.0,0.0833,0.0,0.0
"Analyze performance data to determine effectiveness of instructional systems, courses, or instructional materials.",0.9493,0.0,0.0,0.014499999999999999,0.014499999999999999,0.0217,0.0
Analyze prescribing trends to monitor patient compliance and to prevent excessive usage or harmful interactions.,0.9775,0.0,0.0,0.0,0.011200000000000002,0.011200000000000002,0.0
"Analyze price proposals, financial reports, and other data and information to determine reasonable prices.",0.7631999999999999,0.0789,0.0,0.0,0.0789,0.0789,0.0
Analyze problems and take appropriate action to ensure continuous and reliable operation of equipment and systems.,0.7132,0.2357,0.009399999999999999,0.0121,0.0222,0.0073,0.0
Analyze problems to develop solutions involving computer hardware and software.,0.7868999999999999,0.1451,0.0144,0.0059,0.0421,0.005600000000000001,0.0
Analyze quality control test results and provide feedback and interpretation to production management or staff.,0.9393,0.008,0.0018,0.044800000000000006,0.0,0.0060999999999999995,0.0
"Analyze records, examination information, or test results to diagnose medical conditions.",0.9518000000000001,0.012,0.0,0.0,0.0,0.0361,0.0
"Analyze records, reports, test results, or examination information to diagnose medical condition of patient.",0.9603,0.0199,0.0066,0.0,0.0066,0.0066,0.0
"Analyze research data to determine its significance, using computers.",0.8903,0.0638,0.0064,0.0105,0.0276,0.0014000000000000002,0.0
Analyze statistical data and product specifications to determine standards and establish quality and reliability objectives of finished product.,0.9959,0.0021,0.0,0.0,0.0007000000000000001,0.0014000000000000002,0.0
Analyze statistical data and reports to identify and determine causes of personnel problems and develop recommendations for improvement of organization's personnel policies and practices.,0.9734,0.0053,0.0,0.0053,0.0106,0.0053,0.0
"Analyze survey reports, maps, drawings, blueprints, aerial photography, or other topographical or geologic data.",0.9784,0.0054,0.0,0.0,0.0,0.016200000000000003,0.0
Analyze system performance or operational requirements.,0.8981,0.0527,0.008199999999999999,0.0147,0.021,0.0053,0.0
"Analyze test data to diagnose malfunctions, to determine performance characteristics of systems, or to evaluate effects of system modifications.",0.8212,0.1375,0.0101,0.0053,0.014499999999999999,0.0113,0.0
Analyze test data to identify defects or determine calibration requirements.,0.9573999999999999,0.0022,0.0003,0.0009,0.0015,0.037599999999999995,0.0
"Analyze test data, making computations as necessary, to determine test results.",0.9714,0.0286,0.0,0.0,0.0,0.0,0.0
"Analyze test readings, computer printouts, and trouble reports to determine equipment repair needs and required repair methods.",0.9063,0.0625,0.0313,0.0,0.0,0.0,0.0
"Analyze test results in relation to design or rated specifications and test objectives, and modify or adjust equipment to meet specifications.",0.9109,0.0632,0.0,0.0,0.0115,0.0144,0.0
"Analyze test results, machine error messages, or information obtained from operators to diagnose equipment problems.",0.8427,0.1288,0.0095,0.0024,0.0091,0.0075,0.0
Analyze the effectiveness of marketing tactics or channels.,0.9534,0.011000000000000001,0.0069,0.0040999999999999995,0.0192,0.0055000000000000005,0.0
"Analyze the financial details of past, present, and expected operations to identify development opportunities and areas where improvement is needed.",0.9145,0.0346,0.0092,0.0046,0.0277,0.0092,0.0
Analyze the financial impacts of sustainable manufacturing processes or sustainable product manufacturing.,0.9129999999999999,0.0,0.087,0.0,0.0,0.0,0.0
"Analyze the indications, contraindications, risk complications, and cost-benefit tradeoffs of therapeutic interventions.",0.8416,0.032400000000000005,0.0204,0.0034000000000000002,0.011899999999999999,0.09029999999999999,0.0
"Analyze trends in sales prices, construction costs, and rents, to assess property values or determine the accuracy of assessments.",0.9456,0.0068000000000000005,0.013600000000000001,0.013600000000000001,0.0204,0.0,0.0
Analyze user needs and software requirements to determine feasibility of design within time and cost constraints.,0.9303,0.0174,0.0037,0.0062,0.0311,0.011200000000000002,0.0
Analyze user needs to determine technical requirements.,0.9706999999999999,0.009899999999999999,0.0019,0.0024,0.012,0.003,0.0
Analyze validation test data to determine whether systems or processes have met validation criteria or to identify root causes of production problems.,0.9077,0.0351,0.0026,0.0042,0.0075,0.042800000000000005,0.0
"Analyze, estimate, or report production costs.",0.8558,0.0275,0.038900000000000004,0.0092,0.050300000000000004,0.0183,0.0
"Analyze, interpret, or disseminate system performance data.",0.9164,0.060700000000000004,0.0034999999999999996,0.008199999999999999,0.0084,0.0028000000000000004,0.0
"Analyze, manipulate, or process large sets of data using statistical software.",0.9275,0.0385,0.0015,0.018000000000000002,0.011899999999999999,0.0026,0.0
"Answer clients' questions regarding construction work, financing, maintenance, repairs, and appraisals.",0.75,0.05,0.1,0.05,0.0,0.05,0.0
"Answer customer inquiries or explain cost, availability, policies, and procedures of facilities.",0.5766,0.052199999999999996,0.0167,0.337,0.0097,0.0079,0.0
Answer customer questions regarding problems with their accounts.,0.5281,0.3729,0.0066,0.0891,0.0,0.0033,0.0
Answer customers' questions about merchandise and advise customers on merchandise selection.,0.9364,0.0034000000000000002,0.0447,0.0069,0.0069,0.0017000000000000001,0.0
"Answer customers' questions about products, prices, availability, or credit terms.",0.7243,0.085,0.0742,0.07769999999999999,0.0297,0.009000000000000001,0.0
"Answer customers' questions about products, prices, availability, product uses, and credit terms.",0.7169,0.054900000000000004,0.1229,0.0717,0.027000000000000003,0.006500000000000001,0.0
"Answer customers' questions about services and charges, or direct them to customer service centers.",0.6397999999999999,0.12710000000000002,0.0297,0.1907,0.0,0.0127,0.0
"Answer customers' questions about services, prices, availability, or credit terms.",0.6969,0.0667,0.09820000000000001,0.1168,0.0151,0.0062,0.0
"Answer customers' questions and explain available services, such as deposit accounts, bonds, and securities.",0.7576,0.0,0.12119999999999999,0.060599999999999994,0.060599999999999994,0.0,0.0
"Answer customers' questions, and provide information on procedures or policies.",0.6640999999999999,0.036699999999999997,0.2096,0.0593,0.0097,0.0207,0.0
"Answer incoming calls, greeting callers, providing information, transferring calls or taking messages as necessary.",0.7817000000000001,0.0218,0.0,0.19649999999999998,0.0,0.0,0.0
Answer incoming phone calls.,0.7445999999999999,0.0173,0.0,0.22510000000000002,0.013000000000000001,0.0,0.0
"Answer inquiries concerning the progress of medical cases, within the limits of confidentiality laws.",0.7190000000000001,0.052300000000000006,0.006500000000000001,0.1895,0.026099999999999998,0.006500000000000001,0.0
"Answer inquiries from the general public regarding judicial procedures, court appearances, trial dates, adjournments, outstanding warrants, summonses, subpoenas, witness fees, or payment of fines.",0.925,0.0,0.05,0.0,0.0,0.025,0.0
"Answer inquiries pertaining to hotel policies and services, and resolve occupants' complaints.",0.6593000000000001,0.1319,0.0659,0.1355,0.0073,0.0,0.0
"Answer inquiries regarding information, such as schedules, accommodations, procedures, or policies.",0.611,0.0192,0.27949999999999997,0.063,0.0192,0.008199999999999999,0.0
"Answer inquiries regarding rates, routing, or procedures.",0.6111,0.0,0.3333,0.0556,0.0,0.0,0.0
Answer patients' calls and determine how to assist them.,0.5672999999999999,0.0385,0.0096,0.3846,0.0,0.0,0.0
Answer patrons' questions about gaming machine functions and payouts.,0.8137000000000001,0.08070000000000001,0.0062,0.0745,0.0124,0.0124,0.0
Answer phone calls and direct calls to appropriate parties or take messages.,0.9016,0.0219,0.0,0.0765,0.0,0.0,0.0
Answer questions about game rules and casino policies.,0.6338,0.1636,0.013000000000000001,0.16620000000000001,0.0078000000000000005,0.015600000000000001,0.0
Answer questions about game rules or casino policies.,0.5546,0.16949999999999998,0.023,0.22699999999999998,0.005699999999999999,0.020099999999999996,0.0
Answer questions about product features and benefits.,0.7229000000000001,0.0215,0.17600000000000002,0.0536,0.0151,0.011000000000000001,0.0
Answer questions about records or files.,0.6436,0.09,0.0346,0.1696,0.0311,0.0311,0.0
Answer questions and advise customers regarding loans and transactions.,0.875,0.0,0.0,0.125,0.0,0.0,0.0
"Answer questions and provide technical assistance and information to contractors or the public regarding issues such as well drilling, code requirements, hydrology, and geology.",0.6889,0.0222,0.2,0.0222,0.0667,0.0,0.0
Answer questions from the public and media.,0.6905,0.004699999999999999,0.22219999999999998,0.052199999999999996,0.0123,0.0182,0.0
"Answer questions or provide advice to the public regarding licensing policies, procedures, or regulations.",0.7111,0.0444,0.2,0.0222,0.0222,0.0,0.0
"Answer questions regarding examinations, eligibility, salaries, benefits, and other pertinent information.",0.6,0.0,0.36,0.0,0.0,0.04,0.0
Answer questions regarding the store and its merchandise.,0.8406999999999999,0.046799999999999994,0.0258,0.06559999999999999,0.0187,0.0023,0.0
Answer questions that patients have about their health and well-being.,0.4951,0.10099999999999999,0.2923,0.0661,0.0235,0.022000000000000002,0.0
"Answer routine inquiries, and refer calls not requiring dispatches to appropriate departments and agencies.",0.875,0.0781,0.0,0.046900000000000004,0.0,0.0,0.0
"Answer routine telephone or in-person reference inquiries, referring patrons to librarians for further assistance, when necessary.",0.7667,0.0,0.2,0.0333,0.0,0.0,0.0
"Answer simple questions about clients' businesses, using reference files.",0.8934000000000001,0.0072,0.0236,0.0487,0.0051,0.022000000000000002,0.0
Answer students' questions.,0.39840000000000003,0.0633,0.4664,0.0181,0.0286,0.0252,0.0
Answer telephone calls and respond to inquiries or transfer calls.,0.4357,0.0183,0.0458,0.4907,0.0048,0.0048,0.0
"Answer telephone inquiries, referring callers to pharmacist when necessary.",0.7674,0.04650000000000001,0.0116,0.1744,0.0,0.0,0.0
Answer telephones and assist customers with their questions.,0.7897,0.0582,0.022400000000000003,0.1298,0.0,0.0,0.0
Answer telephones and direct calls to appropriate staff.,0.8859999999999999,0.0155,0.0,0.0984,0.0,0.0,0.0
"Answer telephones and give information to callers, take messages, or transfer calls to appropriate individuals.",0.866,0.0096,0.0,0.11960000000000001,0.0048,0.0,0.0
Answer telephones and schedule appointments.,0.6567000000000001,0.1907,0.0054,0.1362,0.0109,0.0,0.0
"Answer telephones, and route calls or deliver messages.",0.779,0.087,0.0,0.1341,0.0,0.0,0.0
Answer user inquiries regarding computer software or hardware operation to resolve problems.,0.48810000000000003,0.2351,0.1793,0.058499999999999996,0.0281,0.011000000000000001,0.0
"Apply analytic methods or tools to understand, predict, or control logistics operations or processes.",0.9429000000000001,0.0286,0.0286,0.0,0.0,0.0,0.0
Apply customer feedback to service improvement efforts.,0.7541,0.06559999999999999,0.0,0.016399999999999998,0.16390000000000002,0.0,0.0
"Apply elements of music theory to create musical and tonal structures, including harmonies and melodies.",0.9118,0.0294,0.0294,0.0,0.0294,0.0,0.0
Apply for and obtain all necessary permits or licenses.,0.8571,0.1429,0.0,0.0,0.0,0.0,0.0
"Apply mathematical or statistical techniques to address practical issues in finance, such as derivative valuation, securities trading, risk management, or financial market regulation.",0.9727,0.0273,0.0,0.0,0.0,0.0,0.0
"Apply mathematical theories and techniques to the solution of practical problems in business, engineering, the sciences, or other fields.",0.826,0.0172,0.0098,0.1128,0.011200000000000002,0.023,0.0
"Apply modeling or quantitative analysis to forecast events, such as human decisions or behaviors, the structure or processes of organizations, or the attitudes or actions of human groups.",0.8824,0.1176,0.0,0.0,0.0,0.0,0.0
"Apply relevant laws, regulations, policies, or precedents to reach conclusions.",0.8929,0.0066,0.0092,0.0,0.0079,0.0836,0.0
"Apply story development, directing, cinematography, and editing to animation to create storyboards that show the flow of the animation and map out key scenes and characters.",0.8778,0.0271,0.0,0.0,0.095,0.0,0.0
"Apply theoretical expertise and innovation to create or apply new technology, such as adapting principles for applying computers to new uses.",0.7197,0.11359999999999999,0.0833,0.0076,0.0682,0.0076,0.0
Appraise and inventory real and personal property for estate planning.,1.0,0.0,0.0,0.0,0.0,0.0,0.0
"Appraise property values, assessing income potential when relevant.",0.9420000000000001,0.0,0.0,0.0435,0.0,0.014499999999999999,0.0
"Archive documents, conduct research, and read copy, using the internet and various computer programs.",0.9339,0.0286,0.0034999999999999996,0.0147,0.0176,0.0016,0.0
Arrange and edit music to fit style and purpose.,0.7917000000000001,0.0,0.0,0.0,0.20829999999999999,0.0,0.0
"Arrange for debt repayment or establish repayment schedules, based on customers' financial situations.",0.6949,0.2034,0.0,0.0508,0.0508,0.0,0.0
"Arrange telephone answering services, deliver mail and packages, or answer questions regarding locations for eating and entertainment.",0.7545000000000001,0.0636,0.0273,0.1182,0.0364,0.0,0.0
"Arrange tours, taxis, or restaurant reservations for customers.",0.8043,0.1522,0.0,0.0435,0.0,0.0,0.0
Ask questions that will help clients identify their feelings and behaviors.,0.1674,0.3147,0.0868,0.3971,0.017,0.017,0.0
"Assemble sets of assumptions, and explore the consequences of each set.",0.9293,0.0109,0.015600000000000001,0.008199999999999999,0.0129,0.0231,0.0
"Assess client functioning levels, strengths, and areas of need in terms of perceptual, sensory, affective, communicative, musical, physical, cognitive, social, spiritual, or other abilities.",0.9523999999999999,0.0,0.047599999999999996,0.0,0.0,0.0,0.0
"Assess clients' overall financial situations by reviewing income, assets, debts, expenses, credit reports, or other financial information.",0.9275,0.0435,0.0,0.028999999999999998,0.0,0.0,0.0
"Assess cost effectiveness of products, projects or services, tracking actual costs relative to bids as the project develops.",0.972,0.0013,0.0025,0.0076,0.0051,0.0115,0.0
"Assess current or future customer needs and priorities by communicating directly with customers, conducting surveys, or other methods.",0.6779000000000001,0.08650000000000001,0.0048,0.1923,0.0337,0.0048,0.0
"Assess effectiveness and efficiency of instruction according to ease of instructional technology use and student learning, knowledge transfer, and satisfaction.",0.8358,0.0149,0.0149,0.0149,0.0,0.11939999999999999,0.0
Assess employee performance and suggest ways to improve work.,0.9645,0.014199999999999999,0.0,0.0070999999999999995,0.0070999999999999995,0.0070999999999999995,0.0
Assess employee performance.,0.9793999999999999,0.0076,0.0007000000000000001,0.0037,0.0044,0.0040999999999999995,0.0
Assess nature and extent of illness or injury to establish and prioritize medical procedures.,0.9727,0.0055000000000000005,0.0109,0.0055000000000000005,0.0,0.0055000000000000005,0.0
"Assess nutritional needs, diet restrictions, and current health plans to develop and implement dietary-care plans and provide nutritional counseling.",0.8817,0.086,0.0108,0.0,0.0108,0.0108,0.0
"Assess patients' mental and physical status, based on the presenting symptoms and complaints.",0.9104000000000001,0.0746,0.0,0.0149,0.0,0.0,0.0
"Assess patients' psychosocial status and needs, including areas such as sleep patterns, anxiety, grief, anger, and support systems.",0.8571,0.09519999999999999,0.0,0.047599999999999996,0.0,0.0,0.0
Assess physical performance requirements to aid in the development of individualized recovery or rehabilitation exercise programs.,0.9412,0.0588,0.0,0.0,0.0,0.0,0.0
"Assess project feasibility by analyzing technology, resource needs, or market demand.",0.982,0.006500000000000001,0.0016,0.0008,0.003,0.0062,0.0
"Assess staffing needs and recruit staff, using methods such as newspaper advertisements or attendance at job fairs.",0.9091,0.0455,0.0,0.0,0.0455,0.0,0.0
Assess students' progress throughout tutoring sessions.,0.2657,0.262,0.2177,0.022099999999999998,0.0277,0.2048,0.0
Assess the nature and level of physical security threats so that the scope of the problem can be determined.,0.95,0.05,0.0,0.0,0.0,0.0,0.0
"Assess the needs and interests of individuals and groups and plan activities accordingly, given the available equipment or facilities.",0.7554000000000001,0.07429999999999999,0.0168,0.1333,0.015600000000000001,0.0046,0.0
"Assess the physical security of servers, systems, or network devices to identify vulnerability to temperature, vandalism, or natural disasters.",0.9798,0.0202,0.0,0.0,0.0,0.0,0.0
"Assess the quality of security controls, using performance indicators.",0.8498,0.0102,0.0034000000000000002,0.0034000000000000002,0.0034000000000000002,0.1297,0.0
Assess the usefulness of pre-developed application packages and adapt them to a user environment.,0.9006000000000001,0.0321,0.022400000000000003,0.0064,0.0256,0.0128,0.0
Assess the user-interface or usability characteristics of products.,0.9061,0.0287,0.0028000000000000004,0.0292,0.0054,0.0278,0.0
"Assess urgent and emergent health conditions, using both physiologically and technologically derived data.",0.9315000000000001,0.020499999999999997,0.0068000000000000005,0.0137,0.0068000000000000005,0.020499999999999997,0.0
Assign and grade class work and homework.,0.9792000000000001,0.0,0.0,0.0,0.0,0.0208,0.0
Assign duties or responsibilities to project personnel.,0.8454,0.1134,0.0,0.0103,0.030899999999999997,0.0,0.0
"Assign duties, responsibilities, and spans of authority to project personnel.",0.6364,0.2273,0.0,0.0455,0.0909,0.0,0.0
Assign employees to specific duties.,0.871,0.129,0.0,0.0,0.0,0.0,0.0
Assign or schedule tasks to meet work priorities and goals.,0.8571,0.08039999999999999,0.0,0.035699999999999996,0.0268,0.0,0.0
Assign tasks and work hours to staff.,0.7222,0.11109999999999999,0.0,0.0556,0.11109999999999999,0.0,0.0
"Assign the patient to diagnosis-related groups (DRGs), using appropriate computer software.",1.0,0.0,0.0,0.0,0.0,0.0,0.0
"Assist customers by answering simple questions, locating items, or referring them to the pharmacist for medication information.",0.5561,0.0052,0.0736,0.3489,0.0079,0.0083,0.0
Assist customers by providing information and resolving their complaints.,0.6751999999999999,0.1235,0.08900000000000001,0.08789999999999999,0.0067,0.0178,0.0
Assist in laying out material for publication.,0.8,0.0364,0.0091,0.0091,0.14550000000000002,0.0,0.0
Assist individuals in filling out applications or questionnaires.,0.6607999999999999,0.2807,0.0058,0.0526,0.0,0.0,0.0
Assist patients in organizing their health care system activities.,0.6491,0.0877,0.12279999999999999,0.0877,0.0175,0.0351,0.0
Assist students who need extra help with their coursework outside of class.,0.2908,0.0783,0.4094,0.0425,0.0537,0.1253,0.0
Attempt to sell additional merchandise or services to prospective or current customers by telephone or through visits.,0.6857,0.0381,0.0,0.2667,0.0095,0.0,0.0
"Attend receptions, dinners, and conferences to meet people, exchange views and information, and develop working relationships.",0.6457999999999999,0.22920000000000001,0.0,0.125,0.0,0.0,0.0
"Attend to the needs of the bereaved, such as by offering comfort, counseling, or after-care programs.",0.35229999999999995,0.0795,0.0341,0.5227,0.011399999999999999,0.0,0.0
Audition and interview performers to match their attributes to specific roles or to increase the pool of available acting talent.,0.7143,0.047599999999999996,0.0,0.23809999999999998,0.0,0.0,0.0
Authenticate and appraise historical documents and archival materials.,1.0,0.0,0.0,0.0,0.0,0.0,0.0
Authorize payment of invoices or return of merchandise.,0.79,0.19,0.0,0.02,0.0,0.0,0.0
Automate the deployment of software updates over geographically distributed network nodes.,0.7556,0.2148,0.0,0.0,0.0296,0.0,0.0
Back up or modify applications and related data to provide for disaster recovery.,0.7447,0.1702,0.0213,0.0426,0.0213,0.0,0.0
"Book airline or train tickets, reserve rental cars, or arrange shuttle service for guests.",0.569,0.3506,0.0,0.0345,0.04019999999999999,0.005699999999999999,0.0
"Break systems into their components, assign numerical values to each component, and examine the mathematical relationships between them.",0.9638,0.0139,0.0045000000000000005,0.0006,0.005,0.012199999999999999,0.0
Build and update digital databases.,0.8097,0.0319,0.0004,0.155,0.0031,0.0,0.0
"Build, test, and modify product prototypes, using working models or theoretical models constructed with computer simulation.",0.6737000000000001,0.1684,0.0105,0.0105,0.1368,0.0,0.0
Calculate actual treatment dosages delivered during each session.,0.8181999999999999,0.0682,0.0227,0.0455,0.0455,0.0,0.0
"Calculate and quote rates for tours, stocks, insurance policies, or other products or services.",0.6939,0.24489999999999998,0.0,0.0,0.0408,0.0204,0.0
Calculate corrections for refractive errors.,0.9129999999999999,0.0,0.0,0.0,0.0,0.087,0.0
"Calculate costs of materials, overhead, and other expenses, based on estimates, quotations and price lists.",0.8181999999999999,0.0909,0.0,0.0,0.0682,0.0227,0.0
"Calculate figures, such as required amounts of labor or materials, manufacturing costs, or wages, using pricing schedules, adding machines, calculators, or computers.",0.8095,0.0317,0.0,0.0,0.11109999999999999,0.047599999999999996,0.0
"Calculate labor and equipment requirements and production specifications, using standard formulas.",0.9506,0.0,0.0123,0.0,0.037000000000000005,0.0,0.0
"Calculate purchase subtotals, taxes, and shipping costs for submission to customers.",0.8919,0.027000000000000003,0.0,0.0,0.0541,0.027000000000000003,0.0
"Calculate revenue, sales, and expenses, using financial accounting or spreadsheet software.",0.8481000000000001,0.0633,0.0127,0.0,0.0759,0.0,0.0
"Calculate the value of property based on comparisons to recent sales, estimated cost to reproduce, and anticipated property income streams.",0.9048,0.0,0.0,0.0,0.09519999999999999,0.0,0.0
"Calculate, or verify calculations of, prescribed radiation doses.",0.7551000000000001,0.061200000000000004,0.0,0.12240000000000001,0.0204,0.0408,0.0
"Calculate, review, and correct errors on interest, principal, payment, and closing costs, using computers or calculators.",0.7222,0.0556,0.0556,0.0,0.16670000000000001,0.0,0.0
Call customers to collect payment on delinquent accounts.,0.7903,0.11289999999999999,0.0,0.0806,0.0,0.0161,0.0
"Care for individuals or families during periods of incapacitation, family disruption, or convalescence, providing companionship, personal care, or help in adjusting to new lifestyles.",0.4275,0.11720000000000001,0.0173,0.40869999999999995,0.021,0.0083,0.0
Carry messages or documents between departments.,0.9025,0.028900000000000002,0.0,0.057800000000000004,0.0072,0.0036,0.0
Check all load-related documentation for completeness and accuracy.,0.9494,0.0169,0.0,0.0,0.0,0.0337,0.0
Check and analyze operating system or application log files regularly to verify proper system performance.,0.871,0.09820000000000001,0.005699999999999999,0.0111,0.009899999999999999,0.0040999999999999995,0.0
"Check completed work for spelling, grammar, punctuation, and format.",0.7629,0.0075,0.0,0.010700000000000001,0.0068000000000000005,0.212,0.0
"Check construction plans, design calculations, or cost estimations to ensure completeness, accuracy, or conformity to engineering standards or practices.",0.7206,0.0441,0.0,0.0,0.0735,0.1618,0.0
"Check data input or verify totals on forms prepared by others to detect errors in arithmetic, data entry, or procedures.",0.9172,0.0176,0.0,0.0091,0.006500000000000001,0.0496,0.0
"Check figures, postings, and documents for correct entry, mathematical accuracy, and proper codes.",0.9376000000000001,0.033,0.0009,0.0009,0.0053,0.0223,0.0
Check identifications to verify age of players.,0.8734000000000001,0.0,0.0,0.0253,0.0,0.1013,0.0
Check inventory records to determine availability of requested merchandise.,0.7961,0.0971,0.0,0.0971,0.0097,0.0,0.0
"Check original texts or confer with authors to ensure that translations retain the content, meaning, and feeling of the original material.",0.8297,0.0012,0.0,0.0060999999999999995,0.0025,0.1605,0.0
Check preliminary and final proofs for errors and make necessary corrections.,0.6695,0.0085,0.0,0.0,0.0,0.322,0.0
"Check products for quality, and identify damaged or expired goods.",0.9825,0.0,0.0,0.0,0.0,0.0175,0.0
Check source data to verify completeness and accuracy.,0.8645,0.024700000000000003,0.0009,0.0403,0.0046,0.065,0.0
Check specifications of materials loaded or unloaded against information contained in work orders.,0.9642000000000001,0.0026,0.0003,0.0038,0.0006,0.0285,0.0
"Check supplies to ensure adequate availability, and order new supplies when necessary.",0.7333,0.2,0.0,0.0667,0.0,0.0,0.0
"Check tax forms to verify that names and taxpayer identification numbers are correct, that computations have been performed correctly, or that amounts match those on supporting documentation.",0.9362,0.0,0.0,0.0213,0.0213,0.0213,0.0
Check the quality of raw materials to ensure that standards and specifications are met.,0.9677,0.0,0.0,0.0,0.0,0.0323,0.0
Check to ensure that appropriate changes were made to resolve customers' problems.,0.55,0.35,0.0167,0.0167,0.0667,0.0,0.0
Check translations of technical terms and terminology to ensure that they are accurate and remain consistent throughout translation revisions.,0.9137000000000001,0.0046,0.0,0.0,0.0058,0.0759,0.0
"Check victims for signs of life, such as breathing and pulse.",1.0,0.0,0.0,0.0,0.0,0.0,0.0
Choose settings and locations for films and determine how scenes will be shot in these settings.,0.7989,0.0334,0.0036,0.0027,0.16140000000000002,0.0,0.0
"Choose subject matter and suitable form to express personal feelings and experiences or ideas, or to narrate stories or events.",0.6356,0.2913,0.0046,0.0178,0.0478,0.0029,0.0
Classify and catalog items according to content and purpose.,0.9845,0.0068000000000000005,0.001,0.0058,0.0019,0.0,0.0
Classify goods according to tariff coding system.,0.9495999999999999,0.0036,0.0,0.0,0.0,0.046799999999999994,0.0
"Classify, record, and summarize numerical and financial data to compile and keep financial records, using journals and ledgers or computers.",0.8027,0.1429,0.0,0.0068000000000000005,0.047599999999999996,0.0,0.0
Coach client representatives in effective communication with the public or with employees.,0.40259999999999996,0.2878,0.0564,0.1503,0.0623,0.0406,0.0
Coach senior executives and managers on leadership and performance.,0.5065,0.2078,0.0519,0.23379999999999998,0.0,0.0,0.0
Code data in preparation for computer entry.,0.9369,0.0058,0.0005,0.0541,0.0019,0.0007000000000000001,0.0
Code documents according to company procedures.,0.9618000000000001,0.0034000000000000002,0.0005,0.0323,0.0014000000000000002,0.0006,0.0
"Code, evaluate, or interpret collected study data.",0.9556999999999999,0.0069,0.0037,0.028399999999999998,0.0032,0.0021,0.0
Collaborate with field staff or customers to evaluate or diagnose problems and recommend possible solutions.,0.49340000000000006,0.2489,0.10039999999999999,0.0349,0.10039999999999999,0.0218,0.0
Collaborate with other actors as part of an ensemble.,0.2299,0.7126,0.0,0.0115,0.046,0.0,0.0
Collaborate with others in the organization to ensure successful implementation of chosen problem solutions.,0.6087,0.1739,0.0,0.21739999999999998,0.0,0.0,0.0
Collaborate with staff members to plan or develop programs of events or schedules of activities.,0.8051,0.057800000000000004,0.0108,0.0253,0.1011,0.0,0.0
"Collect and analyze Web metrics, such as visits, time on site, page views per visit, transaction volume and revenue, traffic mix, click-through rates, conversion rates, cost per acquisition, or cost per click.",0.9152,0.038599999999999995,0.0077,0.0077,0.028300000000000002,0.0026,0.0
"Collect and analyze data on customer demographics, preferences, needs, and buying habits to identify potential markets and factors affecting product demand.",0.9197,0.0323,0.0105,0.0195,0.0143,0.0038,0.0
Collect and analyze data to determine environmental conditions and restoration needs.,0.9111,0.0444,0.0444,0.0,0.0,0.0,0.0
"Collect and analyze data, such as studying old records, tallying the number of outpatients entering each day or week, or participating in federal, state, or local population surveys as a Census Enumerator.",0.9339,0.044800000000000006,0.0,0.0043,0.0171,0.0,0.0
Collect and analyze relevant data to identify real estate market trends.,0.9325,0.018799999999999997,0.015,0.005600000000000001,0.0169,0.0113,0.0
"Collect and analyze survey data, regulatory information, and data on demographic and employment trends to forecast enrollment patterns and curriculum change needs.",1.0,0.0,0.0,0.0,0.0,0.0,0.0
"Collect and record growth, production, and environmental data.",0.9412,0.0588,0.0,0.0,0.0,0.0,0.0
"Collect and record patient information, such as medical history or examination results, in electronic or handwritten medical records.",0.7879,0.0909,0.0,0.0909,0.030299999999999997,0.0,0.0
"Collect business intelligence data from available industry reports, public information, field reports, or purchased sources.",0.9672,0.012,0.005600000000000001,0.008,0.0072,0.0,0.0
"Collect data about existing client hardware, software, networking, or key business processes to inform implementation of radio frequency identification device (RFID) technology.",0.9,0.0111,0.0222,0.0556,0.0111,0.0,0.0
"Collect data about the attitudes, values, and behaviors of people in groups, using observation, interviews, and review of documents.",0.6441,0.08470000000000001,0.0339,0.2034,0.0339,0.0,0.0
"Collect data relating to commercial or residential development, population, or power system interconnection to determine operating efficiency of electrical systems.",0.9523999999999999,0.0,0.0,0.047599999999999996,0.0,0.0,0.0
Collect data through surveys or experimentation.,0.6335000000000001,0.11800000000000001,0.0062,0.21739999999999998,0.018600000000000002,0.0062,0.0
"Collect delivery instructions from appropriate sources, verifying instructions and routes.",0.9337000000000001,0.011000000000000001,0.0,0.0552,0.0,0.0,0.0
"Collect information about clients through interviews, observation, or tests.",0.44299999999999995,0.2191,0.0106,0.31329999999999997,0.011899999999999999,0.002,0.0
"Collect information about clients, using techniques such as testing, interviewing, discussion, or observation.",0.48310000000000003,0.2096,0.008199999999999999,0.2846,0.0116,0.0029,0.0
"Collect information about individuals or clients, using interviews, case histories, observational techniques, and other assessment methods.",0.3764,0.2802,0.013500000000000002,0.3143,0.0095,0.0060999999999999995,0.0
"Collect information and make judgments through observation, interviews, and review of documents.",0.6159,0.1597,0.0076,0.1881,0.021099999999999997,0.0076,0.0
Collect medical histories and general health and lifestyle information from patients.,0.2727,0.6263000000000001,0.0,0.10099999999999999,0.0,0.0,0.0
Collect payment for transportation and accommodations from customer.,0.8095,0.1429,0.0,0.023799999999999998,0.023799999999999998,0.0,0.0
Collect payments from customers.,0.9,0.0667,0.0,0.0333,0.0,0.0,0.0
"Collect supplementary information needed to assist client, such as employment records, medical records, or school reports.",0.8381000000000001,0.09519999999999999,0.0,0.047599999999999996,0.0095,0.0095,0.0
"Collect, analyze, and interpret data, such as election results and public opinion surveys, reporting on findings, recommendations, and conclusions.",0.9652,0.0169,0.0032,0.0,0.0084,0.0063,0.0
"Collect, record, and maintain patient information, such as medical histories, reports, or examination results.",0.8020999999999999,0.1354,0.0,0.0417,0.0104,0.0104,0.0
"Collect, record, and maintain patient information, such as medical history, reports, or examination results.",0.8025,0.1481,0.0,0.037000000000000005,0.0,0.0123,0.0
Combine secondary data sources with keyword research to more accurately profile and satisfy user intent.,0.9194,0.0258,0.0032,0.0129,0.0323,0.006500000000000001,0.0
Comfort and reassure patients.,0.4893,0.1121,0.0182,0.3496,0.011000000000000001,0.0197,0.0
Communicate likely outcomes of medical diseases or traumatic conditions to patients or their representatives.,0.6053999999999999,0.027200000000000002,0.3197,0.0204,0.013600000000000001,0.013600000000000001,0.0
"Communicate project information through presentations, technical reports, or white papers.",0.8319,0.051100000000000007,0.0106,0.034,0.0638,0.0085,0.0
"Communicate scientific or technical information to the public, organizations, or internal audiences through oral briefings, written documents, workshops, conferences, training sessions, or public hearings.",0.6351,0.0063,0.3308,0.0126,0.0076,0.0076,0.0
"Communicate test results or technical information to patients, physicians, family members, or researchers.",0.9523999999999999,0.0,0.0,0.0,0.047599999999999996,0.0,0.0
"Communicate with customers and vendors to exchange information regarding products, materials, and services.",0.9634999999999999,0.009399999999999999,0.0059,0.009399999999999999,0.0070999999999999995,0.004699999999999999,0.0
"Communicate with customers regarding orders, comments, and complaints.",0.7217,0.1267,0.0017000000000000001,0.1267,0.0208,0.0025,0.0
"Communicate with customers, employees, and other individuals to answer questions, disseminate or explain information, take orders, and address complaints.",0.5409,0.3086,0.0046,0.1255,0.0158,0.0046,0.0
Communicate with other staff to resolve problems with individual students.,0.8462000000000001,0.07690000000000001,0.0,0.0,0.07690000000000001,0.0,0.0
"Communicate with readers, viewers, advertisers, or the general public via mail, email, or telephone.",0.9024,0.0732,0.0,0.0,0.024399999999999998,0.0,0.0
Communicate with staff or clients to understand specific system requirements.,0.47619999999999996,0.1429,0.0,0.047599999999999996,0.3333,0.0,0.0
Compare a property with similar properties that have recently sold to determine its competitive market price.,0.9523999999999999,0.0159,0.0,0.0,0.0317,0.0,0.0
"Compare colors, shapes, textures, or grades of products or materials with color charts, templates, or samples to verify conformance to standards.",0.9629000000000001,0.0031,0.0,0.001,0.001,0.0319,0.0
"Compare data with source documents, or re-enter data in verification format to detect errors.",0.8985,0.0567,0.0012,0.0195,0.011200000000000002,0.013000000000000001,0.0
Compare encoded tapes or computer printouts with original part specifications and blueprints to verify accuracy of instructions.,0.9188,0.0043,0.0003,0.0128,0.0015,0.0623,0.0
"Compare information or figures on one record against same data on other records, or with original copy, to detect errors.",0.9425,0.024,0.0,0.0016,0.0144,0.0176,0.0
"Compare liquidity, profitability, and credit histories of establishments being evaluated with those of similar establishments in the same industries and geographic locations.",0.9718000000000001,0.0141,0.0,0.0,0.0,0.0141,0.0
"Compare logic element configuration on display screen with engineering schematics and calculate figures to convert, redesign, or modify element.",0.8806999999999999,0.0227,0.0,0.0455,0.0,0.051100000000000007,0.0
"Compare models using statistical performance metrics, such as loss functions or proportion of explained variance.",0.7467,0.2133,0.0,0.0,0.013300000000000001,0.026699999999999998,0.0
Compare suppliers' bills with bids and purchase orders to verify accuracy.,0.9655,0.0,0.0,0.0,0.0,0.0345,0.0
Compare survey computations with applicable standards to determine adequacy of data.,0.8511,0.0106,0.0,0.0,0.0106,0.1277,0.0
Compile and analyze accounting records and other data to determine the financial resources required to implement a program.,0.9545,0.0227,0.0,0.0,0.0227,0.0,0.0
Compile and analyze credit information gathered by investigation.,0.9823999999999999,0.0104,0.0013,0.0033,0.0007000000000000001,0.002,0.0
Compile and analyze data obtained from monitoring or diagnostic tests.,0.963,0.037000000000000005,0.0,0.0,0.0,0.0,0.0
Compile and analyze molecular or cellular experimental data and adjust experimental designs as necessary.,0.9076000000000001,0.0756,0.0084,0.0,0.0084,0.0,0.0
Compile and analyze test information to determine process or equipment operating efficiency or to diagnose malfunctions.,0.8482999999999999,0.1137,0.0077,0.0086,0.0154,0.0063,0.0
Compile and evaluate statistical data to determine and maintain quality and reliability of products.,0.9815,0.0039000000000000003,0.0,0.0027,0.0008,0.011000000000000001,0.0
Compile and format image data to increase its usefulness.,0.8128,0.022400000000000003,0.0005,0.005,0.1583,0.001,0.0
Compile and interpret results of tests and analyses.,0.9420999999999999,0.021099999999999997,0.013500000000000002,0.010700000000000001,0.0049,0.0077,0.0
"Compile and maintain records documenting engineering schematics, installed equipment, installation or operational problems, resources used, repairs, or corrective action performed.",0.8732,0.042300000000000004,0.0,0.0282,0.056299999999999996,0.0,0.0
Compile and maintain records of food use and expenditures.,0.6667000000000001,0.1,0.0,0.1,0.1333,0.0,0.0
Compile and maintain regulatory documentation databases or systems.,0.8889,0.058499999999999996,0.0,0.0292,0.023399999999999997,0.0,0.0
"Compile and prepare documentation related to production sequences, transportation, personnel schedules, or purchase, maintenance, or repair orders.",0.9773000000000001,0.0227,0.0,0.0,0.0,0.0,0.0
Compile and prepare reports and documents pertaining to personnel activities.,0.9811,0.0,0.0,0.0,0.0152,0.0038,0.0
"Compile and record medical charts, reports, or correspondence, using typewriter or personal computer.",0.9829000000000001,0.005699999999999999,0.0,0.005699999999999999,0.005699999999999999,0.0,0.0
Compile and record operational data on forms or in log books.,0.9255,0.0365,0.0009,0.0298,0.0067,0.0005,0.0
"Compile and study occupational, educational, and economic information to assist counselees in determining and carrying out vocational and educational objectives.",0.7265,0.059800000000000006,0.1282,0.0171,0.0684,0.0,0.0
"Compile and write documentation of program development and subsequent revisions, inserting comments in the coded instructions so others can understand the program.",0.8478,0.0765,0.0032,0.0127,0.0558,0.004,0.0
"Compile budget data and documents, based on estimated revenues and expenses and previous budgets.",0.9523999999999999,0.047599999999999996,0.0,0.0,0.0,0.0,0.0
Compile data from records to prepare periodic reports.,0.8404,0.045599999999999995,0.0021,0.105,0.0048,0.0021,0.0
Compile data pertinent to manufacture of special products for customers.,0.9545,0.0455,0.0,0.0,0.0,0.0,0.0
"Compile information about flights from flight plans, pilot reports, radar, or observations.",0.9231,0.0513,0.0,0.0128,0.0128,0.0,0.0
"Compile information about new accounts, enter account information into computers, and file related forms or other documents.",0.8138,0.1485,0.0,0.023,0.0146,0.0,0.0
Compile information on content and context of information to be translated and on intended audience.,0.9725,0.0083,0.0004,0.0144,0.0039000000000000003,0.0004,0.0
"Compile information, such as production rates and progress, materials inventories, materials used, or customer information, so that status reports can be completed.",0.9621999999999999,0.0174,0.0,0.0174,0.0029,0.0,0.0
Compile laboratory test data and perform appropriate analyses.,0.92,0.08,0.0,0.0,0.0,0.0,0.0
Compile lists describing product or service offerings.,0.9498000000000001,0.0313,0.0,0.0115,0.0074,0.0,0.0
"Compile operational or personnel records, such as time and production records, inventory data, repair or maintenance statistics, or test results.",0.9153,0.0593,0.0,0.0085,0.0169,0.0,0.0
"Compile or maintain records of system operation, performance, and maintenance.",0.8745,0.030299999999999997,0.0,0.09380000000000001,0.0,0.0014000000000000002,0.0
"Compile reports, charts, or graphs that describe and interpret findings of analyses.",0.9854999999999999,0.0053,0.0008,0.001,0.0060999999999999995,0.0013,0.0
Compile scores and other athletic records.,0.9937,0.0,0.0,0.0063,0.0,0.0,0.0
"Compile scripts, program notes, and other material related to productions.",0.9772,0.0152,0.0,0.0,0.0076,0.0,0.0
"Compile statistical, financial, accounting, or auditing reports and tables pertaining to such matters as cash receipts, expenditures, accounts payable and receivable, and profits and losses.",0.9831,0.0085,0.0,0.0,0.0064,0.0021,0.0
"Compile statistics from source materials, such as production or sales records, quality-control or test records, time sheets, or survey sheets.",0.9906,0.009399999999999999,0.0,0.0,0.0,0.0,0.0
"Compile terminology and information to be used in translations, including technical terms such as those for legal or medical material.",0.9634,0.0116,0.0004,0.0196,0.004699999999999999,0.0004,0.0
"Compile, analyze, and report data to explain economic phenomena and forecast market trends, applying mathematical models and statistical techniques.",0.9791,0.018799999999999997,0.001,0.0,0.0,0.001,0.0
"Compile, copy, sort, and file records of office activities, business transactions, and other activities.",0.8578,0.045899999999999996,0.0,0.07339999999999999,0.0229,0.0,0.0
"Compile, log, or record testing or operational data for review and further analysis.",0.8822,0.0677,0.0029,0.045700000000000005,0.0015,0.0,0.0
"Compile, record, and code results or data from interview or survey, using computer or specified form.",0.9215000000000001,0.0345,0.0034000000000000002,0.0345,0.005600000000000001,0.0005,0.0
"Compile, record, and evaluate personal and financial data to verify completeness and accuracy, and to determine eligibility status.",0.9439,0.026000000000000002,0.0,0.0246,0.0055000000000000005,0.0,0.0
"Compile, sort, and verify the accuracy of data before it is entered.",0.9686,0.0097,0.0002,0.016,0.004699999999999999,0.0007000000000000001,0.0
"Compile, transcribe, and distribute minutes of meetings.",0.9523,0.0194,0.0008,0.0202,0.005699999999999999,0.0016,0.0
"Complete administrative responsibilities, such as coordinating paperwork, scheduling case management activities, or writing lesson plans.",0.9342,0.0395,0.0,0.0263,0.0,0.0,0.0
"Complete administrative tasks, such as entering orders into computer, answering telephone calls, or maintaining medical or facility information.",0.8946999999999999,0.0702,0.0,0.0175,0.0,0.0175,0.0
"Complete and maintain accurate records or reports regarding the patients' histories and progress, services provided, or other required information.",0.848,0.08,0.008,0.048,0.016,0.0,0.0
Complete form letters in response to requests or problems identified by correspondence.,0.9479000000000001,0.0313,0.0,0.0,0.0208,0.0,0.0
Complete forms in accordance with company procedures.,0.6957,0.1739,0.0,0.0435,0.087,0.0,0.0
"Complete general financial activities, such as processing accounts payable, reviewing invoices, collecting cash payments, or issuing receipts.",0.9822,0.0158,0.0,0.0,0.002,0.0,0.0
"Complete reports related to project status, progress, or other work details, using computer software.",0.8598,0.0872,0.0011,0.0155,0.0331,0.0033,0.0
"Complete required paperwork, such as work orders, according to services performed or required.",0.7297,0.1892,0.0,0.013500000000000002,0.0676,0.0,0.0
Complete sales order tickets and submit for processing of client-requested transactions.,0.7664,0.19640000000000002,0.0,0.0179,0.019299999999999998,0.0,0.0
"Complete work schedules, manage calendars, and arrange appointments.",0.8342,0.07490000000000001,0.0027,0.0294,0.0588,0.0,0.0
"Comply with all applicable standards, policies, or procedures, such as safety procedures or the maintenance of a clean work area.",0.8077,0.0128,0.0,0.1282,0.0,0.0513,0.0
Compose and edit scripts or provide screenwriters with story outlines from which scripts can be written.,0.6778,0.0259,0.0,0.0074,0.2704,0.018500000000000003,0.0
"Compose business correspondence for supervisors, managers, and professionals.",0.8519,0.0362,0.0032,0.0269,0.08,0.0017000000000000001,0.0
"Compose descriptions of merchandise for posting to online storefront, auction sites, or other shopping Web sites.",0.9631000000000001,0.0103,0.0002,0.0028000000000000004,0.0219,0.0016,0.0
Compose explanatory summaries of contents of books and other reference materials.,0.9701000000000001,0.0048,0.0027,0.0037,0.0182,0.0005,0.0
"Compose letters in reply to correspondence concerning such items as requests for merchandise, damage claims, credit information requests, delinquent accounts, incorrect billing, or unsatisfactory service.",0.8440000000000001,0.048,0.0,0.024,0.084,0.0,0.0
Compose songs or create vocal arrangements.,0.9529000000000001,0.015700000000000002,0.0026,0.0,0.0288,0.0,0.0
"Compose, type, and distribute meeting notes, routine correspondence, or reports, such as presentations or expense, statistical, or monthly reports.",0.8456999999999999,0.1173,0.0,0.030899999999999997,0.0062,0.0,0.0
"Compose, type, and mail customer statements and other correspondence related to issues such as discrepancies and outstanding unpaid items.",0.8901,0.044000000000000004,0.0,0.022000000000000002,0.022000000000000002,0.022000000000000002,0.0
"Compute and analyze data, using statistical formulas and computers or calculators.",0.857,0.0817,0.0042,0.0021,0.0507,0.0043,0.0
Compute and compare costs of services.,0.9351,0.014199999999999999,0.014199999999999999,0.002,0.016200000000000003,0.0183,0.0
Compute and record totals of transactions.,0.85,0.075,0.0,0.0,0.075,0.0,0.0
"Compute and verify totals on report forms, requisitions, or bills, using adding machine or calculator.",0.9257,0.0159,0.0,0.0053,0.018600000000000002,0.0345,0.0
Compute charges for merchandise or services and receive payments.,0.7826000000000001,0.1739,0.0,0.0,0.0435,0.0,0.0
Compute cost estimates for labor and materials.,0.8935,0.0417,0.0,0.0046,0.0602,0.0,0.0
Compute costs of labor and materials to determine production costs of products and articles.,0.8332999999999999,0.0556,0.0,0.0278,0.0833,0.0,0.0
"Compute dimensions, areas, volumes, and weights.",0.8611,0.0556,0.0139,0.0139,0.0556,0.0,0.0
"Compute estimates and actual costs of factors such as materials, labor, or outside contractors.",0.8362,0.0169,0.005600000000000001,0.0,0.1356,0.005600000000000001,0.0
"Compute figures such as balances, totals, or commissions.",0.878,0.0321,0.0048,0.0144,0.052199999999999996,0.018500000000000003,0.0
"Compute final estimation of property values, taking into account such factors as depreciation, replacement costs, value comparisons of similar properties, and income potential.",0.8936,0.0213,0.0213,0.0,0.0426,0.0213,0.0
"Compute mathematical formulas to develop and design detailed specifications for components or machinery, using computer-assisted equipment.",0.7667,0.0333,0.1333,0.0,0.0667,0.0,0.0
Compute prices of items or groups of items.,0.7895,0.0789,0.0066,0.0132,0.0658,0.0461,0.0
"Compute reporting metrics, such as on-time delivery rates, order fulfillment rates, or inventory turns.",0.9506999999999999,0.021099999999999997,0.0,0.006999999999999999,0.0141,0.006999999999999999,0.0
"Compute sales prices, total purchases, and receive and process cash or credit payment.",0.7447,0.2553,0.0,0.0,0.0,0.0,0.0
"Compute taxes owed and prepare tax returns, ensuring compliance with payment, reporting, or other tax requirements.",0.8571,0.035699999999999996,0.0,0.035699999999999996,0.07139999999999999,0.0,0.0
"Compute, record, and proofread data and other information, such as records or reports.",0.8462000000000001,0.0256,0.0,0.0,0.0064,0.12179999999999999,0.0
"Conceptualize and help design interfaces for multimedia games, products, and devices.",0.7725,0.029900000000000003,0.0,0.0359,0.1497,0.012,0.0
Conduct auditions or interviews to evaluate potential clients.,0.675,0.15,0.0,0.175,0.0,0.0,0.0
"Conduct classes or demonstrations, or train other workers.",0.7473000000000001,0.1319,0.07139999999999999,0.0385,0.0,0.011000000000000001,0.0
Conduct economic or commercial surveys to identify potential markets for products or services.,0.8012,0.0406,0.002,0.1481,0.008100000000000001,0.0,0.0
Conduct evaluations of employees' performance.,0.9245,0.056600000000000004,0.0,0.0,0.0189,0.0,0.0
"Conduct failure analyses, document results, and recommend corrective actions.",0.7191,0.191,0.0393,0.0,0.0225,0.0281,0.0
"Conduct gambling games, such as dice, roulette, cards, or keno, following all applicable rules and regulations.",0.3014,0.6620999999999999,0.0,0.0274,0.0046,0.0046,0.0
"Conduct gambling tables or games, such as dice, roulette, cards, or keno, and ensure that game rules are followed.",0.2772,0.7129000000000001,0.0,0.0,0.0,0.009899999999999999,0.0
"Conduct historical research, and publish or present findings and theories.",0.9129999999999999,0.014499999999999999,0.0435,0.014499999999999999,0.014499999999999999,0.0,0.0
Conduct investigations of information security breaches to identify vulnerabilities and evaluate the damage.,0.9179999999999999,0.0664,0.0,0.0,0.015600000000000001,0.0,0.0
"Conduct logical analyses of business, scientific, engineering, and other technical problems, formulating mathematical models of problems for solution by computers.",0.9273,0.0182,0.0,0.0,0.0364,0.0182,0.0
"Conduct market research analysis to identify search query trends, real-time search and news media activity, popular social media topics, electronic commerce trends, market opportunities, or competitor performance.",0.9695999999999999,0.009000000000000001,0.0028000000000000004,0.0033,0.0138,0.0014000000000000002,0.0
Conduct market research and analyze industry trends.,0.9722,0.01,0.0015,0.003,0.0118,0.0015,0.0
Conduct meetings with staff to discuss production progress and to ensure production objectives are attained.,0.8209000000000001,0.052199999999999996,0.0,0.1119,0.0149,0.0,0.0
"Conduct needs assessments or surveys to determine interest in, or satisfaction with, wellness and fitness programs, events, or services.",0.8387,0.043,0.0,0.1183,0.0,0.0,0.0
"Conduct network and security system audits, using established criteria.",0.8933,0.058899999999999994,0.0044,0.0066,0.011000000000000001,0.0258,0.0
"Conduct nutritional assessments of individuals, including obtaining and evaluating individuals' dietary histories, to plan nutritional programs.",0.8,0.0667,0.0333,0.0333,0.0667,0.0,0.0
"Conduct online marketing initiatives, such as paid ad placement, affiliate programs, sponsorship programs, email promotions, or viral marketing campaigns on social media Web sites.",0.8293,0.122,0.0,0.0,0.048799999999999996,0.0,0.0
Conduct or direct the internal investigation of compliance issues.,0.9467,0.013300000000000001,0.0,0.026699999999999998,0.0,0.013300000000000001,0.0
"Conduct personal background investigations, such as pre-employment checks, to obtain information about an individual's character, financial status, or personal history.",0.9345,0.0364,0.0,0.014499999999999999,0.0109,0.0036,0.0
Conduct predictive or reactive analyses on security measures to support cyber security initiatives.,0.9375,0.028399999999999998,0.0059,0.011399999999999999,0.0024,0.0143,0.0
Conduct presentations of analytic findings.,0.8986,0.028999999999999998,0.0435,0.014499999999999999,0.014499999999999999,0.0,0.0
Conduct primary patient assessments that include information from prior medical care.,1.0,0.0,0.0,0.0,0.0,0.0,0.0
"Conduct reference searches, using printed materials and in-house and online databases.",0.8959999999999999,0.0246,0.0277,0.0168,0.0231,0.0116,0.0
Conduct regular reviews of property within jurisdictions to determine changes in property due to construction or demolition.,1.0,0.0,0.0,0.0,0.0,0.0,0.0
"Conduct research in a particular field of knowledge and publish findings in professional journals, books, or electronic media.",0.8443999999999999,0.0,0.15560000000000002,0.0,0.0,0.0,0.0
"Conduct research on cell organization and function, including mechanisms of gene expression, cellular bioinformatics, cell signaling, or cell differentiation.",0.8957999999999999,0.0417,0.0625,0.0,0.0,0.0,0.0
"Conduct research on consumer opinions and buying habits, and identify target audiences for products, services, or technologies.",0.8356,0.0416,0.0,0.095,0.0277,0.0,0.0
"Conduct research on the structures and properties of materials, such as metals, alloys, polymers, and ceramics, to obtain information that could be used to develop new products or enhance existing ones.",0.9333,0.0,0.0333,0.0,0.0333,0.0,0.0
"Conduct research to develop methodologies, instrumentation, and procedures for medical application, analyzing data and presenting findings to the scientific audience and general public.",1.0,0.0,0.0,0.0,0.0,0.0,0.0
"Conduct research, compile data, and prepare papers for consideration and presentation by executives, committees, and boards of directors.",0.9122,0.0311,0.0022,0.0011,0.0478,0.005600000000000001,0.0
"Conduct searches to find needed information, using such sources as the Internet.",0.8418000000000001,0.049100000000000005,0.0472,0.025,0.028399999999999998,0.0085,0.0
"Conduct software compatibility tests with programs, hardware, operating systems, or network environments.",0.8148000000000001,0.037000000000000005,0.0,0.1481,0.0,0.0,0.0
"Conduct statistical analyses to quantify risk, using statistical analysis software or econometric models.",0.9186,0.0581,0.0116,0.0,0.0,0.0116,0.0
"Conduct surveys and collect data, using methods such as interviews, questionnaires, focus groups, market analysis surveys, public opinion polls, literature reviews, and file reviews.",0.4658,0.08130000000000001,0.0037,0.4362,0.0111,0.0018,0.0
Conduct trial runs of programs and software applications to be sure they will produce the desired information and that the instructions are correct.,0.815,0.1547,0.001,0.0131,0.0076,0.0086,0.0
Conduct user research to determine design requirements and analyze user feedback to improve design quality.,0.7835,0.0424,0.0024,0.15289999999999998,0.0165,0.0024,0.0
"Confer or correspond with establishment representatives to rectify problems, such as damages, shortages, or nonconformance to specifications.",0.92,0.0,0.0,0.04,0.0,0.04,0.0
"Confer with board members, organization officials, or staff members to discuss issues, coordinate activities, or resolve problems.",0.8073999999999999,0.0984,0.0,0.08199999999999999,0.008199999999999999,0.0040999999999999995,0.0
"Confer with clients regarding price and type of arrangement desired and the date, time, and place of delivery.",0.47619999999999996,0.2857,0.0,0.09519999999999999,0.1429,0.0,0.0
"Confer with clients to determine objectives, budget, background information, and presentation approaches, styles, and techniques.",0.5245000000000001,0.1585,0.0,0.1795,0.1352,0.0023,0.0
Confer with clients to discuss and determine layout design.,0.47619999999999996,0.11109999999999999,0.0,0.15869999999999998,0.23809999999999998,0.0159,0.0
"Confer with clients to restructure debt, refinance debt, or raise new debt.",0.7667,0.1333,0.0,0.0,0.1,0.0,0.0
"Confer with clients, editors, publishers, or producers to discuss changes or revisions to written material.",0.7742,0.0968,0.0,0.0323,0.0968,0.0,0.0
"Confer with co-workers to obtain information about orders, processes, or problems.",0.7112,0.0733,0.0,0.2112,0.0,0.0043,0.0
Confer with colleagues to formulate positions and strategies pertaining to pending issues.,0.72,0.1067,0.013300000000000001,0.1067,0.04,0.013300000000000001,0.0
"Confer with colleagues, faculty, and community members and organizations to conduct informational programs, make collection decisions, and determine library services to offer.",0.8571,0.1429,0.0,0.0,0.0,0.0,0.0
"Confer with company officials to develop methods and procedures to increase sales, expand markets, and promote business.",0.5172,0.2759,0.0,0.069,0.1379,0.0,0.0
"Confer with coworkers to get information about order details, processing plans, or problems that occur.",0.6364,0.0909,0.030299999999999997,0.1818,0.030299999999999997,0.030299999999999997,0.0
"Confer with coworkers to obtain information about orders, processes, or problems.",0.7143,0.044199999999999996,0.0,0.23120000000000002,0.0026,0.0078000000000000005,0.0
"Confer with customers by telephone or in person to provide information about products or services, take or enter orders, cancel accounts, or obtain details of complaints.",0.838,0.0308,0.052199999999999996,0.058899999999999994,0.0134,0.0067,0.0
"Confer with customers or supervising personnel to address questions, problems, or requests for service or equipment.",0.6074,0.29960000000000003,0.0103,0.0723,0.0062,0.0040999999999999995,0.0
Confer with customers to assess customer needs or obtain feedback.,0.539,0.1698,0.009899999999999999,0.226,0.0506,0.004699999999999999,0.0
Confer with customers to determine how to tailor materials to their needs.,0.5914,0.1114,0.005699999999999999,0.1514,0.1343,0.005699999999999999,0.0
Confer with customers to determine the nature of malfunctions.,0.5561,0.21030000000000001,0.009300000000000001,0.21030000000000001,0.013999999999999999,0.0,0.0
Confer with customers to determine the nature of problems or to explain repairs.,0.511,0.1322,0.0088,0.28190000000000004,0.0441,0.022000000000000002,0.0
Confer with department supervisors or other personnel to assess progress and discuss needed changes.,0.7681,0.09179999999999999,0.0048,0.12560000000000002,0.0097,0.0,0.0
Confer with engineering staff and other personnel to resolve problems.,0.7143,0.1837,0.0,0.0816,0.0204,0.0,0.0
"Confer with engineers or other personnel to implement operating procedures, resolve system malfunctions, or provide technical information.",0.7333,0.1714,0.0095,0.0667,0.019,0.0,0.0
"Confer with establishment personnel, vendors, or customers to coordinate production or shipping activities and to resolve complaints or eliminate delays.",0.8913,0.0435,0.0,0.0652,0.0,0.0,0.0
Confer with management to discuss and resolve participant complaints.,0.7895,0.0526,0.0,0.15789999999999998,0.0,0.0,0.0
"Confer with management, production, or marketing staff to discuss project specifications or procedures.",0.7273000000000001,0.0909,0.0,0.0909,0.0455,0.0455,0.0
"Confer with managers to determine production requirements, conditions of equipment and supplies, and work schedules.",0.7273000000000001,0.0909,0.0,0.1364,0.0455,0.0,0.0
Confer with network users about solutions to existing system problems.,0.46340000000000003,0.46340000000000003,0.024399999999999998,0.048799999999999996,0.0,0.0,0.0
"Confer with personnel, such as management, engineering, quality control, customer, or union workers' representatives, to coordinate work activities, resolve employee grievances, or identify and review resource needs.",0.8798,0.0433,0.0,0.0673,0.0048,0.0048,0.0
Confer with project personnel to identify and resolve problems.,0.5257999999999999,0.1649,0.0,0.2887,0.0103,0.0103,0.0
Confer with stage or motion picture officials and performers to determine desired effects.,0.55,0.15,0.0,0.05,0.25,0.0,0.0
"Confer with systems analysts, engineers, programmers and others to design systems and to obtain information on project limitations and capabilities, performance requirements and interfaces.",0.5152,0.060599999999999994,0.060599999999999994,0.030299999999999997,0.3333,0.0,0.0
"Confer with users to analyze, configure, or troubleshoot applications.",0.4119,0.43560000000000004,0.034300000000000004,0.0333,0.0764,0.0086,0.0
"Confer with users to discuss issues such as computer data access needs, security violations, and programming changes.",0.5109,0.22829999999999998,0.054299999999999994,0.054299999999999994,0.1413,0.0109,0.0
"Configure and define parameters for installation or testing of local area network (LAN), wide area network (WAN), hubs, routers, switches, controllers, multiplexers, or related networking equipment.",0.66,0.32,0.02,0.0,0.0,0.0,0.0
Configure information systems to incorporate principles of least functionality and least access.,0.6444,0.16670000000000001,0.0444,0.0,0.1444,0.0,0.0
Configure security settings or access permissions for groups or individuals.,0.7478,0.17989999999999998,0.0059,0.0147,0.0501,0.0015,0.0
Configure servers to meet functional specifications.,0.585,0.3527,0.005699999999999999,0.0212,0.034,0.0014000000000000002,0.0
"Configure, monitor, and maintain email applications or virus protection software.",0.8989,0.0787,0.0,0.0225,0.0,0.0,0.0
Consult or negotiate with clients to prepare project specifications.,0.5,0.39289999999999997,0.0,0.07139999999999999,0.035699999999999996,0.0,0.0
"Consult sources, such as rate books, manuals, or insurance company representatives, to determine specific charges or information such as rules, regulations, or government tax and tariff information.",0.8704000000000001,0.018500000000000003,0.0833,0.0,0.0139,0.0139,0.0
"Consult with and advise government officials, civic bodies, research agencies, the media, political parties, and others concerned with political issues.",0.7,0.06,0.04,0.06,0.12,0.02,0.0
"Consult with and advise individuals such as administrators, social workers, and legislators regarding social issues and policies, as well as the implications of research findings.",0.68,0.04,0.2,0.04,0.0,0.04,0.0
"Consult with and advise physicians, educators, researchers, government health officials and others regarding medical applications of sciences, such as physics, biology, and chemistry.",0.7188,0.0313,0.125,0.0313,0.0313,0.0625,0.0
Consult with clients after sales or contract signings to resolve problems and provide ongoing support.,0.7147,0.1491,0.0437,0.056600000000000004,0.025699999999999997,0.0103,0.0
Consult with clients after sales or contract signings to resolve problems and to provide ongoing support.,0.7243,0.1593,0.0276,0.0643,0.0168,0.0077,0.0
"Consult with customers or other departments on project status, proposals, or technical issues, such as software system design or maintenance.",0.6888,0.09970000000000001,0.0771,0.0771,0.0492,0.008,0.0
Consult with end users regarding problems in accessing electronic content.,0.5616,0.298,0.0443,0.0837,0.0074,0.0049,0.0
"Consult with or provide consultation to other doctors, therapists, or clinicians regarding patient care.",0.5714,0.07139999999999999,0.19640000000000002,0.0179,0.08929999999999999,0.0536,0.0
"Consult with researchers to analyze problems, recommend technology-based solutions, or determine computational strategies.",0.4535,0.1128,0.18359999999999999,0.0398,0.1991,0.0111,0.0
Contact applicants or creditors to resolve questions about applications or to assist with completion of paperwork.,0.9412,0.0,0.0,0.0588,0.0,0.0,0.0
Contact borrowers with delinquent accounts to obtain payment in full or to negotiate repayment plans.,0.8189,0.126,0.0,0.0315,0.0079,0.015700000000000002,0.0
"Contact businesses or private individuals by telephone to solicit sales for goods or services, or to request donations for charitable causes.",0.846,0.0192,0.0,0.1333,0.0008,0.0008,0.0
Contact carriers for rates or schedules.,0.8421,0.0877,0.0,0.0175,0.0526,0.0,0.0
"Contact clients in person, by phone, or in writing to ensure they have completed required or recommended actions.",0.5357,0.2143,0.0,0.25,0.0,0.0,0.0
"Contact customers by mail, telephone, or in person concerning acceptance or rejection of applications.",0.9534999999999999,0.0233,0.0,0.0233,0.0,0.0,0.0
Contact customers or travel agents to advise them of travel conveyance changes or to confirm reservations.,0.831,0.0704,0.0,0.0775,0.006999999999999999,0.0141,0.0
Contact customers to obtain or relay account information.,0.8717,0.026699999999999998,0.0,0.09630000000000001,0.0,0.0053,0.0
Contact customers to respond to inquiries or to notify them of claim investigation results or any planned adjustments.,0.8648,0.0196,0.0039000000000000003,0.10189999999999999,0.0098,0.0,0.0
Contact job applicants to inform them of the status of their applications.,0.8476,0.0508,0.0027,0.0882,0.0053,0.0053,0.0
Contact new or existing customers to discuss how specific products or services can meet their needs.,0.8568000000000001,0.0512,0.0012,0.08,0.009300000000000001,0.0015,0.0
Contact organizations to explain services and facilities offered.,0.875,0.0,0.0,0.125,0.0,0.0,0.0
Contact potential vendors to determine material availability.,0.5390999999999999,0.41409999999999997,0.0,0.0391,0.0078000000000000005,0.0,0.0
Contact previous clients for prospecting of referral business.,0.92,0.0,0.0,0.08,0.0,0.0,0.0
Contact property owners and advertise services to solicit property sales listings.,0.7565000000000001,0.0087,0.0,0.2348,0.0,0.0,0.0
Contact prospective customers to present information and explain available services.,0.8709,0.0406,0.0015,0.0758,0.0108,0.0005,0.0
Contact prospective or existing customers to discuss how services can meet their needs.,0.8449,0.041299999999999996,0.0017000000000000001,0.09880000000000001,0.012,0.0013,0.0
Contribute to the development or implementation of business unit strategic and operating plans.,0.7212999999999999,0.127,0.0246,0.0451,0.0697,0.0123,0.0
"Converse with customer to determine destination, mode of transportation, travel dates, financial considerations, and accommodations required.",0.5602,0.2892,0.0,0.12050000000000001,0.0301,0.0,0.0
Converse with customers to determine details of equipment problems.,0.5339,0.1946,0.0045000000000000005,0.2353,0.0181,0.013600000000000001,0.0
"Convert various types of files for printing or for the Internet, using computer software.",0.9075,0.023,0.0,0.0137,0.0558,0.0,0.0
Convert video and audio recordings into digital formats for editing or archiving.,0.8695999999999999,0.0356,0.004,0.0356,0.0553,0.0,0.0
Coordinate activities with other supervisory personnel or with other work units or departments.,0.7833,0.1583,0.0,0.0417,0.0167,0.0,0.0
Coordinate and link the computer systems within an organization to increase compatibility so that information can be shared.,0.6111,0.3175,0.0079,0.0397,0.023799999999999998,0.0,0.0
"Coordinate findings with the work of engineering and architectural personnel, clients, and others concerned with projects.",0.6667000000000001,0.22219999999999998,0.0,0.037000000000000005,0.0,0.0741,0.0
Coordinate or maintain office tracking systems for correspondence or follow-up actions.,0.8205,0.07690000000000001,0.0256,0.07690000000000001,0.0,0.0,0.0
"Coordinate production activities with other functional units, such as procurement, maintenance, or quality control.",0.8631,0.1079,0.0,0.0083,0.0124,0.0083,0.0
Coordinate recruitment or selection of project personnel.,0.9643,0.0,0.0,0.035699999999999996,0.0,0.0,0.0
Coordinate user or third-party testing.,0.8077,0.15380000000000002,0.0,0.0385,0.0,0.0,0.0
Coordinate work assignment preparation and completion with other workers.,0.78,0.0971,0.011399999999999999,0.10859999999999999,0.0029,0.0,0.0
"Coordinate, monitor, or revise complaint procedures to ensure timely processing and review of complaints.",0.8931,0.0377,0.0,0.0692,0.0,0.0,0.0
"Coordinate, prepare, or review regulatory submissions for domestic or international projects.",0.8058,0.036000000000000004,0.0,0.0216,0.0432,0.0935,0.0
Correct errors by making appropriate changes and rechecking the program to ensure that the desired results are produced.,0.6409,0.3065,0.0031,0.0037,0.0435,0.0023,0.0
"Correct or record omissions, errors, or inconsistencies found.",0.8116,0.016,0.0015,0.0018,0.0172,0.152,0.0
"Correct testing-identified problems, or recommend actions for their resolution.",0.612,0.281,0.024300000000000002,0.01,0.042800000000000005,0.03,0.0
"Correspond with customers and confer with coworkers to answer inquiries, discuss market fluctuations, or resolve account problems.",0.9014,0.042300000000000004,0.0,0.056299999999999996,0.0,0.0,0.0
Correspond with insured or agent to obtain information or to inform them of account status or changes.,0.9231,0.011000000000000001,0.0,0.044000000000000004,0.011000000000000001,0.011000000000000001,0.0
"Correspond with online customers via electronic mail, telephone, or other electronic messaging to address questions or complaints about products, policies, or shipping methods.",0.9052,0.0392,0.0033,0.0131,0.0359,0.0033,0.0
"Counsel and provide guidance to students regarding personal, academic, vocational, or behavioral issues.",0.49369999999999997,0.0965,0.1329,0.15380000000000002,0.0895,0.0336,0.0
"Counsel clients on personal and family financial problems, such as excessive spending or borrowing of funds.",0.5244,0.2805,0.08539999999999999,0.0183,0.0793,0.012199999999999999,0.0
"Counsel employees in work-related activities, personal growth, or career development.",0.6467,0.1304,0.054299999999999994,0.1033,0.0326,0.0326,0.0
"Counsel individuals and groups on basic rules of good nutrition, healthy eating habits, and nutrition monitoring to improve their quality of life.",0.669,0.1379,0.1241,0.0207,0.0379,0.0103,0.0
"Counsel individuals or groups to help them understand and overcome personal, social, or behavioral problems affecting their educational or vocational situations.",0.44329999999999997,0.18789999999999998,0.1206,0.1241,0.0851,0.039,0.0
"Counsel individuals regarding interpersonal, health, financial, or religious problems.",0.467,0.16190000000000002,0.076,0.2071,0.046900000000000004,0.0412,0.0
"Counsel individuals, groups, families, or communities regarding issues including mental health, poverty, unemployment, substance abuse, physical abuse, rehabilitation, social adjustment, child care, or medical care.",0.5635,0.0913,0.15869999999999998,0.1548,0.0159,0.0159,0.0
"Counsel individuals, groups, or families to help them understand problems, deal with crisis situations, define goals, and develop realistic action plans.",0.2876,0.2297,0.1753,0.2539,0.0233,0.0302,0.0
Counsel outpatients or other patients during office visits.,0.449,0.102,0.3061,0.0816,0.0204,0.0408,0.0
"Counsel patients about drug regimens and possible side effects or interactions with other substances, such as food supplements, over-the-counter (OTC) medications, or herbal remedies.",0.5603,0.0993,0.26239999999999997,0.014199999999999999,0.028399999999999998,0.0355,0.0
"Counsel patients about nutrition, exercise, sleeping habits, stress management, or other matters.",0.6175,0.1252,0.11320000000000001,0.1115,0.0206,0.012,0.0
"Counsel patients or others on the background of neurological disorders including risk factors, or genetic or environmental concerns.",0.7368000000000001,0.0,0.2632,0.0,0.0,0.0,0.0
"Counsel student athletes on academic, athletic, and personal issues.",0.4082,0.26530000000000004,0.0816,0.16329999999999997,0.061200000000000004,0.0204,0.0
"Counsel students in the handling of issues such as family, financial, and educational problems.",0.4783,0.0217,0.0435,0.3696,0.0435,0.0435,0.0
"Counsel students regarding educational issues, such as course and program selection, class scheduling and registration, school adjustment, truancy, study habits, and career planning.",0.4545,0.1515,0.2121,0.12119999999999999,0.0,0.060599999999999994,0.0
Counsel students with adjustment or academic problems.,0.4857,0.0286,0.0571,0.3429,0.0857,0.0,0.0
Counsel workers about job and career-related issues.,0.3667,0.20829999999999999,0.10830000000000001,0.2667,0.0417,0.0083,0.0
"Count, weigh, measure, or organize materials.",0.9756,0.012199999999999999,0.0,0.0060999999999999995,0.0060999999999999995,0.0,0.0
"Create and maintain logs, records, or databases of information about fraudulent activity.",0.96,0.0,0.0,0.04,0.0,0.0,0.0
"Create basic designs, drawings, and illustrations for product labels, cartons, direct mail, or television.",0.8732,0.0,0.0,0.0,0.1127,0.0141,0.0
"Create billing documents, shipping labels, credit memorandums, or credit forms.",0.7429000000000001,0.0857,0.0,0.019,0.1429,0.0095,0.0
"Create business intelligence tools or systems, including design of related databases, spreadsheets, or outputs.",0.662,0.1408,0.0,0.0,0.1972,0.0,0.0
"Create core game features, including storylines, role-play mechanics, and character biographies for a new video game or game franchise.",0.7232999999999999,0.044000000000000004,0.0063,0.0126,0.2138,0.0,0.0
"Create debt management plans, spending plans, or budgets to assist clients to meet financial goals.",0.62,0.16,0.0,0.02,0.2,0.0,0.0
"Create designs, concepts, and sample layouts, based on knowledge of layout principles and esthetic design concepts.",0.9020999999999999,0.0319,0.0,0.0043,0.0617,0.0,0.0
Create developmentally appropriate lesson plans.,0.8267,0.0225,0.0034999999999999996,0.031200000000000002,0.1161,0.0,0.0
"Create diagrams to communicate environmental remediation planning, using geographic information systems (GIS), computer-aided design (CAD), or other mapping or diagramming software.",0.8056,0.0556,0.0,0.0,0.1389,0.0,0.0
Create drink recipes.,0.9301999999999999,0.0233,0.04650000000000001,0.0,0.0,0.0,0.0
Create embedded software design programs.,0.8896,0.048499999999999995,0.004,0.0013,0.0565,0.0,0.0
"Create graphs, charts, or other visualizations to convey the results of data analysis using specialized software.",0.7752,0.0611,0.0077,0.008100000000000001,0.1452,0.0027,0.0
Create itemized invoices to record amounts due for services rendered.,0.7143,0.2143,0.0,0.0,0.07139999999999999,0.0,0.0
"Create marketing or outreach media, such as brochures or Web sites, to communicate sustainability issues, procedures, or objectives.",0.8551000000000001,0.027999999999999997,0.0,0.0187,0.0981,0.0,0.0
Create novel computational approaches and analytical tools as required by research goals.,0.7509,0.15789999999999998,0.013999999999999999,0.0175,0.056100000000000004,0.0034999999999999996,0.0
Create or administer training and awareness presentations or materials.,0.9208,0.0226,0.0,0.0038,0.0528,0.0,0.0
"Create or distribute offline promotional material, such as brochures, pamphlets, business cards, stationary, or signage.",0.8106,0.0199,0.0,0.0189,0.1506,0.0,0.0
"Create or implement security standards, policies, and procedures.",0.8551000000000001,0.0362,0.014499999999999999,0.0507,0.0362,0.0072,0.0
"Create or interpret engineering drawings, schematic diagrams, formulas, or blueprints for management or engineering staff.",0.905,0.0063,0.0579,0.0072,0.019,0.0045000000000000005,0.0
Create or maintain database of customer accounts.,0.7852,0.08710000000000001,0.0043,0.0928,0.0271,0.0036,0.0
"Create or maintain formal engineering documents, such as schematics, bills of materials, components or materials specifications, or packaging requirements.",0.8301000000000001,0.0574,0.0024,0.0048,0.10289999999999999,0.0024,0.0
Create or review technical design documentation to ensure the accurate development of reporting solutions.,0.9408,0.026099999999999998,0.0,0.0034999999999999996,0.0279,0.0017000000000000001,0.0
"Create or revise user instructions, procedures, or manuals.",0.7612000000000001,0.08960000000000001,0.0,0.0,0.1493,0.0,0.0
Create sales or service contracts for products or services.,0.8214,0.07139999999999999,0.0,0.0,0.10710000000000001,0.0,0.0
Create specialty dishes and develop recipes to be used in dining facilities.,0.9477,0.0139,0.006999999999999999,0.006999999999999999,0.024399999999999998,0.0,0.0
"Create supporting documentation, such as metadata and diagrams of entity relationships, business processes, and process flow.",0.7974,0.028300000000000002,0.0087,0.0131,0.146,0.006500000000000001,0.0
"Create three-dimensional or interactive representations of designs, using computer-assisted design software.",0.6522,0.2826,0.0,0.0,0.0652,0.0,0.0
"Create, analyze, report, convert, or transfer data, using specialized applications program software.",0.927,0.0346,0.0013,0.0208,0.0154,0.0009,0.0
"Create, maintain, and enter information into databases.",0.8590000000000001,0.08410000000000001,0.0018,0.0292,0.025,0.001,0.0
"Create, populate, or maintain databases for tracking validation activities, test results, or validated systems.",0.8829,0.045,0.0,0.0541,0.018000000000000002,0.0,0.0
"Debit, credit, and total accounts on computer spreadsheets and databases, using specialized accounting software.",0.8332999999999999,0.1333,0.0,0.0333,0.0,0.0,0.0
Decide whether baggage that triggers alarms should be searched or should be allowed to pass through.,0.9444,0.0178,0.001,0.0262,0.0,0.0105,0.0
Decide which information should be included or excluded in reports.,0.9577,0.0,0.0,0.0141,0.0282,0.0,0.0
"Define data requirements, and gather and validate information, applying judgment and statistical tests.",0.9682,0.013999999999999999,0.0009,0.0103,0.0025,0.0040999999999999995,0.0
"Define instructional, learning, or performance objectives.",0.8839,0.0045000000000000005,0.0,0.0045000000000000005,0.09820000000000001,0.0089,0.0
Define or recommend model specifications or data collection methods.,0.6042000000000001,0.0625,0.0833,0.0208,0.1875,0.0417,0.0
Define the goals of the system and devise flow charts and diagrams describing logical operational steps of programs.,0.8563,0.018799999999999997,0.0125,0.0125,0.1,0.0,0.0
Deliver messages and run errands.,0.7816,0.0613,0.0,0.1418,0.0115,0.0038,0.0
Deliver oral or written presentations of the results of mathematical modeling and data analysis to management or other end users.,0.9,0.0,0.05,0.05,0.0,0.0,0.0
"Deliver prepared sales talks, reading from scripts that describe products or services, to persuade potential customers to purchase a product or service or to make a donation.",0.8773000000000001,0.0355,0.0058,0.0687,0.0116,0.0012,0.0
"Deliver speeches, write articles, or present information at meetings or conventions to promote services, exchange ideas, or accomplish objectives.",0.7818,0.1727,0.0091,0.0182,0.0091,0.0091,0.0
Demonstrate correct use of exercise equipment or performance of exercise routines.,0.4545,0.0909,0.2727,0.1364,0.0455,0.0,0.0
"Demonstrate equipment to customers and explain its use, responding to any inquiries or complaints.",0.6503,0.029900000000000003,0.2566,0.0475,0.0123,0.0034999999999999996,0.0
Demonstrate how to clean and care for skin properly and recommend skin-care regimens.,0.8234999999999999,0.0588,0.1176,0.0,0.0,0.0,0.0
"Demonstrate or explain products, methods, or services to persuade customers to purchase products or use services.",0.8586,0.0733,0.015700000000000002,0.04190000000000001,0.0105,0.0,0.0
"Demonstrate systems for customers and explain details, such as the causes and consequences of false alarms.",0.6434000000000001,0.011000000000000001,0.26839999999999997,0.0331,0.0147,0.0294,0.0
Describe and express observations and conclusions in mathematical terms.,0.9412,0.0,0.0294,0.0,0.0294,0.0,0.0
"Describe artifacts' physical properties or attributes, such as the materials from which artifacts are made and their size, shape, function, and decoration.",0.9919,0.0,0.0,0.0,0.0,0.008100000000000001,0.0
"Describe merchandise and explain use, operation, and care of merchandise to customers.",0.7092,0.0336,0.1946,0.0313,0.020099999999999996,0.011200000000000002,0.0
Describe or demonstrate products that viewers may purchase through specific shows or in stores.,0.8077,0.0,0.0096,0.1827,0.0,0.0,0.0
"Describe tour points of interest to group members, and respond to questions.",0.5703,0.11720000000000001,0.0625,0.1797,0.046900000000000004,0.023399999999999997,0.0
Design and create special programs for tasks such as statistical analysis and data entry and cleaning.,0.6598,0.20489999999999997,0.009399999999999999,0.0113,0.1128,0.0019,0.0
"Design and edit promotional publications, such as brochures.",0.6275999999999999,0.048499999999999995,0.0,0.0128,0.31120000000000003,0.0,0.0
Design and implement dashboard and data visualizations to meet customer reporting needs.,0.7626000000000001,0.0973,0.0,0.0039000000000000003,0.1362,0.0,0.0
Design and implement efforts to publicize events and promote sponsorships.,0.7317,0.0678,0.0,0.019,0.1816,0.0,0.0
"Design cognitive aids, such as procedural storyboards or decision support systems.",0.7726999999999999,0.0,0.0,0.0,0.1818,0.0455,0.0
"Design custom clothing and accessories for individuals, retailers, or theatrical, television, or film productions.",0.8787999999999999,0.030299999999999997,0.0,0.060599999999999994,0.030299999999999997,0.0,0.0
"Design customer interface of online storefront, using web programming or e-commerce software.",0.8103,0.051699999999999996,0.0086,0.0086,0.1207,0.0,0.0
"Design database applications, such as interfaces, data transfer mechanisms, global temporary tables, data partitions, and function-based indexes to enable efficient access of the generic database structure.",0.8125,0.075,0.025,0.0,0.075,0.0125,0.0
"Design databases to support business applications, ensuring system scalability, security, performance, and reliability.",0.8038,0.0526,0.0096,0.0144,0.11960000000000001,0.0,0.0
Design instructional aids for stand-alone or instructor-led classroom or online use.,0.8995000000000001,0.0147,0.001,0.0073,0.0775,0.0,0.0
"Design learning products, including Web-based aids or electronic performance support systems.",0.8571,0.035699999999999996,0.0,0.0,0.10710000000000001,0.0,0.0
"Design or analyze automobile systems in areas such as aerodynamics, alternate fuels, ergonomics, hybrid power, brakes, transmissions, steering, calibration, safety, or diagnostics.",0.9091,0.0455,0.0,0.0,0.0455,0.0,0.0
Design or develop information databases that include geographic or topographic data.,0.8543999999999999,0.068,0.0,0.0,0.07769999999999999,0.0,0.0
"Design or implement improvements in communication, monitoring, or enforcement of compliance standards.",0.84,0.08,0.0,0.04,0.04,0.0,0.0
"Design or produce materials such as posters, Web sites, or newsletters to promote, market, or advertise fundraising events.",0.7576999999999999,0.0219,0.0018,0.0018,0.2168,0.0,0.0
"Design research projects that apply valid scientific techniques, and use information obtained from baselines or historical data to structure uncompromised and efficient analyses.",0.8332999999999999,0.04,0.0067,0.026699999999999998,0.09,0.0033,0.0
"Design test plans, scenarios, scripts, or procedures.",0.9298000000000001,0.041299999999999996,0.0,0.0,0.028900000000000002,0.0,0.0
Design tests of finished products or process capabilities to establish standards or validate process requirements.,0.9773999999999999,0.0075,0.0,0.0075,0.0,0.0075,0.0
"Design validation study features, such as sampling, testing, or analytical methodologies.",0.9211,0.0305,0.0102,0.0051,0.0254,0.0076,0.0
"Design, build, or maintain Web sites, using authoring or scripting languages, content creation tools, management tools, and digital media.",0.677,0.1265,0.0012,0.0083,0.1864,0.0006,0.0
"Design, develop and modify software systems, using scientific analysis and mathematical models to predict and measure outcomes and consequences of design.",0.7303000000000001,0.191,0.0225,0.0,0.0562,0.0,0.0
"Design, develop, and implement computer applications for use in mining operations such as mine design, modeling, or mapping or for monitoring mine conditions.",0.8663,0.0695,0.0053,0.010700000000000001,0.0481,0.0,0.0
"Design, evaluate, recommend, and approve changes of forms and reports.",0.7601,0.08380000000000001,0.0058,0.0087,0.1387,0.0029,0.0
"Determine a published or broadcasted story's emphasis, length, and format, organizing material accordingly.",0.9273,0.0165,0.0003,0.0060999999999999995,0.047400000000000005,0.0024,0.0
"Determine and certify the eligibility of prospective tenants, following government regulations.",0.9259000000000001,0.037000000000000005,0.0,0.0,0.0,0.037000000000000005,0.0
Determine and set product prices.,0.7629,0.20620000000000002,0.0,0.0,0.030899999999999997,0.0,0.0
"Determine conditions under which tests are to be conducted, as well as sequences and phases of test operations.",0.9276000000000001,0.0337,0.0031,0.0092,0.0245,0.002,0.0
Determine customers' financial services needs and prepare proposals to sell services that address these needs.,0.7585999999999999,0.1724,0.0,0.069,0.0,0.0,0.0
"Determine desired images and picture composition, selecting and adjusting subjects, equipment, and lighting to achieve desired effects.",0.716,0.0296,0.0,0.0118,0.2426,0.0,0.0
"Determine formats, approaches, content, levels, and mediums to effectively meet objectives within budgetary constraints, using research, knowledge, and training.",0.8732,0.037000000000000005,0.0076,0.0104,0.0679,0.0038,0.0
Determine guidelines that specify which source material is acceptable for use.,0.86,0.02,0.0,0.02,0.08,0.02,0.0
"Determine if inventory quantities are sufficient for needs, ordering more materials when necessary.",0.44530000000000003,0.5156000000000001,0.0,0.0078000000000000005,0.023399999999999997,0.0078000000000000005,0.0
"Determine or coordinate treatment plans by requesting laboratory services, reviewing genetics or counseling literature, and considering histories or diagnostic data.",0.9123,0.0526,0.0351,0.0,0.0,0.0,0.0
"Determine procedures and instructions to be followed, according to design specifications and quantity of required materials.",0.7794,0.1618,0.0049,0.0359,0.0147,0.0033,0.0
"Determine response requirements and relative priorities of situations, and dispatch units in accordance with established procedures.",0.8692,0.10279999999999999,0.0,0.0187,0.009300000000000001,0.0,0.0
"Determine scope, timing, and direction of investigations.",0.8726,0.08410000000000001,0.0048,0.0313,0.0072,0.0,0.0
"Determine size and arrangement of illustrative material and copy, and select style and size of type.",0.787,0.0556,0.009300000000000001,0.018500000000000003,0.12960000000000002,0.0,0.0
"Determine sources of Web page or server problems, and take action to correct such problems.",0.44880000000000003,0.522,0.0,0.0049,0.024399999999999998,0.0,0.0
"Determine specific network hardware or software requirements, such as platforms, interfaces, bandwidths, or routine schemas.",0.8,0.15,0.0,0.0,0.05,0.0,0.0
"Determine specifications for, or implement, logging.",0.7726999999999999,0.0909,0.0,0.0,0.1364,0.0,0.0
"Determine supplementary virtual features, such as currency, item catalog, menu design, and audio direction.",0.7584000000000001,0.0537,0.0,0.0,0.18789999999999998,0.0,0.0
"Determine the appropriate type of valuation to make, such as fair market, replacement, or liquidation, based on the needs of the property owner.",0.9333,0.0333,0.0,0.0,0.0333,0.0,0.0
Determine the specific audio and visual effects and music necessary to complete films.,0.8106,0.0359,0.0007000000000000001,0.0,0.1515,0.0013,0.0
"Determine types or amounts of equipment, vehicles, materials, or personnel required, according to work orders or specifications.",0.9787,0.0213,0.0,0.0,0.0,0.0,0.0
"Determine voices, instruments, harmonic structures, rhythms, tempos, and tone balances required to achieve the effects desired in a musical composition.",0.9322,0.0254,0.0,0.0,0.0424,0.0,0.0
"Determine whether clients should be counseled or referred to other specialists in such fields as medicine, psychiatry, or legal aid.",0.871,0.0323,0.0,0.0968,0.0,0.0,0.0
"Determine whether statistical methods are appropriate, based on user needs or research questions of interest.",0.8898999999999999,0.018600000000000002,0.0229,0.0584,0.0068000000000000005,0.0034000000000000002,0.0
Determine work assignments and procedures.,0.8319,0.146,0.0,0.0088,0.013300000000000001,0.0,0.0
"Develop Web site maps, application models, image templates, or page templates that meet project goals, user needs, or industry standards.",0.8889,0.024,0.0,0.0044,0.0828,0.0,0.0
"Develop a maintainable code base using object-oriented design principles, practices, or patterns.",0.7948999999999999,0.08800000000000001,0.004699999999999999,0.0028000000000000004,0.1067,0.0028000000000000004,0.0
Develop advertising and other informational materials to be used in subject recruitment.,0.925,0.0,0.0,0.0,0.075,0.0,0.0
"Develop advertising campaigns for a wide range of clients, working with an advertising agency's creative director and art director to determine the best way to present advertising information.",0.8718,0.07690000000000001,0.0256,0.0,0.0256,0.0,0.0
Develop an understanding of customers' needs and take actions to ensure that such needs are met.,0.7245,0.1461,0.0113,0.0833,0.0322,0.0025,0.0
"Develop and distribute newsletters, brochures, or other printed materials to share information with patients or medical staff.",0.8468000000000001,0.0242,0.0161,0.008100000000000001,0.0968,0.008100000000000001,0.0
Develop and document database architectures.,0.8647,0.053099999999999994,0.0048,0.014499999999999999,0.06280000000000001,0.0,0.0
Develop and document style guidelines for Web site content.,0.7761,0.0373,0.0,0.022400000000000003,0.1642,0.0,0.0
Develop and implement behavioral management and care plans for clients.,0.85,0.1,0.0,0.05,0.0,0.0,0.0
Develop and implement policies and procedures for the operation of a department or establishment.,0.7714,0.0571,0.0,0.0,0.1429,0.0286,0.0
Develop and implement procedures for identifying advertising needs.,0.6667000000000001,0.10710000000000001,0.011899999999999999,0.059500000000000004,0.1429,0.011899999999999999,0.0
Develop and implement treatment plans based on clinical experience and knowledge.,0.8181999999999999,0.1091,0.0,0.0,0.0727,0.0,0.0
"Develop and interpret organizational goals, policies, and procedures.",0.5974,0.1039,0.013000000000000001,0.026000000000000002,0.2597,0.0,0.0
Develop and maintain client relationships.,0.9831,0.0169,0.0,0.0,0.0,0.0,0.0
"Develop and maintain computerized record management systems to store and process data, such as personnel activities and information, and to produce reports.",0.7706999999999999,0.1041,0.0018,0.0018,0.1217,0.0,0.0
"Develop and maintain design level documentation, including mechanics, guidelines, and mission outlines.",0.7095,0.0925,0.0026,0.0103,0.17739999999999997,0.0077,0.0
Develop and maintain log of surveillance observations.,0.9632,0.015300000000000001,0.0,0.0215,0.0,0.0,0.0
"Develop and maintain the company's corporate image and identity, which includes the use of logos and signage.",0.8497,0.0231,0.0,0.0,0.12140000000000001,0.0058,0.0
Develop and manage work breakdown structure (WBS) of information technology projects.,0.8425,0.0753,0.0034000000000000002,0.0171,0.0616,0.0,0.0
"Develop and organize training manuals, multimedia visual aids, and other educational materials.",0.8366,0.0331,0.0088,0.0,0.1192,0.0022,0.0
"Develop and prescribe exercise programs, such as off-season conditioning regimens.",0.8706,0.0471,0.0,0.0,0.0824,0.0,0.0
"Develop and test experimental designs, sampling techniques, and analytical methods.",0.8081999999999999,0.06849999999999999,0.0,0.0548,0.06849999999999999,0.0,0.0
Develop application-specific software.,0.7712,0.08810000000000001,0.0066,0.0039000000000000003,0.12890000000000001,0.0013,0.0
"Develop calibration methodologies, test methodologies, or tools.",0.9273,0.0182,0.0182,0.0182,0.0182,0.0,0.0
"Develop client relationships and communicate with clients to explain proposals, present research findings, establish specifications, or discuss project status.",0.7037,0.0741,0.037000000000000005,0.1204,0.0463,0.018500000000000003,0.0
"Develop client treatment plans based on research, clinical experience, and client histories.",0.7940999999999999,0.0588,0.0,0.0147,0.1176,0.0147,0.0
"Develop communications materials, advertisements, presentations, or public relations initiatives to promote awareness of products and services.",0.8629000000000001,0.021400000000000002,0.0005,0.0043,0.10880000000000001,0.0019,0.0
Develop computational methods for solving problems that occur in areas of science and engineering or that come from applications in business or industry.,0.9046,0.051399999999999994,0.0018,0.0,0.0349,0.0073,0.0
"Develop computer information resources, providing for data security and control, strategic computing, and disaster recovery.",0.6942,0.12140000000000001,0.0194,0.0097,0.1481,0.0073,0.0
Develop computer programs to collect meteorological data or to present meteorological information.,0.8787999999999999,0.030299999999999997,0.0,0.0,0.0909,0.0,0.0
Develop concepts or creative ideas for craft objects.,0.7652,0.034300000000000004,0.0106,0.042199999999999994,0.1398,0.0079,0.0
Develop cost reduction strategies and savings plans.,0.871,0.0645,0.0323,0.0323,0.0,0.0,0.0
Develop criteria for survey methods and procedures.,0.9444,0.0,0.0556,0.0,0.0,0.0,0.0
Develop curricula and plan course content and methods of instruction.,0.7570999999999999,0.0282,0.0282,0.0339,0.1469,0.005600000000000001,0.0
"Develop customer documentation, such as performance specifications, training manuals, or operating instructions.",0.8421,0.0395,0.0,0.0132,0.10529999999999999,0.0,0.0
"Develop data model describing data elements and their use, following procedures and using pen, template or computer software.",0.9523999999999999,0.0,0.047599999999999996,0.0,0.0,0.0,0.0
"Develop data models describing data elements and how they are used, following procedures and using pen, template, or computer software.",0.9582999999999999,0.0417,0.0,0.0,0.0,0.0,0.0
"Develop defense plans or tactics, using intelligence and other information.",0.4083,0.5905,0.0,0.0,0.0012,0.0,0.0
"Develop exercise programs to improve participant strength, flexibility, endurance, or circulatory functioning, in accordance with exercise science standards, regulatory requirements, and credentialing requirements.",0.8603000000000001,0.0368,0.0,0.022099999999999998,0.0809,0.0,0.0
"Develop factors such as themes, plots, characterizations, psychological analyses, historical environments, action, and dialogue to create material.",0.32030000000000003,0.6187,0.0008,0.0053,0.0535,0.0014000000000000002,0.0
Develop ideas for programs and features that a station could produce.,0.8667,0.0,0.0,0.0,0.1333,0.0,0.0
"Develop ideas or material for columns or commentaries by analyzing and interpreting news, current issues, or personal experiences.",0.8234999999999999,0.1176,0.0,0.0588,0.0,0.0,0.0
"Develop instructional materials, such as lesson plans, handouts, or examinations.",0.9046,0.0159,0.003,0.004,0.0706,0.0019,0.0
"Develop job specifications, job descriptions, or work schedules.",0.8443999999999999,0.0,0.0,0.0444,0.11109999999999999,0.0,0.0
"Develop manuals, texts, workbooks, or related materials for use in conjunction with production materials or for training.",0.9109,0.021,0.005600000000000001,0.0043,0.055,0.0031,0.0
Develop marketing campaigns to promote a healthy lifestyle or participation in fitness or wellness programs.,0.85,0.05,0.0,0.05,0.05,0.0,0.0
Develop marketing or strategic plans for sales territories.,0.8529000000000001,0.0294,0.0,0.0294,0.0882,0.0,0.0
"Develop master course documentation or manuals according to applicable accreditation, certification, or other requirements.",0.6491,0.0351,0.0526,0.0175,0.24559999999999998,0.0,0.0
"Develop methods for integrating different products so they work properly together, such as customizing commercial databases to fit specific needs.",0.7692,0.1795,0.0256,0.0,0.0256,0.0,0.0
"Develop new business by contacting potential clients, making sales presentations, and writing proposals.",0.8636,0.0909,0.0,0.030299999999999997,0.0152,0.0,0.0
Develop new recipes for baked goods.,0.8387,0.0645,0.0,0.0323,0.0645,0.0,0.0
Develop new software applications or customize existing applications to meet specific scientific project needs.,0.664,0.23079999999999998,0.0115,0.0052,0.0877,0.0007000000000000001,0.0
Develop new visual design concepts and modify concepts based on stakeholder feedback.,0.7062,0.0362,0.0011,0.0079,0.24780000000000002,0.0007000000000000001,0.0
Develop operational standards and procedures for the work unit or department.,0.7045,0.0,0.0455,0.0227,0.2273,0.0,0.0
Develop or analyze information to assess the current or future financial status of firms.,0.9333,0.0222,0.0,0.0,0.0444,0.0,0.0
"Develop or approve project plans, schedules, or budgets.",0.8769,0.042300000000000004,0.0038,0.0308,0.042300000000000004,0.0038,0.0
Develop or assist in the development of transportation-related computer software or computer processes.,0.8145,0.1045,0.0021,0.0,0.0768,0.0021,0.0
Develop or direct development of offering documents or marketing materials.,0.7805,0.048799999999999996,0.0,0.022000000000000002,0.1439,0.0049,0.0
"Develop or direct software system testing or validation procedures, programming, or documentation.",0.6667000000000001,0.23809999999999998,0.023799999999999998,0.0,0.07139999999999999,0.0,0.0
Develop or document style guidelines for Web site content.,0.8,0.0519,0.0,0.0074,0.1407,0.0,0.0
Develop or implement data analysis algorithms.,0.76,0.1422,0.0044,0.0178,0.0667,0.0089,0.0
"Develop or implement human performance research, investigation, or analysis protocols.",0.7273000000000001,0.0,0.0455,0.0455,0.1818,0.0,0.0
Develop or implement marketing strategies.,0.7603,0.0992,0.0083,0.0040999999999999995,0.124,0.0040999999999999995,0.0
Develop or implement operating methods or procedures.,0.6745,0.1425,0.0092,0.0105,0.16210000000000002,0.0013,0.0
Develop or implement procedures for ongoing Web site revision.,0.6697,0.1532,0.018000000000000002,0.009000000000000001,0.1471,0.003,0.0
"Develop or implement product-marketing strategies, including advertising campaigns or sales promotions.",0.7833,0.08779999999999999,0.01,0.0089,0.10890000000000001,0.0011,0.0
"Develop or implement production tracking or quality control systems, analyzing production, quality control, maintenance, or other operational reports to detect production problems.",0.9290999999999999,0.0213,0.0,0.028399999999999998,0.0,0.0213,0.0
Develop or implement quality control programs.,0.75,0.125,0.0625,0.0625,0.0,0.0,0.0
"Develop or implement software tools to assist in the detection, prevention, and analysis of security threats.",0.7676999999999999,0.1292,0.0046,0.0062,0.0892,0.0031,0.0
"Develop or install software, such as firewalls and data encryption programs, to protect sensitive information.",0.8452,0.09519999999999999,0.0048,0.0,0.0516,0.0032,0.0
Develop or integrate control feature requirements.,0.7742,0.0161,0.0,0.0323,0.17739999999999997,0.0,0.0
"Develop or maintain archived procedures, procedural codes, or queries for applications.",0.6557,0.1311,0.0,0.0,0.21309999999999998,0.0,0.0
"Develop or maintain cost estimates, forecasts, or cost models.",0.9460999999999999,0.0108,0.0108,0.0027,0.0216,0.008100000000000001,0.0
Develop or maintain internal or external company Web sites.,0.624,0.2173,0.0052,0.0059,0.145,0.0026,0.0
Develop or maintain online help documentation.,0.9163,0.0253,0.0028000000000000004,0.0039000000000000003,0.0496,0.0022,0.0
"Develop or recommend network security measures, such as firewalls, network security audits, or automated security probes.",0.7902,0.0909,0.07690000000000001,0.013999999999999999,0.027999999999999997,0.0,0.0
Develop or review specifications for design or construction of security systems.,0.8845999999999999,0.0,0.0,0.0,0.11539999999999999,0.0,0.0
"Develop or revise business plans for online business, emphasizing factors such as product line, pricing, inventory, or marketing strategy.",0.6644,0.1419,0.0315,0.045,0.11259999999999999,0.0045000000000000005,0.0
"Develop or specify standards, methods, or procedures to determine product quality or release readiness.",0.8286,0.0857,0.0286,0.0,0.0571,0.0,0.0
"Develop or test models of alternate designs or processing methods to assess feasibility, sustainability, operating condition effects, potential new applications, or necessity of modification.",0.8261,0.1159,0.0,0.0072,0.0507,0.0,0.0
"Develop or update project plans for information technology projects including information such as project objectives, technologies, systems, information specifications, schedules, funding, and staffing.",0.8303,0.0924,0.0034999999999999996,0.0196,0.0473,0.0069,0.0
"Develop or update project plans including information such as objectives, technologies, schedules, funding, and staffing.",0.8495,0.0546,0.0053,0.029900000000000003,0.0581,0.0026,0.0
"Develop or validate product-specific test protocols, acceptance thresholds, or inspection tools for quality control testing or performance measurement.",0.9296,0.021099999999999997,0.0,0.006999999999999999,0.0282,0.0141,0.0
"Develop performance standards, and evaluate work in light of established standards.",0.8824,0.0,0.0,0.0,0.1176,0.0,0.0
"Develop product packaging, display, and pricing strategies.",0.6071,0.17859999999999998,0.0,0.0,0.2143,0.0,0.0
Develop program plans for individuals or assist in plan development.,0.7137,0.0913,0.0207,0.0332,0.1411,0.0,0.0
"Develop project budgets for approval, estimating time lines and material costs.",0.75,0.0694,0.0,0.0,0.18059999999999998,0.0,0.0
"Develop project-specific data management plans that address areas such as coding, reporting, or transfer of data, database locks, and work flow processes.",0.7188,0.09380000000000001,0.0,0.0,0.1875,0.0,0.0
Develop promotions for current programs and specials.,0.9136,0.0227,0.0045000000000000005,0.0091,0.0455,0.0045000000000000005,0.0
Develop proposals that include documentation for estimates.,0.8621,0.069,0.0,0.0345,0.0345,0.0,0.0
Develop prospect lists.,0.8917,0.0438,0.0023,0.023,0.0392,0.0,0.0
"Develop recipes and menus to address special nutrition needs, such as low glycemic, low histamine, or gluten- or allergen-free.",0.9114,0.0127,0.0063,0.0,0.0696,0.0,0.0
Develop sales plans to introduce products in new markets.,0.7692,0.0,0.0385,0.0,0.11539999999999999,0.07690000000000001,0.0
Develop sales presentations or proposals to explain service specifications.,0.8576999999999999,0.0115,0.0038,0.0096,0.11539999999999999,0.0019,0.0
"Develop set designs, based on evaluation of scripts, budgets, research information, and available locations.",0.7848,0.0759,0.0,0.0127,0.1266,0.0,0.0
Develop software to control electrical systems.,0.8388,0.08220000000000001,0.0033,0.0033,0.0724,0.0,0.0
Develop specialized computer software routines to customize and integrate image analysis.,0.6667000000000001,0.2963,0.0,0.0,0.037000000000000005,0.0,0.0
"Develop specifications for equipment, tools, facility layouts, or material-handling systems.",0.8793000000000001,0.0345,0.0172,0.0,0.069,0.0,0.0
"Develop statistical models or simulations, using statistical or modeling software.",0.75,0.0682,0.0455,0.0227,0.11359999999999999,0.0,0.0
Develop story lines for broadcasts.,0.7529,0.12359999999999999,0.0,0.0029,0.1207,0.0,0.0
"Develop story or content ideas, considering reader or audience appeal.",0.8732,0.0417,0.002,0.011200000000000002,0.0689,0.0029,0.0
"Develop system engineering, software engineering, system integration, or distributed system architectures.",0.6559999999999999,0.08449999999999999,0.0496,0.0204,0.1778,0.011699999999999999,0.0
"Develop teaching aids, such as instructional software, multimedia visual aids, or study materials.",0.9156,0.016200000000000003,0.0032,0.0032,0.0617,0.0,0.0
"Develop teaching materials, such as syllabi, visual aids, answer keys, supplementary notes, or course Web sites.",0.8432999999999999,0.015700000000000002,0.0063,0.0016,0.1285,0.004699999999999999,0.0
"Develop teaching or training materials, such as handouts, study materials, or quizzes.",0.9406,0.0092,0.0022,0.0044,0.042699999999999995,0.0009,0.0
Develop technical specifications for data management programming and communicate needs to information technology staff.,0.84,0.08,0.0,0.0,0.0,0.08,0.0
"Develop testing programs that address areas such as database impacts, software scenarios, regression testing, negative testing, error or bug retests, or usability.",0.8286,0.0286,0.0,0.0286,0.0857,0.0286,0.0
Develop testing routines and procedures.,0.8387,0.0726,0.008100000000000001,0.0242,0.0484,0.008100000000000001,0.0
"Develop the technical portions of legal documents, administrative orders, or consent decrees.",0.8198000000000001,0.036000000000000004,0.0,0.0,0.0541,0.0901,0.0
"Develop therapeutic and treatment plans based on clients' interests, abilities, or needs.",0.9,0.1,0.0,0.0,0.0,0.0,0.0
Develop training programs or routines designed to improve athletic performance.,0.8261,0.0676,0.0048,0.0097,0.09179999999999999,0.0,0.0
"Develop transactional Web applications, using Web programming software and knowledge of programming languages, such as hypertext markup language (HTML) and extensible markup language (XML).",0.8436,0.0684,0.001,0.0029,0.0837,0.0005,0.0
Develop treatment goals for individuals based on their assessments.,0.8332999999999999,0.0641,0.0128,0.0,0.0641,0.0256,0.0
Develop work or security procedures.,0.8549,0.0764,0.0072,0.0256,0.0297,0.0062,0.0
"Develop work plans, including writing specifications or establishing material, manpower, or facilities needs.",0.8534,0.031400000000000004,0.0052,0.06280000000000001,0.0471,0.0,0.0
"Develop, conduct, support, or assist in governmental reviews, internal corporate evaluations, or assessments of the overall effectiveness of facility and personnel security processes.",0.8824,0.0242,0.0017000000000000001,0.050199999999999995,0.0104,0.0311,0.0
"Develop, document, and revise system design procedures, test procedures, and quality standards.",0.7148,0.1222,0.0037,0.0019,0.1481,0.009300000000000001,0.0
"Develop, document, or maintain standards, best practices, or system usage procedures.",0.7038,0.1247,0.0067,0.028999999999999998,0.1225,0.0134,0.0
"Develop, present, or respond to proposals for specific customer requirements, including request for proposal responses and industry-specific solutions.",0.7906,0.0256,0.0,0.0171,0.1624,0.0043,0.0
"Develop, standardize, evaluate, or modify procedures, techniques, or tests used in the analysis of specimens or in medical laboratory experiments.",1.0,0.0,0.0,0.0,0.0,0.0,0.0
"Develop, validate, and document test routines and schedules to ensure that test cases mimic external interfaces and address all browser and device types.",0.8978,0.0799,0.0032,0.0,0.0192,0.0,0.0
"Devise or evaluate methods and procedures for collecting data, such as surveys, opinion polls, and questionnaires.",0.9220999999999999,0.0109,0.004699999999999999,0.0187,0.009300000000000001,0.034300000000000004,0.0
Devise scenario analyses reflecting possible severe market events.,0.9506,0.024700000000000003,0.0,0.0040999999999999995,0.0206,0.0,0.0
"Devise, select, or purchase domain name and web address.",0.8651000000000001,0.0397,0.0,0.0079,0.0873,0.0,0.0
Diagnose acute or chronic conditions that could result in rapid physiological deterioration or life-threatening instability.,0.7209,0.1628,0.0,0.09300000000000001,0.0,0.0233,0.0
"Diagnose and correct problems from remote locations, using special switchboards to find the sources of problems.",0.3871,0.5968,0.0,0.0161,0.0,0.0,0.0
"Diagnose faults or malfunctions to determine required repairs, using engine diagnostic equipment such as computerized test equipment and calibration devices.",0.8371999999999999,0.11630000000000001,0.0233,0.0233,0.0,0.0,0.0
"Diagnose health conditions, based on patients' symptoms and health histories, laboratory and diagnostic radiology test results, or other physiological measurements, such as electrocardiograms and electroencephalographs.",0.9218999999999999,0.046900000000000004,0.0,0.0,0.0,0.0313,0.0
"Diagnose illnesses, using examinations, tests, and reports.",0.9545,0.0455,0.0,0.0,0.0,0.0,0.0
"Diagnose mechanical problems and determine how to correct them, checking blueprints, repair manuals, or parts catalogs, as necessary.",0.7707999999999999,0.0625,0.0625,0.0625,0.0,0.0417,0.0
"Diagnose medical conditions of patients, using records, reports, test results, or examination information.",0.8889,0.0556,0.0,0.0,0.0,0.0556,0.0
"Diagnose neurological conditions based on interpretation of examination findings, histories, or test results.",0.8929,0.035699999999999996,0.0,0.035699999999999996,0.0,0.035699999999999996,0.0
"Diagnose or treat acute health care problems, such as illnesses, infections, or injuries.",0.7222,0.2778,0.0,0.0,0.0,0.0,0.0
Diagnose performance problems by reviewing reports or documentation from customers or field engineers or by inspecting malfunctioning or damaged products.,0.8216,0.09539999999999998,0.0124,0.0181,0.0172,0.0353,0.0
Diagnose problems with installed equipment.,0.5995,0.3268,0.0202,0.023399999999999997,0.0218,0.0083,0.0
"Diagnose, troubleshoot, and resolve hardware, software, or other network and system problems, and replace defective components when necessary.",0.5297999999999999,0.4534,0.0054,0.0022,0.008100000000000001,0.0011,0.0
Direct and coordinate activities of assistants and other personnel during production.,0.6905,0.2619,0.0,0.023799999999999998,0.023799999999999998,0.0,0.0
"Direct and execute pre-production activities, such as creating moodboards or storyboards and establishing a project timeline.",0.812,0.0194,0.0004,0.0037,0.16440000000000002,0.0002,0.0
"Direct daily operations of department, analyzing workflow, establishing priorities, developing standards and setting deadlines.",0.8490000000000001,0.1388,0.0,0.008199999999999999,0.0040999999999999995,0.0,0.0
"Direct daily operations of departments, coordinating project activities with other departments.",0.7908,0.16329999999999997,0.0,0.030600000000000002,0.015300000000000001,0.0,0.0
"Direct items according to established routing schemes, using computer-controlled keyboards or voice-recognition equipment.",0.9655,0.0,0.0,0.0345,0.0,0.0,0.0
"Direct marketing, advertising, or other customer recruitment efforts.",0.8793000000000001,0.0345,0.0,0.0862,0.0,0.0,0.0
"Direct, plan, or implement policies, objectives, or activities of organizations or businesses to ensure continuing operations, to maximize returns on investments, or to increase productivity.",0.8148000000000001,0.1852,0.0,0.0,0.0,0.0,0.0
"Discard or reject products, materials, or equipment not meeting specifications.",0.9599,0.005600000000000001,0.0,0.0011,0.0045000000000000005,0.028999999999999998,0.0
Discuss data presentation requirements with clients.,0.4902,0.1373,0.0,0.0784,0.29410000000000003,0.0,0.0
"Discuss emerging compliance issues to ensure that management and employees are informed about compliance reporting systems, policies, and practices.",0.6402,0.0467,0.1589,0.0701,0.051399999999999994,0.0327,0.0
Discuss financial options with clients and keep them informed about transactions.,0.7103,0.027999999999999997,0.1402,0.0654,0.0467,0.009300000000000001,0.0
Discuss production requirements with clients.,0.5640999999999999,0.094,0.0,0.0855,0.2564,0.0,0.0
Discuss test results and analyses with customers.,0.6286,0.1714,0.0571,0.0857,0.0571,0.0,0.0
"Discuss use and features of various parts, based on knowledge of machines or equipment.",0.703,0.0495,0.1485,0.0495,0.039599999999999996,0.009899999999999999,0.0
Discuss with clients their pets' grooming needs.,0.32,0.04,0.08,0.44,0.08,0.04,0.0
"Discuss with the client the product, advertising themes and methods, and any changes that should be made in advertising copy.",0.7368000000000001,0.0526,0.0,0.0526,0.15789999999999998,0.0,0.0
"Dispense medical devices or drugs, and calculate dosages and provide instructions as necessary.",0.9884999999999999,0.0,0.0,0.0,0.0115,0.0,0.0
"Display commercial, industrial, agricultural, and residential properties to clients and explain their features.",0.8332999999999999,0.0667,0.0,0.1,0.0,0.0,0.0
"Disseminate information regarding tools, reports, or metadata enhancements.",0.9189,0.0,0.0,0.08109999999999999,0.0,0.0,0.0
Distribute production schedules or work orders to departments.,0.9355,0.0323,0.0,0.0323,0.0,0.0,0.0
"Document account activities, generate reports, and keep records of business transactions with customers and suppliers.",0.8845999999999999,0.0641,0.0,0.0128,0.0385,0.0,0.0
Document application and Web site changes or change procedures.,0.7077,0.10769999999999999,0.0,0.0462,0.13849999999999998,0.0,0.0
"Document design specifications, installation instructions, and other system-related information.",0.9115000000000001,0.036000000000000004,0.0040999999999999995,0.008199999999999999,0.037599999999999995,0.0026,0.0
"Document evaluations, treatment plans, case summaries, or progress or other reports related to individual clients or client groups.",0.8889,0.0444,0.0,0.0111,0.0444,0.0111,0.0
"Document findings of study and prepare recommendations for implementation of new systems, procedures, or organizational changes.",0.8590000000000001,0.048799999999999996,0.0271,0.0181,0.0416,0.0054,0.0
Document help desk requests and resolutions.,0.8176000000000001,0.1216,0.0,0.0203,0.0338,0.0068000000000000005,0.0
Document inspection and test results and work performed or to be performed.,0.9166,0.0594,0.001,0.0096,0.0105,0.0029,0.0
Document installation or configuration procedures to allow maintenance and repetition.,0.6364,0.1818,0.0227,0.0,0.1591,0.0,0.0
Document or review patients' histories.,0.9438,0.0225,0.0,0.011200000000000002,0.011200000000000002,0.011200000000000002,0.0
Document penetration test findings.,0.9031999999999999,0.0717,0.0,0.0108,0.0072,0.0072,0.0
"Document quantity, quality, type, weight, test result data, and value of materials or products to maintain shipping, receiving, and production records and files.",0.85,0.05,0.0,0.0,0.1,0.0,0.0
"Document software defects, using a bug tracking system, and report defects to software developers.",0.9462,0.037599999999999995,0.0054,0.0054,0.0054,0.0,0.0
Document specimens by verifying patients' and specimens' information.,1.0,0.0,0.0,0.0,0.0,0.0,0.0
Document technical functions and specifications for new or proposed content management systems.,0.9063,0.0417,0.0,0.0104,0.0417,0.0,0.0
Document technical specifications and operating standards for telecommunications equipment.,1.0,0.0,0.0,0.0,0.0,0.0,0.0
"Document test plans, testing procedures, or test results.",0.7286,0.1643,0.0143,0.0143,0.07139999999999999,0.0070999999999999995,0.0
Document test procedures to ensure replicability and compliance with standards.,0.85,0.1,0.0,0.0,0.05,0.0,0.0
"Document test results, using cameras, spreadsheets, documents, or other tools.",0.9568000000000001,0.030899999999999997,0.0,0.0,0.0123,0.0,0.0
"Document user support activity, such as system problems, corrective actions, resolution status, and completed equipment installations.",0.7992,0.1364,0.011399999999999999,0.0379,0.0076,0.0076,0.0
"Draw conclusions or make predictions, based on data summaries or statistical analyses.",0.9751000000000001,0.0105,0.0016,0.006,0.0015,0.0054,0.0
Draw up detailed specifications and discuss projects with customers.,0.6286,0.2,0.0,0.0,0.1714,0.0,0.0
"Edit instructional materials, such as books, simulation exercises, lesson plans, instructor guides, and tests.",0.7862,0.054299999999999994,0.0072,0.0072,0.1341,0.0109,0.0
"Edit or rewrite existing written material as necessary, and submit written material for approval by supervisor, editor, or publisher.",0.9460999999999999,0.023799999999999998,0.0004,0.0034000000000000002,0.024700000000000003,0.0015,0.0
"Edit, standardize, or make changes to material prepared by other writers or establishment personnel.",0.9372,0.0206,0.0005,0.0036,0.0311,0.006999999999999999,0.0
"Educate athletes or coaches on techniques to improve athletic performance, such as heart rate monitoring, recovery techniques, hydration strategies, or training limits.",0.7475,0.0721,0.1016,0.029500000000000002,0.0361,0.0131,0.0
Educate patients about health care management.,0.6818000000000001,0.0,0.3182,0.0,0.0,0.0,0.0
"Educate patients and family members regarding prenatal, intrapartum, postpartum, newborn, or interconception care.",0.5625,0.09380000000000001,0.2813,0.0625,0.0,0.0,0.0
"Educate patients regarding treatment plans, physiological reactions to treatment, or post-treatment care.",0.4951,0.08869999999999999,0.34979999999999994,0.0493,0.0049,0.0123,0.0
"Electronically sort and compile text and numerical data, retrieving, updating, and merging documents as required.",0.9335,0.022099999999999998,0.0019,0.0274,0.014199999999999999,0.0009,0.0
Emphasize or recommend service features based on knowledge of customers' needs and vendor capabilities and limitations.,0.8481000000000001,0.054000000000000006,0.0353,0.035,0.0225,0.005,0.0
"Emphasize product features, based on analyses of customers' needs and on technical knowledge of product capabilities and limitations.",0.7913,0.0385,0.1252,0.019299999999999998,0.0209,0.0048,0.0
Employ financial models to develop solutions to financial problems or to assess the financial or capital impact of transactions.,0.9167000000000001,0.0556,0.0,0.0,0.0278,0.0,0.0
"Encourage clients to express their feelings and discuss what is happening in their lives, helping them to develop insight into themselves or their relationships.",0.2318,0.25129999999999997,0.09570000000000001,0.35359999999999997,0.0305,0.0371,0.0
Encourage individuals and family members to develop and use skills and strategies for confronting their problems in a constructive manner.,0.3611,0.16670000000000001,0.16670000000000001,0.2778,0.0,0.0278,0.0
Encourage participants to develop their own activities and leadership skills through group discussions.,0.5224,0.029900000000000003,0.11939999999999999,0.2836,0.0149,0.029900000000000003,0.0
"Encourage patients to develop work skills and to participate in social, recreational, or other therapeutic activities that enhance interpersonal skills or develop social relationships.",0.7552,0.1,0.0103,0.11720000000000001,0.0103,0.0069,0.0
Enroll individuals to participate in programs and notify them of their acceptance.,0.7973,0.08109999999999999,0.0,0.0676,0.0405,0.013500000000000002,0.0
"Ensure company compliance with federal and state laws, including reporting requirements.",0.8824,0.0588,0.0,0.0588,0.0,0.0,0.0
Enter and update patrons' records on computers.,0.8667,0.0857,0.0,0.0286,0.0095,0.0095,0.0
"Enter claim payments, reserves and new claims on computer system, inputting concise yet sufficient file documentation.",0.84,0.16,0.0,0.0,0.0,0.0,0.0
Enter codes and instructions to program computer-controlled machinery.,0.9091,0.0,0.0,0.0909,0.0,0.0,0.0
Enter commands and observe system functioning to verify correct operations and detect errors.,0.7637999999999999,0.1979,0.0005,0.0177,0.004699999999999999,0.0154,0.0
"Enter commands or load control media, such as tapes, cards, or disks, into machine controllers to retrieve programmed instructions.",0.8976999999999999,0.0341,0.0,0.056799999999999996,0.0,0.011399999999999999,0.0
"Enter computer commands to store or retrieve parts patterns, graphic displays, or programs that transfer data to other media.",0.9722,0.0,0.0,0.0278,0.0,0.0,0.0
Enter customers' transactions into computers to record transactions and issue computer-generated receipts.,0.7109000000000001,0.23440000000000003,0.0,0.011699999999999999,0.043,0.0,0.0
Enter data into computers for use in analyses or reports.,0.9156,0.0374,0.0007000000000000001,0.0341,0.011399999999999999,0.0008,0.0
"Enter data, such as coordinates of images and color specifications, into system to retouch and make color corrections.",0.7778,0.11109999999999999,0.0,0.0,0.11109999999999999,0.0,0.0
"Enter data, such as demographic characteristics, history and extent of disease, diagnostic procedures, or treatment into computer.",0.9063,0.0208,0.0,0.0729,0.0,0.0,0.0
"Enter information into computerized court calendar, filing, or case management systems.",0.8438,0.11460000000000001,0.0,0.0313,0.0,0.0104,0.0
"Enter information into computers to copy programs from one electronic component to another or to draw, modify, or store schematics.",0.9333,0.0,0.0,0.0667,0.0,0.0,0.0
Enter insurance- and claims-related information into database systems.,0.8673000000000001,0.0915,0.0023,0.0092,0.0275,0.0023,0.0
Enter into record-keeping systems appropriate data needed to create new title records or to update existing ones.,0.8329000000000001,0.1072,0.0,0.0279,0.0279,0.0042,0.0
Enter logistics-related data into databases.,0.8926999999999999,0.0593,0.0,0.036699999999999997,0.0113,0.0,0.0
"Enter or retrieve information from structural databases, protein sequence motif databases, mutation databases, genomic databases or gene expression databases.",0.8687,0.10099999999999999,0.0051,0.0051,0.0152,0.0051,0.0
Enter prescription information into computer databases.,0.9868000000000001,0.0066,0.0,0.0066,0.0,0.0,0.0
Enter shipping information into a computer by hand or by a hand-held scanner that reads bar codes on goods.,0.7442,0.23260000000000003,0.0,0.0,0.0233,0.0,0.0
"Enter text into computer keyboard and select the size and style of type, column width, and appropriate spacing for printed materials.",0.8693000000000001,0.0327,0.0,0.026099999999999998,0.0719,0.0,0.0
"Enter, store, and retrieve information on computer-aided equipment.",0.8491,0.0819,0.0,0.0453,0.0194,0.0043,0.0
"Establish and maintain effective working relationships with clients, government officials, and media representatives and use these relationships to develop new business opportunities.",0.9031999999999999,0.0645,0.0,0.0323,0.0,0.0,0.0
"Establish and maintain inventory, records, or documentation systems.",0.8970999999999999,0.0441,0.0074,0.051500000000000004,0.0,0.0,0.0
Establish and maintain relationships with individual or business customers or provide assistance with problems these customers may encounter.,0.3871,0.0916,0.0073,0.4941,0.0147,0.0051,0.0
Establish and maintain relationships with individuals who are credible sources of information.,0.7424,0.0909,0.0,0.16670000000000001,0.0,0.0,0.0
"Establish and prepare product construction directions and locations and information on required tools, materials, equipment, numbers of workers needed, and cost projections.",0.8571,0.0,0.0,0.0,0.1429,0.0,0.0
Establish new computer accounts.,0.6892,0.2988,0.0,0.0024,0.0096,0.0,0.0
Establish objectives and evaluative or operational criteria for units managed.,0.6087,0.0435,0.0435,0.0435,0.2609,0.0,0.0
"Establish or implement departmental policies, goals, objectives, or procedures in conjunction with board members, organization officials, or staff members.",0.6452,0.0968,0.0,0.0968,0.1613,0.0,0.0
Establish pace of programs and sequences of scenes according to time requirements and cast and set accessibility.,0.7813,0.056299999999999996,0.0,0.0063,0.1563,0.0,0.0
Establish production or quality control standards.,0.7966,0.0678,0.0169,0.0169,0.1017,0.0,0.0
Establish system operating or training requirements to ensure optimized human-machine interfaces.,0.5556,0.11109999999999999,0.0,0.0556,0.2778,0.0,0.0
Establish tables of accounts and assign entries to proper accounts.,0.9512,0.0,0.024399999999999998,0.0,0.024399999999999998,0.0,0.0
Estimate cost of restoration work.,0.9459000000000001,0.0,0.0,0.027000000000000003,0.027000000000000003,0.0,0.0
Estimate costs for system or component implementation and operation.,0.5882000000000001,0.1176,0.1176,0.0,0.1765,0.0,0.0
"Estimate costs, production times, or staffing requirements for new designs.",0.9031999999999999,0.0538,0.0108,0.0108,0.0108,0.0108,0.0
Estimate material or worker requirements to complete jobs.,0.8953,0.0,0.0116,0.0,0.09300000000000001,0.0,0.0
"Estimate material requirements and costs, and present design to client for approval.",0.7816,0.04019999999999999,0.0,0.023,0.1552,0.0,0.0
"Estimate material, time, and staffing requirements for a given project, based on work orders, job specifications, and experience.",0.9111,0.0444,0.0,0.0222,0.0222,0.0,0.0
"Estimate or quote prices, credit or contract terms, warranties, and delivery dates.",0.9042,0.049800000000000004,0.015300000000000001,0.0077,0.015300000000000001,0.0077,0.0
"Estimate the amounts, types, or costs of needed materials.",0.875,0.047599999999999996,0.006,0.011899999999999999,0.059500000000000004,0.0,0.0
"Estimate the costs of requested products or services such as custom footwear or footwear repair, and receive payment from customers.",0.9582999999999999,0.0139,0.0,0.0139,0.0139,0.0,0.0
Estimate time and materials needed to complete projects.,0.9009999999999999,0.0599,0.0104,0.0104,0.015600000000000001,0.0026,0.0
Evaluate advertising and promotion programs for compatibility with fundraising efforts.,1.0,0.0,0.0,0.0,0.0,0.0,0.0
Evaluate advertising and promotion programs for compatibility with public relations efforts.,0.9370999999999999,0.0011,0.0034000000000000002,0.0045000000000000005,0.0,0.053899999999999997,0.0
Evaluate analytical methods and procedures to determine how they might be improved.,0.9041,0.0054,0.0054,0.0054,0.0040999999999999995,0.0757,0.0
"Evaluate and approve proposals for sustainability projects, considering factors such as cost effectiveness, technical feasibility, and integration with other initiatives.",0.96,0.02,0.0,0.0,0.0,0.02,0.0
"Evaluate and grade examinations, assignments, or papers, and record grades.",0.9520000000000001,0.0044,0.0009,0.0017000000000000001,0.0034999999999999996,0.0375,0.0
"Evaluate and grade students' class work, assignments, and papers.",0.9198000000000001,0.0073,0.0026,0.0017000000000000001,0.0095,0.0591,0.0
"Evaluate and grade students' class work, assignments, papers, and oral presentations.",0.8332999999999999,0.0417,0.0,0.0,0.0833,0.0417,0.0
"Evaluate and grade students' class work, laboratory work, assignments, and papers.",0.8234999999999999,0.0,0.0,0.0,0.0196,0.15689999999999998,0.0
Evaluate and monitor contract performance to ensure compliance with contractual obligations and to determine need for changes.,0.7226,0.146,0.0,0.13140000000000002,0.0,0.0,0.0
Evaluate athletes' readiness to play and provide participation clearances when necessary and warranted.,0.9,0.1,0.0,0.0,0.0,0.0,0.0
Evaluate athletes' skills and review performance records to determine their fitness and potential in a particular area of athletics.,0.9908,0.0,0.0092,0.0,0.0,0.0,0.0
Evaluate business operations to identify risk areas for fraud.,0.9692000000000001,0.0279,0.0015,0.0,0.0,0.0015,0.0
"Evaluate clients' physical or mental condition, based on review of client information.",0.9115000000000001,0.0177,0.0088,0.0265,0.0088,0.0265,0.0
"Evaluate code to ensure that it is valid, is properly structured, meets industry standards, and is compatible with browsers, devices, or operating systems.",0.8881999999999999,0.0203,0.0,0.009000000000000001,0.004699999999999999,0.07780000000000001,0.0
Evaluate complaint and emergency-request information to determine response requirements.,0.9301,0.026600000000000002,0.0033,0.0365,0.0013,0.0023,0.0
"Evaluate current or emerging technologies to consider factors such as cost, portability, compatibility, or usability.",0.897,0.018600000000000002,0.0501,0.0086,0.0172,0.0086,0.0
"Evaluate curricula, teaching methods, and programs to determine their effectiveness, efficiency, and use, and to ensure compliance with federal, state, and local regulations.",0.8488,0.0078000000000000005,0.0058,0.0126,0.0029,0.12210000000000001,0.0
"Evaluate customer records and recommend payment plans, based on earnings, savings data, payment history, and purchase activity.",0.7403,0.2078,0.0,0.0,0.0519,0.0,0.0
"Evaluate customers' computerized credit records and payment histories to decide whether to approve new credit, based on predetermined standards.",0.9254000000000001,0.059699999999999996,0.0,0.0,0.0075,0.0075,0.0
Evaluate data pertaining to costs to plan budgets.,0.836,0.055999999999999994,0.006,0.013999999999999999,0.07400000000000001,0.013999999999999999,0.0
Evaluate data processing proposals to assess project feasibility and requirements.,0.9789,0.0037,0.0,0.0025,0.0012,0.0137,0.0
Evaluate employee performance.,0.955,0.005,0.0,0.01,0.015,0.015,0.0
"Evaluate existing systems to determine effectiveness, and suggest changes to meet organizational requirements.",0.7259,0.0687,0.0524,0.028300000000000002,0.08289999999999999,0.0418,0.0
"Evaluate feasibility of design ideas, based on factors such as appearance, safety, function, serviceability, budget, production costs/methods, and market characteristics.",0.9619,0.0038,0.0003,0.0015,0.0053,0.0273,0.0
Evaluate findings and develop strategies and arguments in preparation for presentation of cases.,0.7339,0.0601,0.0172,0.0,0.0644,0.1245,0.0
Evaluate fitness and wellness programs to determine their effectiveness.,0.9129999999999999,0.0072,0.014499999999999999,0.0,0.0072,0.057999999999999996,0.0
"Evaluate individuals' abilities, needs, and physical conditions, and develop suitable training programs to meet any special requirements.",0.9063,0.0625,0.0,0.0,0.0313,0.0,0.0
"Evaluate information from documents, such as claim applications, birth or death certificates, or physician or employer records.",0.9864,0.0,0.0,0.0,0.0,0.013600000000000001,0.0
"Evaluate instructor performance and the effectiveness of training programs, providing recommendations for improvement.",0.8906999999999999,0.0039000000000000003,0.0064,0.0191,0.0078000000000000005,0.0721,0.0
Evaluate label information for accuracy and conformance to regulatory requirements.,0.8972,0.004,0.0,0.0,0.004,0.0949,0.0
Evaluate manufactured products according to specifications and quality standards.,0.9593,0.0015,0.0004,0.0032,0.0006,0.035,0.0
Evaluate marketing or sales alternatives for products.,0.8022,0.022000000000000002,0.033,0.022000000000000002,0.0989,0.022000000000000002,0.0
"Evaluate new and existing programming to assess suitability and the need for changes, using information such as audience surveys and feedback.",0.8621,0.0172,0.0,0.0086,0.0603,0.051699999999999996,0.0
Evaluate new blockchain technologies and vendor products.,0.9762000000000001,0.0,0.0,0.0,0.0,0.023799999999999998,0.0
Evaluate new emerging media or technologies and make recommendations for their application within Internet marketing or search marketing campaigns.,0.8614,0.0264,0.0594,0.0033,0.0363,0.0132,0.0
Evaluate new products for usefulness and suitability.,0.9185,0.0033,0.0007000000000000001,0.0013,0.0013,0.0748,0.0
Evaluate new technologies to enhance or complement current research.,0.9343,0.013500000000000002,0.0101,0.0051,0.0034000000000000002,0.0337,0.0
Evaluate new testing and sampling methodologies or technologies to determine usefulness.,0.9193000000000001,0.0124,0.0124,0.0,0.0062,0.049699999999999994,0.0
Evaluate or recommend software for testing or bug tracking.,0.9264,0.0123,0.0245,0.0123,0.0,0.0245,0.0
Evaluate patients' behavior to formulate diagnoses or assess treatments.,0.9147,0.0155,0.0,0.062,0.0,0.0078000000000000005,0.0
Evaluate patients' vital signs or laboratory data to determine emergency intervention needs and priority of treatment.,0.9568000000000001,0.016200000000000003,0.0054,0.0108,0.0,0.0108,0.0
"Evaluate processes and technologies, and suggest revisions to increase productivity and efficiency.",0.6943,0.06509999999999999,0.09269999999999999,0.023700000000000002,0.0907,0.0335,0.0
"Evaluate product data or design from inspections or reports for conformance to engineering principles, customer requirements, environmental regulations, or quality standards.",0.9140999999999999,0.0085,0.0011,0.0014000000000000002,0.0045000000000000005,0.0704,0.0
Evaluate project plans and proposals to assess feasibility issues.,0.9035,0.0039000000000000003,0.0039000000000000003,0.0098,0.0079,0.0709,0.0
"Evaluate project work to ensure effectiveness, technical adequacy, or compatibility in the resolution of complex electronics engineering problems.",0.9639,0.0072,0.0036,0.0,0.0072,0.0181,0.0
"Evaluate remote sensing project requirements to determine the types of equipment or computer software necessary to meet project requirements, such as specific image types or output resolutions.",1.0,0.0,0.0,0.0,0.0,0.0,0.0
Evaluate robotic systems or prototypes.,0.9512,0.0,0.0,0.024399999999999998,0.0,0.024399999999999998,0.0
"Evaluate services received on the tour, and report findings to tour organizers.",0.96,0.02,0.0,0.0,0.0,0.02,0.0
"Evaluate sources of information to determine any limitations, in terms of reliability or usability.",0.961,0.0043,0.0011,0.018600000000000002,0.0025,0.0124,0.0
"Evaluate students' or individuals' abilities, interests, and personality characteristics, using tests, records, interviews, or professional sources.",0.9899,0.006,0.0004,0.0015,0.0011,0.0011,0.0
"Evaluate subcontractors or subcontractor bids for quality, cost, and reliability.",0.9416,0.0073,0.0146,0.0,0.0292,0.0073,0.0
Evaluate technical specifications and economic factors relating to process or product design objectives.,0.8764,0.011000000000000001,0.0038,0.0027,0.009899999999999999,0.09609999999999999,0.0
Evaluate the effectiveness of counseling programs on clients' progress in resolving identified problems and moving towards defined objectives.,0.7813,0.0313,0.0,0.0313,0.0313,0.125,0.0
"Evaluate the financial aspects of product development, such as budgets, expenditures, research and development appropriations, or return-on-investment and profit-loss projections.",0.9053,0.07,0.0,0.0040999999999999995,0.0123,0.008199999999999999,0.0
"Evaluate the organization's technology use and needs and recommend improvements, such as hardware and software upgrades.",0.7778,0.0,0.11109999999999999,0.0,0.11109999999999999,0.0,0.0
"Evaluate the performance of vendors, contract employees, or other service providers to ensure quality and cost-efficiency.",0.8571,0.09519999999999999,0.0,0.047599999999999996,0.0,0.0,0.0
"Evaluate the potential of new product developments or market opportunities, according to factors such as business plans, technologies, or market potential.",0.9869,0.0033,0.0014000000000000002,0.0005,0.0034999999999999996,0.0044,0.0
Evaluate the quality and effectiveness of nursing practice or organizational systems.,0.7943000000000001,0.005699999999999999,0.0,0.034300000000000004,0.0,0.16570000000000001,0.0
"Evaluate the safety, efficiency, and effectiveness of biomedical equipment.",0.95,0.0,0.0,0.025,0.0,0.025,0.0
"Evaluate the statistical methods and procedures used to obtain data to ensure validity, applicability, efficiency, and accuracy.",0.9218999999999999,0.013000000000000001,0.015600000000000001,0.0286,0.0026,0.0182,0.0
"Evaluate the structure, efficiency, activities, and performance of government agencies.",0.972,0.006999999999999999,0.0,0.0,0.0,0.021,0.0
Evaluate the work of staff and volunteers to ensure that programs are of appropriate quality and that resources are used effectively.,0.96,0.04,0.0,0.0,0.0,0.0,0.0
Evaluate tool drawing designs by measuring drawing dimensions and comparing with original specifications for form and function using engineering skills.,0.9677,0.0323,0.0,0.0,0.0,0.0,0.0
"Evaluate training materials prepared by instructors, such as outlines, text, or handouts.",0.7067,0.002,0.0060999999999999995,0.0040999999999999995,0.012199999999999999,0.2688,0.0
Evaluate workers' performance and prepare written performance evaluations.,0.9375,0.015600000000000001,0.0,0.0,0.046900000000000004,0.0,0.0
"Examine and analyze data from ground surveys, reports, aerial photographs, and satellite images to prepare topographic maps, aerial-photograph mosaics, and related charts.",0.9704,0.018500000000000003,0.0037,0.0,0.0074,0.0,0.0
"Examine and evaluate financial and information systems, recommending controls to ensure system reliability and data integrity.",0.8695999999999999,0.0435,0.0,0.0,0.0,0.087,0.0
"Examine carrier operating rules, employee qualification guidelines, or carrier training and testing programs for compliance with regulations or safety standards.",0.9115000000000001,0.0052,0.0,0.0365,0.0,0.046900000000000004,0.0
Examine credentials of unauthorized persons attempting to enter secured areas.,0.8181999999999999,0.0,0.0,0.11359999999999999,0.0,0.0682,0.0
"Examine documentation such as mortgages, liens, judgments, easements, plat books, maps, contracts, and agreements to verify factors such as properties' legal descriptions, ownership, or restrictions.",0.9403,0.029900000000000003,0.0,0.0,0.0149,0.0149,0.0
"Examine documents to determine degree of risk from factors such as applicant health, financial standing and value, and condition of property.",1.0,0.0,0.0,0.0,0.0,0.0,0.0
"Examine documents, materials, or products and monitor work processes to assess completeness, accuracy, and conformance to standards and specifications.",0.8469,0.009399999999999999,0.0005,0.0049,0.0027,0.1355,0.0
Examine incoming or outgoing mail to ensure conformance with regulations.,0.9454,0.0011,0.0,0.0158,0.0006,0.0371,0.0
Examine invoices and shipping manifests for conformity to tariff and customs regulations.,0.9655,0.0345,0.0,0.0,0.0,0.0,0.0
Examine legal documents submitted to courts for adherence to laws or court procedures.,0.7831,0.0,0.0,0.0034000000000000002,0.0034000000000000002,0.2102,0.0
"Examine merchandise to ensure correct pricing and display, and that it functions as advertised.",0.9063,0.0313,0.0,0.0,0.0313,0.0313,0.0
Examine merchandise to ensure that it is correctly priced and displayed and that it functions as advertised.,0.9787,0.0213,0.0,0.0,0.0,0.0,0.0
"Examine news items of local, national, and international significance to determine topics to address, or obtain assignments from editorial staff members.",0.9561,0.043899999999999995,0.0,0.0,0.0,0.0,0.0
Examine products purchased for resale or received for storage to assess the condition of each product or item.,0.9906,0.0023,0.0,0.0,0.0,0.006999999999999999,0.0
Examine products purchased for resale or received for storage to determine product condition.,0.9959,0.0,0.0,0.0040999999999999995,0.0,0.0,0.0
Examine records to locate links in chains of evidence or information.,0.9206,0.0635,0.0,0.0,0.0,0.0159,0.0
"Examine records, reports, or other documents to establish facts or detect discrepancies.",0.9408,0.0275,0.0007000000000000001,0.0014000000000000002,0.0055000000000000005,0.0241,0.0
"Examine, evaluate, or process loan applications.",0.8939,0.1061,0.0,0.0,0.0,0.0,0.0
"Examine, select, order, or purchase merchandise consistent with quality, quantity, specification requirements, or other factors, such as environmental soundness.",0.7241,0.2414,0.0,0.0345,0.0,0.0,0.0
"Execute or manage banner, video, or other non-text link ad campaigns.",0.5417000000000001,0.25,0.0,0.0417,0.16670000000000001,0.0,0.0
Execute wire transfers of funds.,0.8367,0.1429,0.0,0.0204,0.0,0.0,0.0
Expand or modify system to serve new purposes or improve work flow.,0.6759999999999999,0.1507,0.0075,0.0066,0.15789999999999998,0.0013,0.0
"Explain and interpret house rules, such as game rules or betting limits, for patrons.",0.5556,0.0556,0.2778,0.0556,0.0,0.0556,0.0
Explain changes in contract provisions to customers.,0.9129999999999999,0.0435,0.0435,0.0,0.0,0.0,0.0
"Explain company personnel policies, benefits, and procedures to employees or job applicants.",0.6207,0.0,0.2414,0.069,0.069,0.0,0.0
Explain company policies and procedures to staff using oral or written communication.,0.6,0.0286,0.2,0.0571,0.0286,0.0857,0.0
Explain design specifications to integration or test engineers.,0.5556,0.2778,0.11109999999999999,0.0,0.0556,0.0,0.0
Explain drawings to production or construction teams and provide adjustments as necessary.,0.5238,0.047599999999999996,0.23809999999999998,0.047599999999999996,0.1429,0.0,0.0
Explain economic impact of policies to the public.,0.7429000000000001,0.0286,0.1429,0.0286,0.0286,0.0286,0.0
Explain federal and state tax laws to individuals and companies.,0.72,0.0,0.25329999999999997,0.0,0.026699999999999998,0.0,0.0
"Explain general financial topics to clients, such as credit report ratings, bankruptcy laws, consumer protection laws, wage attachments, or collection actions.",0.3864,0.0455,0.5455,0.0,0.0227,0.0,0.0
"Explain goals, policies, or procedures to staff members.",0.7556,0.0148,0.0667,0.0667,0.0222,0.0741,0.0
Explain medical instructions to patients or family members.,0.6609999999999999,0.0254,0.2076,0.0042,0.0805,0.0212,0.0
"Explain policies, procedures, or services to patients using medical or administrative knowledge.",0.6909000000000001,0.0182,0.14550000000000002,0.0909,0.0182,0.0364,0.0
"Explain principles, techniques, and safety procedures to participants in recreational activities and demonstrate use of materials and equipment.",0.4583,0.3333,0.1389,0.0556,0.0139,0.0,0.0
Explain procedures and discuss test results or prescribed treatments with patients.,0.7419,0.0323,0.1613,0.0323,0.0323,0.0,0.0
Explain products or services and prices and demonstrate use of products.,0.8506999999999999,0.044800000000000006,0.059699999999999996,0.044800000000000006,0.0,0.0,0.0
"Explain products or services and prices, and answer questions from customers.",0.6244,0.0998,0.1711,0.0751,0.023799999999999998,0.0058,0.0
"Explain proposed solutions to customers, management, or other interested parties through written proposals and oral presentations.",0.9053,0.0298,0.021099999999999997,0.013999999999999999,0.0281,0.0018,0.0
"Explain recommendations, policies, procedures, requirements, or other related information to residents or building owners.",0.7755,0.015300000000000001,0.09179999999999999,0.0867,0.030600000000000002,0.0,0.0
"Explain services or policies to clients, such as debt management program rules, advantages and disadvantages of using services, or creditor concession policies.",0.6531,0.061200000000000004,0.24489999999999998,0.0204,0.0204,0.0,0.0
Explain stock market terms or trading practices to clients.,0.7925,0.0189,0.1509,0.0,0.0377,0.0,0.0
"Explain treatment procedures, medications, diets, or physicians' instructions to patients.",0.6131,0.0101,0.3166,0.005,0.0302,0.025099999999999997,0.0
Explore and develop musical ideas based on sources such as imagination or sounds in the environment.,0.7940999999999999,0.0882,0.0,0.0588,0.0588,0.0,0.0
Facilitate organizational development and change.,0.5214,0.0855,0.1282,0.059800000000000006,0.1966,0.0085,0.0
File and maintain records.,0.8918,0.0426,0.0018,0.0479,0.014199999999999999,0.0018,0.0
"File and retrieve corporate documents, records, and reports.",0.7778,0.1389,0.0278,0.0278,0.0278,0.0,0.0
"File data and related information, and maintain and update databases.",0.8926000000000001,0.0565,0.0007000000000000001,0.0351,0.0143,0.0007000000000000001,0.0
"File scouting reports that detail player assessments, provide recommendations on athlete recruitment, and identify locations and individuals to be targeted for future recruitment efforts.",1.0,0.0,0.0,0.0,0.0,0.0,0.0
"Fill customer orders from stock, and place orders when requested items are out of stock.",0.792,0.196,0.0,0.0,0.012,0.0,0.0
"Find, retrieve, and make copies of information from files in response to requests and deliver information to authorized users.",0.8234,0.08810000000000001,0.0316,0.026000000000000002,0.0269,0.004,0.0
"Forecast and track marketing and sales trends, analyzing collected data.",0.9181999999999999,0.0121,0.0273,0.0091,0.0242,0.0091,0.0
"Forecast political, economic, and social trends.",0.9815999999999999,0.0066,0.0036,0.004699999999999999,0.0019,0.0016,0.0
"Formulate basic layout design or presentation approach and specify material details, such as style and size of type, photographs, graphics, animation, video, and sound.",0.8601000000000001,0.0294,0.0,0.0074,0.102,0.0011,0.0
Formulate general rules that describe and predict the development and behavior of cultures and social institutions.,0.836,0.0053,0.0688,0.042300000000000004,0.042300000000000004,0.0053,0.0
"Formulate mathematical models or other methods of computer analysis to develop, evaluate, or modify design, according to customer engineering requirements.",0.8878,0.07139999999999999,0.0102,0.0,0.030600000000000002,0.0,0.0
"Formulate mathematical or simulation models of problems, relating constants and variables, restrictions, alternatives, conflicting objectives, and their numerical parameters.",0.9168999999999999,0.0444,0.006999999999999999,0.0019,0.026600000000000002,0.0032,0.0
Formulate or implement regulatory affairs policies and procedures to ensure that regulatory compliance is maintained or enhanced.,0.9,0.05,0.0,0.0,0.05,0.0,0.0
"Formulate predictions by interpreting environmental data, such as meteorological, atmospheric, oceanic, paleoclimate, climate, or related information.",0.9812000000000001,0.009399999999999999,0.0,0.0,0.004699999999999999,0.004699999999999999,0.0
"Formulate sampling procedures and designs and develop forms and instructions for recording, evaluating, and reporting quality and reliability data.",0.8181999999999999,0.060599999999999994,0.030299999999999997,0.0,0.0909,0.0,0.0
"Formulate, direct, or coordinate marketing activities or policies to promote products or services, working with advertising or promotion managers.",0.9206,0.0317,0.0159,0.0,0.0317,0.0,0.0
Furnish customers with information on events or activities.,0.75,0.05,0.0,0.2,0.0,0.0,0.0
Furnish taxpayers with sufficient information and advice to ensure correct tax form completion.,0.8105,0.0684,0.0526,0.021099999999999997,0.0105,0.0368,0.0
"Gather and analyze research data, such as statutes, decisions, and legal articles, codes, and documents.",0.8312,0.009000000000000001,0.039900000000000005,0.0077,0.0374,0.0747,0.0
"Gather and compile data from hand count sheets, machine count tapes, or radar speed checks and code data for computer input.",0.9565,0.0217,0.0,0.0,0.0,0.0217,0.0
"Gather and compile geographic data from sources such as censuses, field observations, satellite imagery, aerial photographs, and existing maps.",0.9784999999999999,0.0108,0.0,0.0108,0.0,0.0,0.0
"Gather and maintain patient information and records, including social or medical history obtained from patients, relatives, or other professionals.",0.34380000000000005,0.5,0.0,0.1563,0.0,0.0,0.0
Gather and organize information on problems or procedures.,0.8151,0.1082,0.0068000000000000005,0.052000000000000005,0.013300000000000001,0.004699999999999999,0.0
"Gather client information from sources such as case documentation, client observation, or interviews of client or family members.",0.5172,0.3103,0.0,0.1379,0.0345,0.0,0.0
Gather cyber intelligence to identify vulnerabilities.,0.841,0.1368,0.0034000000000000002,0.0017000000000000001,0.0103,0.0068000000000000005,0.0
"Gather data on competitors and analyze their prices, sales, and method of marketing and distribution.",0.9048,0.0392,0.0116,0.009399999999999999,0.032,0.0029,0.0
"Gather data pertaining to customer needs, and use the information to identify, predict, interpret, and evaluate system and network requirements.",0.9701000000000001,0.01,0.002,0.008,0.01,0.0,0.0
"Gather diagnostic data from sources such as case documentation, observations of clients, or interviews with clients or family members.",0.8,0.1333,0.0,0.0444,0.0,0.0222,0.0
Gather financial documents related to investigations.,0.8234999999999999,0.0,0.0,0.1471,0.0,0.0294,0.0
"Gather information and develop perspectives about news subjects through research, interviews, observation, and experience.",0.9412,0.0588,0.0,0.0,0.0,0.0,0.0
Gather information from prospective customers to identify their solar energy needs.,0.37929999999999997,0.4483,0.0,0.10339999999999999,0.0345,0.0345,0.0
Gather information on patients' illnesses and medical history to guide the choice of diagnostic procedures for therapy.,0.4167,0.44439999999999996,0.0,0.1389,0.0,0.0,0.0
"Gather intelligence information by field observation, confidential information sources, or public records.",0.94,0.04,0.0,0.0,0.02,0.0,0.0
"Gather records pertinent to specific problems, review them for completeness and accuracy, and attach records to correspondence as necessary.",0.9204000000000001,0.0348,0.0,0.044800000000000006,0.0,0.0,0.0
"Gather, analyze, correlate, or evaluate information from a variety of resources, such as law enforcement databases.",0.9534999999999999,0.04650000000000001,0.0,0.0,0.0,0.0,0.0
"Gather, analyze, or document user feedback to locate or resolve sources of problems.",0.9309000000000001,0.0358,0.0019,0.0178,0.0108,0.0028000000000000004,0.0
"Gather, register, and arrange the material to be typed, following instructions.",0.9682999999999999,0.0079,0.0,0.0,0.023799999999999998,0.0,0.0
"Generate data queries, based on validation checks or errors and omissions identified during data entry, to resolve identified problems.",0.838,0.1246,0.0037,0.008,0.0187,0.006999999999999999,0.0
"Generate standard or custom reports summarizing business, financial, or economic data for review by executives, managers, clients, and other stakeholders.",0.9666,0.009399999999999999,0.0002,0.002,0.019,0.0029,0.0
"Grade food products according to government regulations or according to type, color, bouquet, and moisture content.",0.9722,0.0,0.0,0.0,0.0,0.0278,0.0
"Grade homework and tests, and compute and record results, using answer sheets or electronic marking devices.",0.9508,0.016399999999999998,0.0,0.0,0.0,0.032799999999999996,0.0
Grade students' assignments and exams.,0.9659,0.0038,0.0,0.0013,0.0038,0.0253,0.0
"Grade, classify, or sort products according to sizes, weights, colors, or other specifications.",0.9884000000000001,0.0043,0.0,0.001,0.0023,0.004,0.0
Greet and log in patients arriving at office or clinic.,0.3077,0.07690000000000001,0.0256,0.5897,0.0,0.0,0.0
Greet and register guests.,0.2853,0.0194,0.0,0.6939,0.0014000000000000002,0.0,0.0
Greet customers and ascertain what each customer wants or needs.,0.43520000000000003,0.1822,0.0128,0.3589,0.01,0.0009,0.0
Greet customers and help them locate merchandise.,0.4286,0.10859999999999999,0.005699999999999999,0.4514,0.005699999999999999,0.0,0.0
Greet customers and make them feel welcome.,0.0682,0.0097,0.0004,0.9197,0.0004,0.0016,0.0
Greet customers entering establishments.,0.0366,0.0088,0.0,0.9545999999999999,0.0,0.0,0.0
"Greet guests, escort them to their seats, and present them with menus and wine lists.",0.4,0.1429,0.0,0.4571,0.0,0.0,0.0
Greet visitors or callers and handle their inquiries or direct them to the appropriate persons according to their needs.,0.6714,0.0745,0.005699999999999999,0.24420000000000003,0.0024,0.0019,0.0
"Greet visitors, ascertain purpose of visit, and direct them to appropriate staff.",0.6071,0.1429,0.0,0.25,0.0,0.0,0.0
Guide and counsel students with adjustment or academic problems or special academic interests.,0.4531,0.0781,0.125,0.1406,0.20309999999999997,0.0,0.0
Guide and counsel students with adjustment or academic problems or with special academic interests.,0.4706,0.1176,0.1373,0.0784,0.1765,0.0196,0.0
Guide clients in the development of skills or strategies for dealing with their problems.,0.4202,0.20170000000000002,0.21850000000000003,0.1261,0.0168,0.0168,0.0
"Guide clients in the gathering of information, such as bank account records, income tax returns, life and disability insurance records, pension plans, or wills.",0.6111,0.22219999999999998,0.0556,0.0833,0.0278,0.0,0.0
Guide design discussions between development teams.,0.7391,0.1739,0.0,0.0,0.087,0.0,0.0
Hear and resolve complaints from customers or the public.,0.563,0.2082,0.0088,0.1935,0.0235,0.0029,0.0
Help customers find the location of products.,0.8408,0.0796,0.0173,0.0381,0.0242,0.0,0.0
Help customers try on or fit merchandise.,0.6,0.4,0.0,0.0,0.0,0.0,0.0
Identify and analyze industry or geographic trends with business strategy implications.,0.9462,0.009000000000000001,0.009000000000000001,0.0045000000000000005,0.0179,0.013500000000000002,0.0
"Identify and classify documents or other electronic content according to characteristics such as security level, function, and metadata.",0.9727,0.0064,0.0016,0.0169,0.0024,0.0,0.0
Identify and correct deviations from database development standards.,0.8,0.05,0.0,0.05,0.0,0.1,0.0
"Identify and develop commercial or technical specifications, such as usability, pricing, checkout, or data security, to promote transactional internet-enabled commerce functionality.",0.7809,0.1011,0.0169,0.005600000000000001,0.0843,0.011200000000000002,0.0
"Identify and resolve conflicts related to the meanings of words, concepts, practices, or behaviors.",0.8371999999999999,0.0021,0.0292,0.0209,0.025099999999999997,0.08560000000000001,0.0
Identify compliance issues that require follow-up or investigation.,1.0,0.0,0.0,0.0,0.0,0.0,0.0
Identify cost-reduction or process-improvement logistic opportunities.,0.9091,0.0909,0.0,0.0,0.0,0.0,0.0
"Identify factors that may affect patient management, such as age, gender, barriers to communication, and underlying disease.",0.9584999999999999,0.0138,0.0092,0.0138,0.0,0.0046,0.0
Identify interested and qualified customers to provide them with additional information.,0.9727,0.0095,0.0,0.0109,0.0055000000000000005,0.0014000000000000002,0.0
"Identify key risks and mitigating factors of potential investments, such as asset types and values, legal and ownership structures, professional reputations, customer bases, or industry segments.",0.9716,0.01,0.0024,0.0006,0.0039000000000000003,0.011399999999999999,0.0
"Identify main client groups and audiences, determine the best way to communicate publicity information to them, and develop and implement a communication plan.",0.7597,0.0487,0.0097,0.013000000000000001,0.16879999999999998,0.0,0.0
"Identify new threat tactics, techniques, or procedures used by cyber threat actors.",0.9394,0.060599999999999994,0.0,0.0,0.0,0.0,0.0
"Identify opportunities for strategic improvement or mitigation of business interruption and other risks caused by business, regulatory, or industry-specific change initiatives.",0.9649,0.0,0.0175,0.0,0.0175,0.0,0.0
Identify or develop business rules or standard operating procedures to streamline operating processes.,0.9048,0.011899999999999999,0.0,0.047599999999999996,0.035699999999999996,0.0,0.0
Identify or implement solutions to information security problems.,0.8247,0.1003,0.0141,0.0366,0.0169,0.0075,0.0
Identify or maintain links to and from other Web sites and check links to ensure proper functioning.,0.7585999999999999,0.18969999999999998,0.0,0.0,0.051699999999999996,0.0,0.0
"Identify or monitor current and potential customers, using business intelligence tools.",0.9618000000000001,0.0097,0.0028000000000000004,0.0069,0.0092,0.0097,0.0
"Identify problems uncovered by testing or customer feedback, and correct problems or refer problems to appropriate personnel for correction.",0.4876,0.4617,0.0023,0.0043,0.0415,0.0027,0.0
"Identify program deviance from standards, and suggest modifications to ensure compliance.",0.8237000000000001,0.0383,0.0116,0.0089,0.016,0.1015,0.0
"Identify project needs such as resources, staff, or finances by reviewing project objectives and schedules.",0.9688,0.0313,0.0,0.0,0.0,0.0,0.0
Identify quality problems and recommend solutions.,0.6604000000000001,0.0755,0.056600000000000004,0.056600000000000004,0.0755,0.0755,0.0
Identify quality problems or areas for improvement and recommend solutions.,0.9181,0.027000000000000003,0.0087,0.008199999999999999,0.0163,0.0217,0.0
"Identify relationships and trends in data, as well as any factors that could affect the results of research.",0.9643,0.011399999999999999,0.0055000000000000005,0.0055000000000000005,0.0084,0.0049,0.0
Identify relationships and trends or any factors that could affect the results of research.,0.9679000000000001,0.0054,0.0070999999999999995,0.0054,0.0125,0.0018,0.0
"Identify relevant guidance documents, international standards, or consensus standards.",0.9475,0.0147,0.005699999999999999,0.011399999999999999,0.0045000000000000005,0.0163,0.0
"Identify security system weaknesses, using penetration tests.",0.7853,0.1902,0.0013,0.009399999999999999,0.0036,0.0101,0.0
"Identify solutions to business problems, such as budgeting, staffing, and marketing decisions, using the results of data analysis.",0.9390000000000001,0.0326,0.0055000000000000005,0.003,0.0097,0.0102,0.0
"Identify staff vacancies and recruit, interview, and select applicants.",0.8615,0.0462,0.0,0.061500000000000006,0.0154,0.0154,0.0
"Identify stations, and introduce or close shows, ad-libbing or using memorized or read scripts.",0.6667000000000001,0.22219999999999998,0.0,0.0556,0.0556,0.0,0.0
Identify training and development needs.,0.8608,0.0443,0.019,0.0253,0.0443,0.0063,0.0
Identify transaction mistakes when debits and credits do not balance.,0.9,0.0667,0.0,0.0,0.0167,0.0167,0.0
"Identify, analyze, and document problems with program function, output, online screen, or content.",0.7539,0.1954,0.0063,0.0109,0.0233,0.0102,0.0
"Identify, classify, and study structure, behavior, ecology, physiology, nutrition, culture, and distribution of plant and animal species.",0.8953,0.0,0.0814,0.0233,0.0,0.0,0.0
"Identify, collect, record, or analyze data relevant to the nursing care of patients.",0.9758,0.008100000000000001,0.0,0.0121,0.0,0.004,0.0
"Identify, compile, abstract, and code patient data, using standard classification systems.",0.951,0.0,0.0,0.047599999999999996,0.0014000000000000002,0.0,0.0
"Identify, develop, or evaluate marketing strategy, based on knowledge of establishment objectives, market characteristics, and cost and markup factors.",0.8826999999999999,0.0292,0.012199999999999999,0.0077,0.057999999999999996,0.0103,0.0
"Identify, investigate, or resolve security breaches.",1.0,0.0,0.0,0.0,0.0,0.0,0.0
"Identify, standardize, and communicate levels of access and security.",0.7059000000000001,0.1373,0.0196,0.0098,0.1275,0.0,0.0
"Implement Web site security measures, such as firewalls or message encryption.",0.6522,0.2609,0.0,0.0435,0.0435,0.0,0.0
"Implement business rules via stored procedures, middleware, or other technologies.",0.7053,0.1532,0.0138,0.0118,0.1139,0.002,0.0
"Implement changes to machine programs, and enter new specifications, using computers.",0.7646999999999999,0.1324,0.0,0.0294,0.0735,0.0,0.0
"Implement controls to provide security for operating systems, software, and data.",0.7796,0.13419999999999999,0.0128,0.0447,0.022400000000000003,0.0064,0.0
"Implement financial planning recommendations, or refer clients to someone who can assist them with plan implementation.",0.8787999999999999,0.12119999999999999,0.0,0.0,0.0,0.0,0.0
Implement online customer service processes to ensure positive and consistent user experiences.,0.6513,0.0739,0.0171,0.2416,0.0118,0.0044,0.0
"Implement or perform preventive maintenance, backup, or recovery procedures.",0.9053,0.0355,0.0,0.0592,0.0,0.0,0.0
Implement or test design solutions.,0.6514,0.1867,0.004699999999999999,0.0034999999999999996,0.1487,0.005,0.0
"Implement program plans by ordering needed materials, scheduling speakers, reserving space, or handling other administrative details.",0.9582999999999999,0.0417,0.0,0.0,0.0,0.0,0.0
"Implement updates, upgrades, and patches in a timely manner to limit loss of service.",0.8595999999999999,0.10529999999999999,0.0351,0.0,0.0,0.0,0.0
Incorporate research findings into practice as appropriate.,0.7679,0.07139999999999999,0.0,0.0536,0.10710000000000001,0.0,0.0
"Incorporate technical considerations into Web site design plans, such as budgets, equipment, performance requirements, and legal issues including accessibility and privacy.",0.75,0.10710000000000001,0.0,0.0,0.1429,0.0,0.0
"Incorporate technical considerations into Web site design plans, such as budgets, equipment, performance requirements, or legal issues including accessibility and privacy.",0.7,0.12,0.0,0.0,0.18,0.0,0.0
"Inform Web site users of problems, problem resolutions, or application changes and updates.",0.6212,0.19699999999999998,0.060599999999999994,0.0909,0.0152,0.0152,0.0
"Inform athletes about nutrition, hydration, dietary supplements, or uses and possible consequences of medication.",0.6212,0.0758,0.16670000000000001,0.0455,0.0909,0.0,0.0
Inform citizens of community services and recommend options to facilitate longer-term problem resolution.,0.7881,0.0254,0.1186,0.0508,0.0085,0.0085,0.0
Inform company employees or other interested parties of environmental issues.,0.48479999999999995,0.030299999999999997,0.24239999999999998,0.1515,0.030299999999999997,0.060599999999999994,0.0
"Inform customers by mail or telephone of order information, such as unit prices, shipping dates, and any anticipated delays.",0.9204000000000001,0.014199999999999999,0.0,0.0655,0.0,0.0,0.0
Inform customers of contracts or other information pertaining to purchased services.,0.7465,0.042300000000000004,0.1127,0.042300000000000004,0.042300000000000004,0.0141,0.0
Inform designated employees or departments of items loaded or problems encountered.,0.8756,0.045899999999999996,0.0,0.0785,0.0,0.0,0.0
"Inform financial decisions by analyzing financial information to forecast business, industry, or economic conditions.",0.8946999999999999,0.0263,0.0,0.0263,0.0263,0.0263,0.0
"Inform investment decisions by analyzing financial information to forecast business, industry, or economic conditions.",0.9619,0.0095,0.0,0.0,0.0286,0.0,0.0
"Inform management about problems, such as employee disputes.",0.8611,0.0833,0.0,0.0417,0.0,0.0139,0.0
Inform patrons of establishment specialties and features.,0.4736,0.028999999999999998,0.10460000000000001,0.37929999999999997,0.0095,0.004,0.0
"Inform students of the procedures for completing and submitting class work, such as lab reports.",0.41479999999999995,0.0593,0.1704,0.0667,0.1704,0.1185,0.0
"Inform tenants of facilities, such as laundries or playgrounds.",0.9286,0.07139999999999999,0.0,0.0,0.0,0.0,0.0
"Inform the public of available services, and of postal laws and regulations.",0.6065999999999999,0.016399999999999998,0.08199999999999999,0.29510000000000003,0.0,0.0,0.0
"Initiate market research studies, or analyze their findings.",0.9614,0.011899999999999999,0.0013,0.005699999999999999,0.0176,0.0022,0.0
"Initiate, facilitate, and moderate class discussions.",0.2271,0.12869999999999998,0.39280000000000004,0.1628,0.04,0.0487,0.0
"Initiate, facilitate, and moderate classroom discussions.",0.24170000000000003,0.1536,0.37560000000000004,0.1249,0.049400000000000006,0.0548,0.0
"Initiate, review, or approve modifications to project plans.",0.7118000000000001,0.1175,0.0022,0.053200000000000004,0.102,0.013300000000000001,0.0
Input data into databases.,0.8434999999999999,0.08839999999999999,0.0,0.047599999999999996,0.0204,0.0,0.0
"Input data, such as file numbers, new or updated information, or document information codes into computer systems to support document and information retrieval.",0.9183,0.0387,0.0016,0.0333,0.006500000000000001,0.0016,0.0
Insert control instructions into machine control units to start operation.,0.8667,0.04,0.0,0.08,0.013300000000000001,0.0,0.0
Inspect and test systems to verify system compliance with plans and specifications or to detect and locate malfunctions.,0.8281000000000001,0.1042,0.0052,0.0417,0.0104,0.0104,0.0
"Inspect completed work to ensure conformance to specifications, standards, and contract requirements.",0.8432,0.07200000000000001,0.0,0.0085,0.0127,0.0636,0.0
"Inspect condition of premises, and arrange for necessary maintenance or notify owners of maintenance needs.",0.9962000000000001,0.0038,0.0,0.0,0.0,0.0,0.0
Inspect equipment and read order sheets to prepare for delivery to users.,1.0,0.0,0.0,0.0,0.0,0.0,0.0
Inspect final compositions to ensure completeness and accuracy.,0.8889,0.0101,0.0,0.0,0.0,0.10099999999999999,0.0
"Inspect grounds, facilities, and equipment routinely to determine necessity of repairs or maintenance.",0.902,0.0,0.0,0.098,0.0,0.0,0.0
"Inspect layouts and advertising copy, and edit scripts, audio, video, and other promotional material for adherence to specifications.",0.8571,0.0,0.0,0.0204,0.0,0.12240000000000001,0.0
Inspect manufactured or processed products to ensure compliance with contract specifications or legal requirements.,0.9645,0.0,0.0,0.0021,0.0,0.0334,0.0
"Inspect materials and products for defects, and to ensure conformance to specifications.",0.9545,0.0152,0.0,0.0,0.0,0.030299999999999997,0.0
"Inspect merchandise or products to determine quality, value, or yield.",0.9732,0.0134,0.0,0.0,0.0067,0.0067,0.0
Inspect or review projects to monitor compliance with building and safety codes or other regulations.,0.9412,0.0294,0.0,0.0,0.0,0.0294,0.0
Inspect passenger tickets to verify information and to obtain destination information.,0.9890000000000001,0.0,0.0,0.0,0.0,0.011000000000000001,0.0
Inspect personal or business property.,1.0,0.0,0.0,0.0,0.0,0.0,0.0
Inspect premises to assess the need for repairs and to ensure that climate and pest control issues are addressed.,0.9697,0.0,0.030299999999999997,0.0,0.0,0.0,0.0
Inspect products to ensure that the quality standards and specifications are met.,0.9551000000000001,0.0187,0.0,0.0037,0.0037,0.0187,0.0
"Inspect property, examining its general condition, type of construction, age, and other characteristics, to decide if it is a good insurance risk.",1.0,0.0,0.0,0.0,0.0,0.0,0.0
Inspect records or log book entries or communicate with plant personnel to assess equipment operating status.,0.9231,0.0513,0.0,0.0256,0.0,0.0,0.0
Inspect work performed to ensure that it meets specifications and established standards.,0.8453,0.075,0.0,0.0168,0.0060999999999999995,0.0567,0.0
"Inspect, test, and measure completed work, using devices such as hand tools or gauges to verify conformance to standards or repair requirements.",0.8824,0.0196,0.0,0.0392,0.0,0.0588,0.0
Install and configure recreations of software production environments to allow testing of software performance.,0.8254,0.1508,0.0,0.0079,0.0159,0.0,0.0
"Install and perform minor repairs to hardware, software, or peripheral equipment, following design or installation specifications.",0.677,0.2669,0.011200000000000002,0.0393,0.005600000000000001,0.0,0.0
"Install new hardware or software systems or components, ensuring integration with existing network systems.",0.6297999999999999,0.3038,0.020099999999999996,0.0141,0.0302,0.002,0.0
"Install or configure Web server software or hardware to ensure that directory structure is well-defined, logical, and secure, and that files are named properly.",0.6111,0.3056,0.0,0.0694,0.0139,0.0,0.0
Install or program computer hardware or machine or instrumentation software in microprocessor-based systems.,0.8055,0.1195,0.0068000000000000005,0.0,0.0683,0.0,0.0
"Install, maintain, or use software testing programs.",0.7308,0.23079999999999998,0.0,0.0385,0.0,0.0,0.0
"Install, or coordinate installation of, new or modified hardware, software, or programming modules of telecommunications systems.",0.5652,0.3478,0.0435,0.0,0.0435,0.0,0.0
"Instruct and counsel patients about prescribed therapeutic regimens, normal growth and development, family planning, emotional problems of daily living, and health maintenance.",0.40909999999999996,0.1364,0.3182,0.0909,0.0455,0.0,0.0
Instruct individuals and groups on ways to preserve health and prevent disease.,0.5854,0.024399999999999998,0.19510000000000002,0.1463,0.024399999999999998,0.024399999999999998,0.0
"Instruct individuals or groups in sports rules, game strategies, and performance principles, such as specific ways of moving the body, hands, or feet, to achieve desired results.",0.4286,0.4286,0.0286,0.0286,0.0857,0.0,0.0
Instruct participants in maintaining exertion levels to maximize benefits from exercise routines.,0.6,0.0667,0.1333,0.2,0.0,0.0,0.0
"Instruct students in the knowledge and skills required in a specific occupation or occupational field, using a systematic plan of lectures, discussions, audio-visual presentations, and laboratory, shop, and field studies.",0.56,0.04,0.28,0.08,0.04,0.0,0.0
"Instruct students individually and in groups, using teaching methods such as lectures, discussions, and demonstrations.",0.1417,0.25,0.425,0.15,0.025,0.0083,0.0
"Instruct students individually and in groups, using various teaching methods, such as lectures, discussions, and demonstrations.",0.2667,0.264,0.3307,0.0933,0.0347,0.010700000000000001,0.0
"Integrate and develop visual elements, such as line, space, mass, color, and perspective, to produce desired effects, such as the illustration of ideas, emotions, or moods.",0.9206,0.0109,0.0005,0.0073,0.059800000000000006,0.0008,0.0
Integrate online retailing strategy with physical or catalogue retailing operations.,0.6774,0.0645,0.1613,0.0,0.0968,0.0,0.0
"Integrate software or hardware components, using computer, microprocessor, or control architecture.",0.8318000000000001,0.1215,0.009300000000000001,0.0,0.0374,0.0,0.0
"Interact with clients to assist them in gaining insight, defining goals, and planning action to achieve effective personal, social, educational, or vocational development and adjustment.",0.4021,0.1663,0.16079999999999997,0.21780000000000002,0.0263,0.026600000000000002,0.0
Interpret administrative and operating policies and procedures for employees.,0.7755,0.0,0.1837,0.0,0.0,0.0408,0.0
Interpret and communicate work procedures and company policies to staff.,0.752,0.024,0.14400000000000002,0.016,0.0,0.064,0.0
"Interpret and explain human resources policies, procedures, laws, standards, or regulations.",0.6092,0.023,0.2989,0.0115,0.023,0.0345,0.0
"Interpret and explain information such as eligibility requirements, application details, payment methods, and applicants' legal rights.",0.6967,0.0301,0.1454,0.0276,0.0301,0.0702,0.0
"Interpret and explain laws and regulations to travelers, prospective immigrants, shippers, and manufacturers.",0.8593999999999999,0.0052,0.0859,0.023399999999999997,0.0104,0.015600000000000001,0.0
"Interpret and explain policies, rules, regulations, or laws to organizations, government or corporate officials, or individuals.",0.6383,0.0085,0.2043,0.10210000000000001,0.0298,0.017,0.0
Interpret clinical or diagnostic test results.,0.9481999999999999,0.0123,0.013600000000000001,0.0014000000000000002,0.0068000000000000005,0.0177,0.0
"Interpret data from traffic modeling software, geographic information systems, or associated databases.",1.0,0.0,0.0,0.0,0.0,0.0,0.0
"Interpret data on price, yield, stability, future investment-risk trends, economic influences, and other factors affecting investment programs.",0.9331999999999999,0.0536,0.0009,0.0004,0.002,0.009899999999999999,0.0
"Interpret data, reports, maps, photographs, or charts to predict long- or short-range weather conditions, using computer models and knowledge of climate theory, physics, and mathematics.",0.9627,0.0273,0.0,0.0,0.0,0.01,0.0
"Interpret diagnostic or laboratory tests, such as electrocardiograms (EKGs) and renal functioning tests.",0.9677,0.0,0.0323,0.0,0.0,0.0,0.0
Interpret diagnostic test results for deviations from normal.,0.9531999999999999,0.0043,0.017,0.0085,0.0085,0.0085,0.0
Interpret diagnostic test results to make appropriate differential diagnoses.,0.9328,0.0168,0.0168,0.0,0.0084,0.0252,0.0
Interpret drilling and testing information for personnel.,0.7778,0.037000000000000005,0.0741,0.0,0.0,0.11109999999999999,0.0
"Interpret engineering sketches, specifications, or drawings.",0.9489,0.0039000000000000003,0.0356,0.003,0.0051,0.0034000000000000002,0.0
Interpret exercise program participant data to evaluate progress or identify needed program changes.,0.7619,0.1429,0.047599999999999996,0.0,0.047599999999999996,0.0,0.0
Interpret government regulations and applicable codes to ensure compliance.,0.9259000000000001,0.0054,0.0027,0.0027,0.008100000000000001,0.0552,0.0
Interpret indicators to ascertain the overall health of an environment.,0.9444,0.0347,0.0034999999999999996,0.0104,0.0,0.0069,0.0
Interpret information obtained from electrocardiograms (EKGs) or radiographs (x-rays).,0.9771,0.0076,0.0076,0.0076,0.0,0.0,0.0
Interpret laboratory results and communicate findings to patients or physicians.,0.8387,0.0645,0.0645,0.0323,0.0,0.0,0.0
"Interpret laws, rulings and regulations for individuals and businesses.",0.7192000000000001,0.0167,0.136,0.005600000000000001,0.0708,0.051699999999999996,0.0
"Interpret or evaluate test results in accordance with applicable codes, standards, specifications, or procedures.",0.8025,0.0802,0.0062,0.0123,0.0062,0.0926,0.0
Interpret regulatory rules or rule changes and ensure that they are communicated through corporate policies and procedures.,0.9565,0.0,0.0217,0.0,0.0217,0.0,0.0
Interpret results of financial analysis procedures.,0.9594,0.0116,0.0029,0.0,0.014499999999999999,0.0116,0.0
Interpret test information to resolve design-related problems.,0.8826,0.056799999999999996,0.0,0.011399999999999999,0.0038,0.0455,0.0
"Interpret test results, compare them to established specifications and control limits, and make recommendations on appropriateness of data for release.",0.9239,0.0124,0.0034999999999999996,0.0106,0.0018,0.0478,0.0
"Interpret the results of neuroimaging studies, such as Magnetic Resonance Imaging (MRI), Single Photon Emission Computed Tomography (SPECT), and Positron Emission Tomography (PET) scans.",0.9534999999999999,0.0233,0.0233,0.0,0.0,0.0,0.0
Interview clients by telephone or in person to gather financial information.,0.5294,0.3333,0.0,0.1373,0.0,0.0,0.0
"Interview clients individually, in families, or in groups, assessing their situations, capabilities, and problems to determine what services are required to meet their needs.",0.3725,0.4118,0.0196,0.1765,0.0,0.0196,0.0
"Interview clients to determine clients' assets, liabilities, cash flow, insurance coverage, tax status, or financial objectives.",0.2581,0.4839,0.0323,0.22579999999999997,0.0,0.0,0.0
Interview clients to determine what kinds of properties they are seeking.,0.4921,0.2751,0.0106,0.17989999999999998,0.0317,0.0106,0.0
"Interview clients to obtain information about employment history, educational background, and career goals, and to identify barriers to employment.",0.47130000000000005,0.2115,0.0,0.31489999999999996,0.0023,0.0,0.0
Interview job applicants to obtain and verify information used to screen and evaluate them.,0.3454,0.17010000000000003,0.0,0.4742,0.0103,0.0,0.0
"Interview job applicants to obtain information on work history, training, education, or job skills.",0.47,0.2314,0.001,0.2903,0.0072,0.0,0.0
Interview patients to document symptoms and health histories.,0.3226,0.4968,0.0,0.1548,0.006500000000000001,0.0194,0.0
Interview patients to obtain comprehensive medical histories.,0.2121,0.6277,0.0173,0.13419999999999999,0.0043,0.0043,0.0
"Interview patients to obtain information, such as complaints, symptoms, medical histories, and family histories.",0.2929,0.5929,0.0143,0.07139999999999999,0.0,0.0286,0.0
Interview people and keep track of their responses.,0.2094,0.1232,0.0452,0.5975,0.018500000000000003,0.0062,0.0
Interview people to gather information about historical events and to record oral histories.,0.1563,0.1406,0.125,0.5,0.0625,0.015600000000000001,0.0
"Interview prospective clients to obtain data about their financial resources and needs, the physical condition of the person or property to be insured, and to discuss any existing coverage.",0.7103,0.2523,0.009300000000000001,0.027999999999999997,0.0,0.0,0.0
"Interview show guests about their lives, their work, or topics of current interest.",0.8824,0.0,0.0294,0.0882,0.0,0.0,0.0
"Invent names for products and write the slogans that appear on packaging, brochures and other promotional material.",0.9077,0.0346,0.0,0.0385,0.0192,0.0,0.0
Investigate activities of institutions to enforce laws and regulations and to ensure legality of transactions and operations or financial solvency.,0.9179999999999999,0.032799999999999996,0.0,0.016399999999999998,0.016399999999999998,0.016399999999999998,0.0
Investigate claimants for the possibility of fraud or abuse.,0.9815,0.018500000000000003,0.0,0.0,0.0,0.0,0.0
"Investigate complaints, disturbances, and violations and resolve problems, following management rules and regulations.",0.4118,0.3529,0.0,0.1765,0.0588,0.0,0.0
Investigate customer or public complaints to determine the nature and extent of problems.,0.7974,0.1193,0.018000000000000002,0.0294,0.026099999999999998,0.0098,0.0
Investigate customer problems referred by technical support.,0.7889,0.1444,0.0222,0.0111,0.0222,0.0111,0.0
Investigate equipment failures or difficulties to diagnose faulty operation and recommend remedial actions.,0.8005,0.1348,0.0199,0.0236,0.0129,0.0083,0.0
Investigate illegal or suspicious activities.,0.8946999999999999,0.0713,0.0016,0.0097,0.0227,0.0,0.0
"Investigate or resolve operational problems, such as material use variances or bottlenecks.",0.7731999999999999,0.1489,0.011699999999999999,0.011699999999999999,0.0483,0.0062,0.0
"Investigate products or markets to determine areas for opportunity or viability for merchandising specific products, using online or offline sources.",0.9479000000000001,0.0104,0.0104,0.0,0.0313,0.0,0.0
"Investigate sources, such as auctions, estate sales, liquidators, wholesalers, or trade shows for new items, used items, or collectibles.",0.9534999999999999,0.0,0.0,0.04650000000000001,0.0,0.0,0.0
"Investigate system component suitability for specified purposes, and make recommendations regarding component use.",0.9179,0.0134,0.0347,0.0043,0.016399999999999998,0.0134,0.0
"Investigate whether networks, workstations, the central processing unit of the system, or peripheral equipment are responding to a program's instructions.",0.7038,0.1967,0.0,0.056900000000000006,0.0024,0.0403,0.0
Issue notices and recommend corrective actions when infractions or problems are found.,0.8131999999999999,0.0443,0.009899999999999999,0.0329,0.019799999999999998,0.0799,0.0
Keep accurate records of transactions.,0.75,0.2,0.0,0.0,0.0,0.05,0.0
Keep detailed logs of all work-related activities.,0.8314,0.0667,0.0118,0.0706,0.015700000000000002,0.0039000000000000003,0.0
"Keep informed regarding pending industry changes, trends, or best practices.",0.9315000000000001,0.0068000000000000005,0.0342,0.020499999999999997,0.0068000000000000005,0.0,0.0
Keep records and accounts.,0.7736,0.1321,0.0,0.0377,0.056600000000000004,0.0,0.0
Keep records of client needs and preferences and the services provided.,0.7014,0.0907,0.0091,0.1693,0.0246,0.0049,0.0
Keep records of employees' attendance and hours worked.,0.8214,0.10710000000000001,0.0,0.0,0.035699999999999996,0.035699999999999996,0.0
Keep records of invoices and support documents.,0.9091,0.08259999999999999,0.0,0.0083,0.0,0.0,0.0
Keep records of the quantities of food used.,0.75,0.16670000000000001,0.0,0.0,0.0833,0.0,0.0
Keep records of work performed.,0.8049,0.09759999999999999,0.0,0.09759999999999999,0.0,0.0,0.0
"Keep records on individual children, including daily observations and information about activities, meals served, and medications administered.",0.8181999999999999,0.1364,0.0,0.0455,0.0,0.0,0.0
Keep records or prepare reports for owner or management concerning visits with clients.,0.9667,0.0333,0.0,0.0,0.0,0.0,0.0
Key and program specified commands and engineering specifications into computer system to change functions and test final layout.,0.8833,0.08560000000000001,0.0,0.0039000000000000003,0.027200000000000002,0.0,0.0
Key in processing instructions to program electronic equipment.,0.9109999999999999,0.0471,0.0,0.015700000000000002,0.0262,0.0,0.0
"Lead discussion sections, tutorials, or laboratory sections.",0.24780000000000002,0.1309,0.4468,0.0471,0.0524,0.075,0.0
"Lead party games, such as dance-offs or prize giveaways.",0.40990000000000004,0.46399999999999997,0.0,0.11710000000000001,0.009000000000000001,0.0,0.0
Learn about competitors' products or consumers' interests or concerns to answer questions or provide more complete information.,0.9048,0.047599999999999996,0.0,0.0317,0.0159,0.0,0.0
"Listen to and resolve customer complaints regarding services, products, or personnel.",0.7593000000000001,0.1852,0.037000000000000005,0.018500000000000003,0.0,0.0,0.0
Listen to music before playing at events to ensure recordings are appropriate and meet quality standards.,0.9362,0.0,0.0,0.0426,0.0,0.0213,0.0
"Listen to speakers' statements to determine meanings and to prepare translations, using electronic listening systems as necessary.",0.6061,0.030299999999999997,0.060599999999999994,0.2121,0.0909,0.0,0.0
"Locate and correct data entry errors, or report them to supervisors.",0.8564,0.0745,0.0,0.0213,0.0106,0.037200000000000004,0.0
"Locate and deliver information or data as requested by customers, such as contractors, government entities, and members of the public.",0.8040999999999999,0.0533,0.060599999999999994,0.028999999999999998,0.0464,0.0066,0.0
"Locate and monitor overdue accounts, using computers and a variety of automated systems.",0.8542000000000001,0.0625,0.0,0.0833,0.0,0.0,0.0
"Locate and notify customers of delinquent accounts by mail, telephone, or personal visits to solicit payment.",0.9195,0.0268,0.0,0.020099999999999996,0.020099999999999996,0.0134,0.0
"Locate and record data on sales of comparable property using specialized software, internet searches, or personal records.",0.9215000000000001,0.0366,0.0,0.0262,0.015700000000000002,0.0,0.0
"Locate files relating to specified design project in database library, load program into computer, and record completed job data.",0.8411,0.0596,0.0,0.09269999999999999,0.0066,0.0,0.0
Locate items requested by customers.,0.8695,0.0482,0.008,0.0462,0.0281,0.0,0.0
"Locate suppliers, using sources such as catalogs and the internet, and interview them to gather information about products to be ordered.",0.8931,0.0382,0.0,0.0382,0.0305,0.0,0.0
Locate unusual or unique information in response to specific requests.,0.9573,0.019799999999999998,0.0058,0.0048,0.0083,0.0040999999999999995,0.0
"Mail newsletters, promotional material, or other information.",0.875,0.0,0.0417,0.0,0.0833,0.0,0.0
"Maintain and administer computer networks and related computing environments, including computer hardware, systems software, applications software, and all configurations.",0.6457999999999999,0.3125,0.0,0.0208,0.0208,0.0,0.0
Maintain and promote a positive attitude toward clients and their treatment programs.,0.7619,0.16670000000000001,0.023799999999999998,0.023799999999999998,0.0,0.023799999999999998,0.0
"Maintain and review account records, updating and recategorizing them according to status changes.",0.8216,0.0934,0.0025,0.0565,0.026000000000000002,0.0,0.0
"Maintain and review computerized or manual records of purchased items, costs, deliveries, product performance, and inventories.",0.7773,0.09609999999999999,0.0,0.048,0.0742,0.0044,0.0
Maintain and update organization information technology applications and network systems blueprints.,0.7711,0.1325,0.0,0.0602,0.0361,0.0,0.0
Maintain awareness of new and emerging computational methods and technologies.,0.6389,0.0278,0.0556,0.25,0.0278,0.0,0.0
Maintain client databases.,0.8022,0.08070000000000001,0.0062,0.086,0.0215,0.0033,0.0
Maintain customer records using automated systems.,0.871,0.0806,0.0,0.0323,0.0161,0.0,0.0
"Maintain customer records, using automated systems.",0.8571,0.07690000000000001,0.0,0.033,0.033,0.0,0.0
"Maintain daily logs of operation, maintenance, and safety activities, including test results, instrument readings, and details of equipment malfunctions and maintenance work.",0.9556,0.0222,0.0,0.0222,0.0,0.0,0.0
Maintain databases of logistics information.,0.8579000000000001,0.0579,0.0053,0.0684,0.0105,0.0,0.0
"Maintain hardware and software, including computers, media equipment, scanners, color copiers, and color laser printers.",0.7778,0.0833,0.0,0.1389,0.0,0.0,0.0
Maintain input or data quality of risk management systems.,0.8652,0.0562,0.0,0.0562,0.0225,0.0,0.0
Maintain logistics records in accordance with corporate policies.,0.8332999999999999,0.0833,0.0,0.0833,0.0,0.0,0.0
Maintain logs of activities and completed work.,0.794,0.0361,0.0013,0.1632,0.004699999999999999,0.0007000000000000001,0.0
"Maintain medical records, technical library, or correspondence files.",0.9286,0.023799999999999998,0.0,0.023799999999999998,0.023799999999999998,0.0,0.0
"Maintain metrics, reports, process documentation, customer service logs, or training or safety records.",0.9412,0.0,0.0294,0.0294,0.0,0.0,0.0
"Maintain operations data, such as time, production, and cost records, and prepare management reports of production results.",0.8604999999999999,0.09300000000000001,0.0,0.0,0.04650000000000001,0.0,0.0
"Maintain or update business intelligence tools, databases, dashboards, systems, or methods.",0.8057,0.0949,0.0029,0.0658,0.028900000000000002,0.0017000000000000001,0.0
"Maintain or verify records of time, materials, expenditures, or crew activities.",0.9518000000000001,0.0241,0.0,0.006,0.012,0.006,0.0
Maintain project logbook records or computer program files.,0.8402,0.0118,0.0059,0.13019999999999998,0.0118,0.0,0.0
"Maintain records and compile statistical reports concerning personnel-related data such as hires, transfers, performance appraisals, and absenteeism rates.",0.902,0.0196,0.0,0.0098,0.06860000000000001,0.0,0.0
"Maintain records and compile statistical reports concerning personnel-related data, such as hires, transfers, performance appraisals, and absenteeism rates.",0.9189,0.0405,0.013500000000000002,0.0,0.027000000000000003,0.0,0.0
Maintain records and files of work and revisions.,0.6607999999999999,0.0518,0.0077,0.2434,0.033,0.0033,0.0
Maintain records and logbooks.,0.8493,0.0274,0.0137,0.1096,0.0,0.0,0.0
"Maintain records of business transactions and product inventories, reporting data to companies or government agencies as necessary.",0.8554,0.0723,0.0,0.0241,0.0482,0.0,0.0
"Maintain records of contacts, accounts, and orders.",0.9091,0.0496,0.0,0.0165,0.0165,0.0083,0.0
"Maintain records of daily data communication transactions, problems and remedial actions taken, or installation activities.",0.8156,0.0694,0.0022,0.1106,0.0022,0.0,0.0
Maintain records of evidence and write and review reports.,0.9351,0.013000000000000001,0.0,0.026000000000000002,0.013000000000000001,0.013000000000000001,0.0
Maintain records of performance reports for future reference.,0.8332999999999999,0.0,0.0,0.16670000000000001,0.0,0.0,0.0
Maintain records related to sales.,0.8125,0.1875,0.0,0.0,0.0,0.0,0.0
"Maintain records, document actions, and present written progress reports.",0.9215000000000001,0.043899999999999995,0.0,0.018500000000000003,0.016200000000000003,0.0,0.0
"Maintain required records of work hours, budgets, payrolls, and other information.",0.8946999999999999,0.0526,0.0,0.0,0.0526,0.0,0.0
Maintain scheduling and event calendars.,0.8423999999999999,0.07719999999999999,0.0076,0.0391,0.0337,0.0,0.0
Maintain system logs or manuals to document testing or operation of equipment.,0.7723,0.019799999999999998,0.0,0.2079,0.0,0.0,0.0
Maintain technical project files.,0.8276,0.0575,0.0,0.092,0.023,0.0,0.0
Maintain treatment records.,0.6842,0.1404,0.0175,0.1404,0.0175,0.0,0.0
"Maintain updated client records with plans, notes, appropriate forms, or related information.",0.746,0.11109999999999999,0.023799999999999998,0.0873,0.0317,0.0,0.0
"Make and confirm reservations for transportation and accommodations, using telephones, faxes, mail, and computers.",0.8966,0.10339999999999999,0.0,0.0,0.0,0.0,0.0
Make and confirm reservations.,0.8,0.16,0.0,0.04,0.0,0.0,0.0
"Make appointments, keep records, or perform other clerical duties in doctors' offices or clinics.",0.708,0.177,0.0,0.0973,0.0177,0.0,0.0
"Make clinical recommendations to physicians, other health care providers, insurance companies, patients, or health care organizations.",0.8239,0.056299999999999996,0.042300000000000004,0.021099999999999997,0.021099999999999997,0.0352,0.0
"Make decisions that balance the perspectives of private citizens, public officials, and party leaders.",0.8804000000000001,0.0978,0.0109,0.0,0.0109,0.0,0.0
Make diagnoses when different illnesses occur together or in situations where the diagnosis may be obscure.,0.9459000000000001,0.0541,0.0,0.0,0.0,0.0,0.0
Make manuscript acceptance or revision recommendations to the publisher.,0.75,0.0,0.0,0.0,0.0147,0.2353,0.0
Make recommendations to management concerning such issues as staffing decisions or procedural changes.,0.9091,0.030299999999999997,0.030299999999999997,0.030299999999999997,0.0,0.0,0.0
"Make reservations for patrons, such as for dinner, spa treatments, or golf tee times, and obtain tickets to special events.",0.7759,0.1724,0.005699999999999999,0.0115,0.0345,0.0,0.0
Make system device lists or event timing charts.,1.0,0.0,0.0,0.0,0.0,0.0,0.0
Make tentative diagnoses and decisions about management and treatment of patients.,0.7323999999999999,0.2394,0.0141,0.006999999999999999,0.0,0.006999999999999999,0.0
"Manage backup, security and user help systems.",0.7391,0.1739,0.0,0.0,0.087,0.0,0.0
"Manage client portfolios, keeping client plans up-to-date.",0.8162999999999999,0.1837,0.0,0.0,0.0,0.0,0.0
"Manage paper or electronic filing systems by recording information, updating paperwork, or maintaining documents, such as attendance records or correspondence.",0.6686,0.044500000000000005,0.0034000000000000002,0.26170000000000004,0.020099999999999996,0.0017000000000000001,0.0
"Manage schedules and set dates, times, and locations for meetings and appointments.",0.8237000000000001,0.11130000000000001,0.0029,0.018799999999999997,0.04190000000000001,0.0014000000000000002,0.0
Manage tracking and reporting of search-related activities and provide analyses to marketing executives.,0.899,0.0404,0.0404,0.0101,0.0101,0.0,0.0
Manage user access to systems and equipment through account management and password administration.,0.7912,0.1446,0.008,0.020099999999999996,0.0361,0.0,0.0
"Mark copy to indicate and correct errors in type, arrangement, grammar, punctuation, or spelling, using standard printers' marks.",0.7368000000000001,0.0,0.0,0.0,0.15789999999999998,0.10529999999999999,0.0
"Mark up, paste, and complete layouts and write typography instructions to prepare materials for typesetting or printing.",0.9048,0.0,0.0,0.0,0.09519999999999999,0.0,0.0
Match individuals' needs and eligibility with available financial aid programs to provide informed recommendations.,0.7631999999999999,0.10529999999999999,0.0526,0.0526,0.0263,0.0,0.0
"Match order forms with invoices, and record the necessary information.",0.9884000000000001,0.0116,0.0,0.0,0.0,0.0,0.0
"Measure the effectiveness of marketing, advertising, and communications programs and strategies.",0.9342,0.006500000000000001,0.0014000000000000002,0.0014000000000000002,0.0051,0.0513,0.0
"Meet with customers to discuss menus for special occasions, such as weddings, parties, or banquets.",0.5926,0.22219999999999998,0.0,0.0741,0.11109999999999999,0.0,0.0
"Meet with department heads, managers, supervisors, vendors, and others, to solicit cooperation and resolve problems.",0.8571,0.061200000000000004,0.0,0.061200000000000004,0.0,0.0204,0.0
"Meet with other departmental leaders to establish organizational goals, strategic plans, and objectives, as well as make decisions about personnel, resources, and space or equipment needs.",0.6667000000000001,0.1333,0.0,0.1333,0.0667,0.0,0.0
Modify and customize commercial programs for internal needs.,0.6494,0.2208,0.0,0.0,0.12990000000000002,0.0,0.0
"Modify and refine designs, using working models, to conform with customer specifications, production limitations, or changes in design trends.",0.45270000000000005,0.053399999999999996,0.0017000000000000001,0.0063,0.4836,0.0023,0.0
"Modify computer security files to incorporate new software, correct errors, or change individual access status.",0.6705,0.2841,0.0,0.011399999999999999,0.0341,0.0,0.0
Modify existing databases and database management systems or direct programmers and analysts to make changes.,0.6864,0.2095,0.0031,0.0062,0.0925,0.0023,0.0
"Modify existing software to correct errors, adapt it to new hardware, or upgrade interfaces and improve performance.",0.5444,0.266,0.004699999999999999,0.0031,0.1801,0.0016,0.0
"Modify existing software to correct errors, allow it to adapt to new hardware, or to improve its performance.",0.5704,0.2529,0.0052,0.0040999999999999995,0.1661,0.0014000000000000002,0.0
"Monitor and analyze network performance and reports on data input or output to detect problems, identify inefficient use of computer resources, or perform capacity planning.",0.8819,0.0814,0.0026,0.0262,0.0052,0.0026,0.0
Monitor and analyze sales promotion results to determine cost effectiveness of promotion campaigns.,0.9102,0.0365,0.0091,0.0084,0.031200000000000002,0.0046,0.0
"Monitor and analyze sales records, trends, or economic conditions to anticipate consumer buying patterns, company sales, and needed inventory.",0.9571999999999999,0.012199999999999999,0.0060999999999999995,0.0092,0.012199999999999999,0.0031,0.0
"Monitor and analyze system performance, such as network traffic, security, and capacity.",0.9218000000000001,0.0509,0.0018,0.0182,0.0055000000000000005,0.0018,0.0
"Monitor and ensure a sound, ethical environment.",0.68,0.08,0.04,0.16,0.04,0.0,0.0
"Monitor and evaluate survey progress and performance, using sample disposition reports and response rate calculations.",1.0,0.0,0.0,0.0,0.0,0.0,0.0
Monitor and follow applicable laws and regulations.,0.9813,0.0063,0.0063,0.0063,0.0,0.0,0.0
"Monitor and observe experiments, recording production and test data for evaluation by research personnel.",0.6774,0.2903,0.0,0.0,0.0,0.0323,0.0
Monitor and record clients' progress to ensure that goals and objectives are met.,0.7241,0.1724,0.0,0.069,0.0345,0.0,0.0
Monitor bug resolution efforts and track successes.,0.8047,0.1484,0.0039000000000000003,0.0391,0.0039000000000000003,0.0,0.0
"Monitor changes affecting supply and demand, tracking market conditions, price trends, or futures markets.",0.9428,0.042300000000000004,0.004,0.0031,0.0042,0.0036,0.0
Monitor closed-circuit television cameras.,0.9679000000000001,0.0087,0.0,0.0204,0.0029,0.0,0.0
Monitor compliance systems to ensure their effectiveness.,0.9053,0.0533,0.0059,0.0355,0.0,0.0,0.0
Monitor customer preferences to determine focus of sales efforts.,0.7515000000000001,0.1091,0.0,0.12119999999999999,0.0182,0.0,0.0
Monitor daily stock prices and compute fluctuations to determine the need for additional collateral to secure loans.,0.8231,0.061500000000000006,0.0077,0.1,0.0077,0.0,0.0
"Monitor developments in the fields of industrial technology, business, finance, and economic theory.",0.9462999999999999,0.0036,0.0273,0.0091,0.01,0.0036,0.0
Monitor emerging trends regarding industry regulations to determine potential impacts on organizational processes.,0.8529000000000001,0.0,0.0,0.1471,0.0,0.0,0.0
"Monitor equipment functioning, observe temperature, level, and flow gauges, and perform regular unit checks to ensure that all equipment is operating as it should.",0.6537999999999999,0.34619999999999995,0.0,0.0,0.0,0.0,0.0
Monitor equipment to ensure proper operation.,0.8294,0.0748,0.009300000000000001,0.0818,0.0023,0.0023,0.0
"Monitor events, trends, and other circumstances, research specific subject areas, attend art exhibitions, and read art publications to develop ideas and keep current on art world activities.",0.8704000000000001,0.018500000000000003,0.0,0.11109999999999999,0.0,0.0,0.0
Monitor financial market trends to ensure that client plans are responsive.,0.9494,0.0301,0.0046,0.0046,0.005600000000000001,0.005600000000000001,0.0
Monitor functioning of equipment to ensure system operates in conformance with specifications.,0.8079999999999999,0.08,0.008,0.096,0.008,0.0,0.0
"Monitor fundamental economic, industrial, and corporate developments by analyzing information from financial publications and services, investment banking firms, government agencies, trade publications, company sources, or personal interviews.",0.9838,0.004,0.0043,0.0006,0.0046,0.0028000000000000004,0.0
"Monitor gauges and flowmeters and inspect equipment to ensure that tank levels, temperatures, chemical amounts, and pressures are at specified levels, reporting abnormalities as necessary.",0.7857,0.1429,0.0,0.035699999999999996,0.0,0.035699999999999996,0.0
"Monitor industry standards, trends, or practices to identify developments in logistics planning or execution.",0.9861,0.0139,0.0,0.0,0.0,0.0,0.0
Monitor inventory levels of products or materials in warehouses.,0.6977,0.2481,0.0078000000000000005,0.0155,0.031,0.0,0.0
"Monitor market conditions, innovations, and competitors' services, prices, and sales.",0.9206,0.0,0.0,0.0317,0.0317,0.0159,0.0
"Monitor market conditions, product innovations, and competitors' products, prices, and sales.",0.8617,0.0319,0.0106,0.0851,0.0106,0.0,0.0
Monitor markets or positions.,0.8763,0.030899999999999997,0.0036,0.0819,0.0073,0.0,0.0
Monitor network performance to determine whether adjustments are needed and where changes will be needed in the future.,0.7619,0.09519999999999999,0.0,0.1429,0.0,0.0,0.0
"Monitor operations to ensure compliance with applicable health, safety, or hygiene standards.",0.8676,0.1324,0.0,0.0,0.0,0.0,0.0
"Monitor operations to ensure that staff members comply with administrative policies and procedures, safety rules, union contracts, environmental policies, or government regulations.",0.875,0.056799999999999996,0.0,0.0682,0.0,0.0,0.0
"Monitor operations to identify and solve problems, improve work methods, and ensure compliance with safety, company, and government regulations.",0.8956999999999999,0.0872,0.0017000000000000001,0.0137,0.0017000000000000001,0.0,0.0
Monitor or analyze market and environmental trends.,0.9647,0.0176,0.005,0.0034000000000000002,0.0046,0.0046,0.0
Monitor or track project milestones and deliverables.,0.8957999999999999,0.0313,0.0,0.0625,0.0104,0.0,0.0
Monitor patients' conditions and progress and reevaluate treatments as necessary.,0.64,0.08,0.0,0.28,0.0,0.0,0.0
Monitor patients' medication usage and results.,0.7778,0.16670000000000001,0.0,0.0556,0.0,0.0,0.0
"Monitor patients' performance in therapy activities, providing encouragement.",0.381,0.381,0.047599999999999996,0.1905,0.0,0.0,0.0
"Monitor patrons' facility use to ensure that rules and regulations are followed, and safety and order are maintained.",0.8506,0.092,0.0,0.0575,0.0,0.0,0.0
"Monitor process indicators, instruments, gauges, and meters to detect and report any possible problems.",0.8548,0.1452,0.0,0.0,0.0,0.0,0.0
Monitor product quality to ensure compliance with standards and specifications.,0.8031999999999999,0.008,0.0,0.0023,0.0068000000000000005,0.1797,0.0
Monitor program performance to ensure efficient and problem-free operations.,0.8181999999999999,0.0361,0.0013,0.1423,0.002,0.0001,0.0
Monitor project milestones and deliverables.,0.7368000000000001,0.23309999999999997,0.0,0.015,0.015,0.0,0.0
Monitor sales activities to ensure that customers receive satisfactory service and quality goods.,0.8919,0.036000000000000004,0.0,0.0721,0.0,0.0,0.0
Monitor sales staff performance to ensure that goals are met.,0.8276,0.0,0.0,0.1379,0.0345,0.0,0.0
"Monitor security policies, programs or procedures to ensure compliance with internal security policies, or applicable government security requirements, policies, and directives.",0.88,0.07,0.0,0.03,0.0,0.02,0.0
Monitor security system performance logs to identify problems and notify security specialists when problems occur.,0.8912,0.0408,0.0,0.068,0.0,0.0,0.0
Monitor status of loans and accounts to ensure that payments are up to date.,0.7097,0.129,0.0,0.1613,0.0,0.0,0.0
Monitor system operation to detect potential problems.,0.7214,0.023700000000000002,0.0008,0.2525,0.0011,0.0004,0.0
"Monitor systems for intrusions or denial of service attacks, and report security breaches to appropriate personnel.",0.8621,0.0424,0.0,0.08220000000000001,0.0053,0.008,0.0
"Monitor testing procedures to ensure that all tests are performed according to established item specifications, standard test methods, or protocols.",0.7652,0.1391,0.0,0.087,0.0087,0.0,0.0
"Monitor the facility to ensure that it remains safe, secure, and well-maintained.",0.8266,0.0805,0.0031,0.0898,0.0,0.0,0.0
Monitor visitors' activities to ensure compliance with establishment or tour regulations and safety practices.,0.7143,0.1905,0.047599999999999996,0.047599999999999996,0.0,0.0,0.0
Monitor work productivity or quality to ensure compliance with standard operating procedures.,0.8736,0.0668,0.0012,0.045,0.0,0.0134,0.0
"Monitor, evaluate, and record client progress according to measurable goals described in treatment and care plan.",0.5556,0.16670000000000001,0.0,0.16670000000000001,0.11109999999999999,0.0,0.0
"Monitor, evaluate, or record training activities or program effectiveness.",0.9227,0.010700000000000001,0.0027,0.013300000000000001,0.008,0.042699999999999995,0.0
"Monitor, note, report, and investigate suspicious persons and situations, safety hazards, and unusual or illegal activity in patrol area.",0.8571,0.102,0.0,0.030600000000000002,0.0102,0.0,0.0
"Monitor, record, and report symptoms or changes in patients' conditions.",0.6452,0.22579999999999997,0.0,0.0645,0.0,0.0645,0.0
Negotiate claim settlements or recommend litigation when settlement cannot be negotiated.,0.6765000000000001,0.2353,0.0294,0.0294,0.0,0.0294,0.0
Negotiate contractual agreements.,0.6327,0.2959,0.0204,0.030600000000000002,0.0102,0.0102,0.0
Negotiate details of contracts and payments.,0.6207,0.3448,0.0,0.0345,0.0,0.0,0.0
Negotiate prices or terms of sales or service agreements.,0.6501,0.30219999999999997,0.002,0.0417,0.004,0.0,0.0
Network within communities to find and attract new business.,0.9041,0.041100000000000005,0.0,0.0548,0.0,0.0,0.0
Notify command of situation and request assistance.,0.8502,0.061200000000000004,0.0031,0.08259999999999999,0.0031,0.0,0.0
"Notify consignees, passengers, or customers of freight or baggage arrival and arrange for delivery.",0.9412,0.0118,0.0,0.0471,0.0,0.0,0.0
Notify instructors of errors or problems with assignments.,0.7931,0.10339999999999999,0.0,0.069,0.0345,0.0,0.0
Notify supervisors or other appropriate personnel when security breaches occur.,0.8286,0.0429,0.0,0.1286,0.0,0.0,0.0
Notify supervisors or other personnel of production problems.,0.9125,0.0375,0.0,0.05,0.0,0.0,0.0
"Observe and influence patients' behavior, communicating and interacting with them and teaching, counseling, or befriending them.",0.3121,0.1206,0.0,0.5461,0.014199999999999999,0.0070999999999999995,0.0
Observe and monitor children's play activities.,0.7143,0.09519999999999999,0.0,0.1905,0.0,0.0,0.0
Observe and monitor staff performance to ensure efficient operations and adherence to facility's policies and procedures.,0.8584,0.0867,0.0,0.0434,0.0087,0.0029,0.0
"Observe and record patients' progress, attitudes, and behavior and maintain this information in client records.",0.6111,0.11109999999999999,0.11109999999999999,0.16670000000000001,0.0,0.0,0.0
"Observe and report on social, economic, and political trends that might affect employers.",0.9379000000000001,0.0069,0.0,0.0483,0.0069,0.0,0.0
"Observe or examine patients to detect symptoms that may require medical attention, such as bruises, open wounds, or blood in urine.",0.9795999999999999,0.0,0.0,0.0,0.0204,0.0,0.0
Observe participants and inform them of corrective measures necessary for skill improvement.,0.5,0.1818,0.1818,0.0455,0.0,0.0909,0.0
"Observe the current system in operation, and gather and analyze information about each of the component problems, using a variety of sources.",0.7519,0.1986,0.0116,0.012,0.0218,0.0040999999999999995,0.0
"Observe, interview, and assess patients to identify care needs.",0.2759,0.4483,0.0,0.069,0.0,0.2069,0.0
"Obtain and assemble data to complete architectural designs, visiting job sites to compile measurements as necessary.",0.9167000000000001,0.0667,0.0167,0.0,0.0,0.0,0.0
"Obtain and evaluate information on factors such as reporting formats required, costs, or security needs to determine hardware configuration.",1.0,0.0,0.0,0.0,0.0,0.0,0.0
"Obtain and examine all relevant information to assess validity of complaints and to determine possible causes, such as extreme weather conditions that could increase utility bills.",0.8412999999999999,0.11109999999999999,0.0317,0.0,0.0,0.0159,0.0
"Obtain and process information required for the provision of services, such as opening accounts, savings plans, and purchasing bonds.",0.4697,0.2576,0.0,0.2727,0.0,0.0,0.0
"Obtain and record accurate patient history, including prior test results or information from physical examinations.",0.5577000000000001,0.3077,0.0,0.1346,0.0,0.0,0.0
"Obtain and record patient information, including patient identification, medical history, and examination results.",0.6818000000000001,0.2273,0.0,0.0682,0.0227,0.0,0.0
"Obtain and study information about clients' products, needs, problems, advertising history, and business practices to offer effective sales presentations and appropriate product assistance.",0.92,0.0368,0.0022,0.031400000000000004,0.0097,0.0,0.0
Obtain and verify evidence by interviewing and observing suspects and witnesses or by analyzing records.,0.7419,0.0323,0.0323,0.0968,0.0323,0.0645,0.0
"Obtain customers' names, addresses, and billing information, product numbers, and specifications of items to be purchased, and enter this information on order forms.",0.5854,0.1463,0.0,0.2439,0.024399999999999998,0.0,0.0
"Obtain information needed to complete legal documents, such as death certificates or burial permits.",0.705,0.17,0.0,0.105,0.015,0.005,0.0
"Obtain, organize, or develop training procedure manuals, guides, or course materials, such as handouts or visual materials.",0.9205,0.0159,0.004,0.0066,0.050300000000000004,0.0026,0.0
Offer counsel and comfort to bereaved families or friends.,0.4343,0.10099999999999999,0.060599999999999994,0.3737,0.030299999999999997,0.0,0.0
Offer counsel and comfort to families and friends of the deceased.,0.4375,0.0,0.0313,0.5313,0.0,0.0,0.0
Offer specific training programs to help workers maintain or improve job skills.,0.8332999999999999,0.0556,0.0556,0.0,0.0,0.0556,0.0
"Open, read, route, and distribute incoming mail or other materials and answer routine letters.",0.9669,0.0083,0.0,0.0248,0.0,0.0,0.0
"Open, sort, and distribute incoming correspondence, including faxes and email.",0.9634,0.012199999999999999,0.0,0.024399999999999998,0.0,0.0,0.0
Operate and calibrate computer systems and devices to comply with test requirements and to perform data acquisition and analysis.,0.7938,0.15460000000000002,0.0,0.051500000000000004,0.0,0.0,0.0
"Operate and manage land-information computer systems, performing tasks such as storing data, making inquiries, and producing plots and reports.",0.8695999999999999,0.10869999999999999,0.0,0.0217,0.0,0.0,0.0
Operate computer-assisted engineering or design software or equipment to perform engineering tasks.,0.7937000000000001,0.16670000000000001,0.0,0.0079,0.0278,0.004,0.0
"Operate desktop publishing software and equipment to design, lay out, and produce camera-ready copy.",0.7143,0.07139999999999999,0.0,0.0,0.2143,0.0,0.0
Operate master consoles to monitor the performance of computer systems and networks and to coordinate computer network access and use.,0.875,0.0208,0.0,0.1042,0.0,0.0,0.0
"Operate scanners or related computer equipment to digitize negatives, photographic prints, or other images.",0.9573999999999999,0.0213,0.0,0.0106,0.0106,0.0,0.0
"Operate various types of equipment, such as computer scanning equipment, addressographs, mimeographs, optical character readers, and bar-code sorters.",0.963,0.037000000000000005,0.0,0.0,0.0,0.0,0.0
Optimize Web site exposure by analyzing search engine patterns to direct online placement of keywords or other content.,0.9512999999999999,0.021099999999999997,0.006500000000000001,0.0049,0.016200000000000003,0.0,0.0
"Optimize digital assets, such as text, graphics, or multimedia assets, for search engine optimization (SEO) or for display and usability on internet-connected devices.",0.8358,0.08960000000000001,0.0,0.0,0.0746,0.0,0.0
"Order parts, supplies, or equipment from catalogs or suppliers.",0.75,0.125,0.0,0.0625,0.0625,0.0,0.0
"Organize data, and analyze and interpret its authenticity and relative significance.",0.9359999999999999,0.008,0.024,0.0,0.008,0.024,0.0
"Organize material and complete writing assignment according to set standards regarding order, clarity, conciseness, style, and terminology.",0.9732,0.0092,0.0006,0.0045000000000000005,0.011399999999999999,0.001,0.0
"Organize or work with detailed office or warehouse records, using computers to enter, access, search or retrieve data.",0.8493999999999999,0.0913,0.0026,0.0346,0.0209,0.0013,0.0
Oversee the daily performance of computer systems.,0.8222,0.027200000000000002,0.0011,0.1466,0.0023,0.0006,0.0
"Participate in architectural and engineering planning and design, including space and installation management.",0.8587,0.087,0.0,0.0109,0.0435,0.0,0.0
Participate in games for gambling establishments to provide the minimum complement of players at a table.,0.5769,0.40380000000000005,0.0,0.0192,0.0,0.0,0.0
Participate in internal or external audits.,0.9390000000000001,0.024399999999999998,0.0,0.0,0.024399999999999998,0.012199999999999999,0.0
"Participate in new product planning or market research, including studying the potential need for new products.",0.7857,0.1429,0.0,0.0,0.035699999999999996,0.035699999999999996,0.0
"Participate in product design reviews to provide input on functional requirements, product designs, schedules, or potential problems.",0.7436,0.1282,0.0,0.07690000000000001,0.0256,0.0256,0.0
Participate in the assessment and review of design alternatives and design change proposal impacts.,0.9333,0.0,0.0,0.0,0.0,0.0667,0.0
Participate in the development of product specifications.,0.7437999999999999,0.0652,0.006500000000000001,0.0078000000000000005,0.1714,0.0052,0.0
"Participate in the development of specifications for equipment, products, or substitute materials.",0.7476,0.0728,0.0097,0.0146,0.1359,0.0194,0.0
"Participate in the hiring process by reviewing credentials, conducting interviews, or making hiring decisions or recommendations.",0.9756999999999999,0.0104,0.0,0.0,0.0139,0.0,0.0
Participate in the preparation of reports or scientific publications.,0.7709999999999999,0.0548,0.0097,0.0097,0.1452,0.0097,0.0
Participate in the publication of data or information.,0.8695999999999999,0.087,0.0,0.0435,0.0,0.0,0.0
"Perform Web site tests according to planned schedules, or after any Web site or product revision.",0.8097,0.1678,0.0,0.0034999999999999996,0.0069,0.0121,0.0
"Perform accounting duties, such as bookkeeping, billing customers for services, or maintaining inventories.",0.8889,0.0667,0.0,0.0222,0.0222,0.0,0.0
"Perform administrative duties, such as compiling and maintaining records, completing forms, preparing reports, or composing correspondence.",0.8140000000000001,0.04650000000000001,0.0,0.0698,0.0698,0.0,0.0
"Perform administrative or business management tasks, such as scheduling appointments, accepting payments from clients, budgeting, or maintaining business records.",0.8112999999999999,0.1509,0.0,0.0377,0.0,0.0,0.0
"Perform administrative support tasks, such as proofreading, transcribing handwritten information, or operating calculators or computers to work with pay records, invoices, balance sheets, or other documents.",0.9388,0.061200000000000004,0.0,0.0,0.0,0.0,0.0
"Perform administrative tasks, such as accepting orders, scheduling appointments or meeting rooms, or sending and receiving faxes.",0.8506,0.1379,0.0,0.0,0.0115,0.0,0.0
"Perform and document an initial exam, evaluating data to identify problems and determine a diagnosis prior to intervention.",0.9620000000000001,0.0127,0.0042,0.0,0.0,0.021099999999999997,0.0
"Perform budgeting duties, such as assisting in budget preparation, expenditure review, or budget administration.",0.8332999999999999,0.07139999999999999,0.023799999999999998,0.0079,0.0635,0.0,0.0
"Perform business management duties, such as maintaining records or files, preparing reports, or ordering supplies or equipment.",0.9375,0.0,0.0,0.0313,0.0313,0.0,0.0
"Perform clerical duties, such as filing, typing, operating switchboards, or routing mail and messages.",0.9053,0.023700000000000002,0.0007000000000000001,0.0674,0.0022,0.0007000000000000001,0.0
"Perform clerical duties, such as scheduling appointments, collecting data, or documenting health insurance billings.",0.85,0.05,0.05,0.05,0.0,0.0,0.0
"Perform complex calculations as part of the analysis and evaluation of data, using computers.",0.9046,0.051699999999999996,0.0051,0.0034000000000000002,0.009300000000000001,0.0259,0.0
Perform computations and apply methods of numerical analysis to data.,0.9214,0.059699999999999996,0.0,0.0,0.0063,0.0126,0.0
"Perform computer programming, data analysis, or software development for Geographic Information Systems (GIS) applications, including the maintenance of existing systems or research and development for future enhancements.",0.7807999999999999,0.16440000000000002,0.0,0.0,0.0548,0.0,0.0
"Perform contract administration duties, assisting with bid openings or the awarding of contracts.",0.8845999999999999,0.07690000000000001,0.0,0.0,0.0,0.0385,0.0
"Perform cost-benefit analyses to compare operating programs, review financial requests, or explore alternative financing methods.",0.6667000000000001,0.0,0.22219999999999998,0.0,0.11109999999999999,0.0,0.0
Perform crisis interventions with clients.,0.1301,0.2114,0.0325,0.6098,0.0,0.0163,0.0
Perform data backups and disaster recovery operations.,0.9403,0.029900000000000003,0.0,0.024900000000000002,0.005,0.0,0.0
"Perform data entry and data retrieval services, providing data for inclusion in medical records and for transmission to physicians.",0.9111,0.0667,0.0,0.0,0.0222,0.0,0.0
Perform data entry and other clerical work as required for project completion.,0.7917000000000001,0.125,0.0,0.0417,0.0417,0.0,0.0
"Perform database verifications, using computers.",0.9439,0.0049,0.0006,0.0182,0.0008,0.0316,0.0
"Perform failure, variation, or root cause analyses.",0.7955,0.11359999999999999,0.0,0.0227,0.0682,0.0,0.0
"Perform financial calculations, such as amounts due, interest charges, balances, discounts, equity, and principal.",0.8501000000000001,0.0404,0.017,0.0068000000000000005,0.0735,0.012199999999999999,0.0
"Perform general administrative tasks, such as keeping records or writing reports.",1.0,0.0,0.0,0.0,0.0,0.0,0.0
"Perform general administrative tasks, such as taking attendance, editing internal paperwork, and making phone calls.",0.8672,0.0536,0.0004,0.0634,0.0139,0.0015,0.0
"Perform humorous and serious interpretations of emotions, actions, and situations, using body movements, facial expressions, and gestures.",0.2444,0.5778,0.0,0.1333,0.0333,0.0111,0.0
"Perform initial debugging procedures by reviewing configuration files, logs, or code pieces to determine breakdown source.",0.7637,0.1441,0.0194,0.0275,0.0113,0.034,0.0
Perform marketing and public relations activities.,0.8889,0.0575,0.0038,0.0345,0.015300000000000001,0.0,0.0
Perform narration of productions or present announcements.,0.7475,0.24239999999999998,0.0101,0.0,0.0,0.0,0.0
Perform needs assessments or consult with clients to determine the types of research and information required.,0.5904,0.1328,0.0148,0.2288,0.018500000000000003,0.0148,0.0
"Perform ongoing hardware and software maintenance operations, including installing or upgrading hardware or software.",0.6576000000000001,0.2981,0.0068000000000000005,0.0182,0.019299999999999998,0.0,0.0
Perform or direct Web site updates.,0.6609,0.1597,0.0023,0.008100000000000001,0.1674,0.0015,0.0
"Perform or direct revision, repair, or expansion of existing programs to increase operating efficiency or adapt to new requirements.",0.6382,0.188,0.006500000000000001,0.0023,0.1638,0.0011,0.0
"Perform or evaluate research, such as detailed company or industry analyses, to inform financial forecasting, decision making, or valuation.",0.8992,0.08449999999999999,0.0027,0.0027,0.0027,0.008199999999999999,0.0
"Perform or evaluate the results of diagnostic tests, such as radiographs (x-rays) and electrocardiograms (EKGs).",0.9459000000000001,0.027000000000000003,0.0,0.0,0.0,0.027000000000000003,0.0
"Perform or interpret the outcomes of diagnostic imaging procedures including magnetic resonance imaging (MRI), computer tomography (CT), positron emission tomography (PET), nuclear cardiology treadmill studies, mammography, or ultrasound.",0.9852,0.0,0.0,0.0074,0.0,0.0074,0.0
"Perform personnel duties, such as hiring staff and evaluating work performance.",0.8787999999999999,0.0909,0.0,0.0,0.030299999999999997,0.0,0.0
"Perform quality control audits to ensure accuracy, completeness, or proper usage of clinical systems and data.",0.8968,0.0032,0.0,0.0097,0.0032,0.08710000000000001,0.0
Perform risk analyses so that appropriate countermeasures can be developed.,0.9274,0.040999999999999995,0.0075,0.0014000000000000002,0.004699999999999999,0.0179,0.0
Perform risk assessments and execute tests of data processing system to ensure functioning of data processing activities and security measures.,0.878,0.09759999999999999,0.0,0.012199999999999999,0.0,0.012199999999999999,0.0
Perform risk assessments to develop response strategies.,0.9359999999999999,0.0316,0.0031,0.0146,0.0062,0.0085,0.0
"Perform routine network startup and shutdown procedures, and maintain control records.",0.8462000000000001,0.0385,0.0,0.07690000000000001,0.0385,0.0,0.0
"Perform routine system administrative functions, such as troubleshooting, back-ups, or upgrades.",0.7389,0.21170000000000003,0.0051,0.0285,0.0146,0.0011,0.0
"Perform sales floor work, such as greeting or assisting customers, stocking shelves, or taking inventory.",0.19329999999999997,0.0126,0.0084,0.7857,0.0,0.0,0.0
Perform securities valuation or pricing.,0.8529000000000001,0.1471,0.0,0.0,0.0,0.0,0.0
Perform security analyses of developed or packaged software components.,0.9172,0.038900000000000004,0.0019,0.0032,0.0048,0.034,0.0
"Perform statistical analyses, such as social network pattern analysis, network modeling, discrete event simulation, agent-based modeling, statistical natural language processing, computational sociology, mathematical optimization, or systems dynamics.",0.7917000000000001,0.0833,0.0,0.0,0.125,0.0,0.0
Perform statistical analysis of environmental data.,0.9167000000000001,0.0833,0.0,0.0,0.0,0.0,0.0
"Perform system analysis, data analysis or programming, using a variety of computer languages and procedures.",0.8051999999999999,0.1483,0.005600000000000001,0.006500000000000001,0.0331,0.0013,0.0
Perform tax planning work.,0.8632,0.0526,0.0,0.0,0.0526,0.0316,0.0
Perform user testing or usage analyses to determine Web sites' effectiveness or usability.,0.875,0.0625,0.0625,0.0,0.0,0.0,0.0
"Perform validation and testing of models to ensure adequacy, and reformulate models, as necessary.",0.7240000000000001,0.21350000000000002,0.0052,0.0052,0.0365,0.015600000000000001,0.0
Perform validations or transfers of analytical methods in accordance with applicable policies or guidelines.,0.9521999999999999,0.0159,0.0,0.008,0.008,0.0159,0.0
"Perform various administrative tasks, such as typing documents or answering telephone calls.",0.8277,0.0518,0.0,0.11199999999999999,0.0084,0.0,0.0
"Perform various data entry or word processing tasks, such as updating phone directories, typing or proofreading documents, or creating schedules.",0.9815,0.0053,0.0,0.0132,0.0,0.0,0.0
Perform visual inspections of finished products.,0.9645,0.0045000000000000005,0.0006,0.0,0.0023,0.0282,0.0
"Plan and carry out work assignments, using blueprints, schematic drawings, technical manuals, wiring diagrams, or liquid or air flow sheets, following prescribed regulations, directives, or other instructions as required.",0.9,0.0364,0.0,0.0636,0.0,0.0,0.0
"Plan and conduct activities for a balanced program of instruction, demonstration, and work time that provides students with opportunities to observe, question, and investigate.",0.6623,0.0779,0.0519,0.039,0.16879999999999998,0.0,0.0
Plan and conduct special research projects in area of interest or expertise.,0.87,0.03,0.05,0.03,0.01,0.01,0.0
Plan and coordinate advertising campaigns and sales promotions and prepare merchandise displays and advertising copy.,0.6349,0.127,0.0,0.0317,0.20629999999999998,0.0,0.0
"Plan and deliver client-centered programs and services, such as special services for corporate clients, storytelling for children, newsletters, or programs for special groups.",0.9048,0.047599999999999996,0.0,0.0,0.047599999999999996,0.0,0.0
"Plan and develop pre-production ideas into outlines, scripts, story boards, and graphics, using own ideas or specifications of assignments.",0.8711,0.0218,0.0008,0.0017000000000000001,0.1038,0.0008,0.0
Plan and establish sequence of operations to fabricate and assemble parts or products and to promote efficient utilization.,0.5359,0.4475,0.0055000000000000005,0.0,0.011000000000000001,0.0,0.0
"Plan and establish work schedules, assignments, and production sequences to meet production goals.",0.9059,0.054000000000000006,0.0013,0.01,0.028900000000000002,0.0,0.0
Plan and execute advertising policies and strategies for organizations.,0.6452,0.1613,0.0323,0.0323,0.129,0.0,0.0
Plan and modify product configurations to meet customer needs.,0.5519,0.16879999999999998,0.006500000000000001,0.006500000000000001,0.2662,0.0,0.0
"Plan and prepare advertising and promotional material to increase sales of products or services, working with customers, company officials, sales departments, and advertising agencies.",0.8081,0.0325,0.0007000000000000001,0.0066,0.152,0.0,0.0
"Plan and prepare food for parties, holiday meals, luncheons, special functions, and other social events.",0.9048,0.0,0.0,0.047599999999999996,0.0,0.047599999999999996,0.0
"Plan and schedule programming and event coverage, based on broadcast length, time availability, and other factors, such as community needs, ratings data, and viewer demographics.",0.7037,0.0741,0.0,0.037000000000000005,0.1852,0.0,0.0
"Plan arrangement according to client's requirements, using knowledge of design and properties of materials, or select appropriate standard design pattern.",0.8765000000000001,0.037000000000000005,0.0040999999999999995,0.0165,0.0617,0.0040999999999999995,0.0
"Plan data collection methods for specific projects, and determine the types and sizes of sample groups to be used.",0.7706000000000001,0.045899999999999996,0.0092,0.0,0.1743,0.0,0.0
"Plan details such as framing, composition, camera movement, sound, and actor movement for each shot or scene.",0.8081999999999999,0.0327,0.0,0.008199999999999999,0.151,0.0,0.0
Plan layouts of structural architectural projects.,0.675,0.2,0.0,0.0,0.125,0.0,0.0
Plan menus according to employers' needs and diet restrictions.,0.8548,0.0207,0.0,0.0124,0.11199999999999999,0.0,0.0
"Plan menus that are varied, nutritionally balanced, and appetizing, taking advantage of foods in season and local availability.",0.7602,0.0,0.0040999999999999995,0.012199999999999999,0.2236,0.0,0.0
"Plan or conduct activities for a balanced program of instruction, demonstration, and work time that provides students with opportunities to observe, question, and investigate.",0.7037,0.037000000000000005,0.037000000000000005,0.0741,0.1481,0.0,0.0
"Plan or conduct market or public opinion research to test products or determine potential for product success, communicating results to client or management.",0.7373999999999999,0.0404,0.030299999999999997,0.17170000000000002,0.0202,0.0,0.0
Plan or implement improvements to internal or external systems or processes.,0.7909999999999999,0.09359999999999999,0.0086,0.025,0.0788,0.0031,0.0
Plan programs of events or schedules of activities.,0.7994,0.0479,0.003,0.015,0.1317,0.003,0.0
"Plan project arrangements or outlines, and organize material accordingly.",0.8925,0.0288,0.0,0.015600000000000001,0.061900000000000004,0.0013,0.0
Plan test schedules or strategies in accordance with project scope or delivery dates.,0.8125,0.1125,0.0125,0.0,0.0625,0.0,0.0
"Plan the contents of publications according to the publication's style, editorial policy, and publishing requirements.",0.8571,0.0,0.0,0.0,0.09519999999999999,0.047599999999999996,0.0
"Plan work assignments and equipment allocations to meet transportation, operations or production goals.",0.8047,0.172,0.0,0.0197,0.0018,0.0018,0.0
"Plan work procedures, using charts, technical manuals, and experience.",0.8743000000000001,0.061200000000000004,0.005699999999999999,0.045700000000000005,0.011399999999999999,0.0016,0.0
"Plan, coordinate, and implement network security measures to protect data, software, and hardware.",0.7115,0.23079999999999998,0.0192,0.0,0.0385,0.0,0.0
"Plan, coordinate, and implement security measures to safeguard information in computer files against accidental or unauthorized damage, modification or disclosure.",0.7147,0.17800000000000002,0.0169,0.036699999999999997,0.048,0.005600000000000001,0.0
"Plan, evaluate, or modify treatment programs, based on information gathered by observing and interviewing patients or by analyzing patient records.",0.8811,0.0984,0.0123,0.0,0.0,0.008199999999999999,0.0
"Plan, prepare, and develop various teaching aids, such as bibliographies, charts, and graphs.",0.7478,0.0348,0.0,0.0,0.21739999999999998,0.0,0.0
"Portray and interpret roles, using speech, gestures, and body movements, to entertain, inform, or instruct radio, film, television, or live audiences.",0.2483,0.6302,0.0055000000000000005,0.0843,0.031,0.0007000000000000001,0.0
"Position text and art elements from a variety of databases in a visually appealing way to design print or web pages, using knowledge of type styles and size and layout patterns.",0.8441,0.0296,0.0,0.002,0.1243,0.0,0.0
Post and update content on the company's Web site and social media outlets.,0.8591,0.0635,0.0,0.011000000000000001,0.0663,0.0,0.0
Post or attach information to claim file.,0.8966,0.069,0.0,0.0345,0.0,0.0,0.0
Pray and promote spirituality.,0.6365999999999999,0.0355,0.1202,0.16940000000000002,0.0137,0.0246,0.0
"Prepare activity reports to inform management of the status and implementation plans of programs, services, and quality initiatives.",0.9470999999999999,0.0194,0.0,0.0167,0.015,0.0018,0.0
Prepare adjusting journal entries.,0.9034,0.051100000000000007,0.011399999999999999,0.005699999999999999,0.017,0.011399999999999999,0.0
"Prepare administrative, technical, or statistical reports on traffic-operation matters, such as accidents, safety measures, or pedestrian volume or practices.",0.9434,0.0189,0.0,0.0,0.0377,0.0,0.0
Prepare all materials for transactions or execution of deals.,0.75,0.0885,0.0052,0.0,0.125,0.0313,0.0
"Prepare and deliver lectures to undergraduate or graduate students on topics such as financial accounting, principles of marketing, and operations management.",0.8125,0.0313,0.125,0.0,0.0313,0.0,0.0
"Prepare and deliver lectures to undergraduate or graduate students on topics such as linear algebra, differential equations, and discrete mathematics.",0.75,0.0,0.20829999999999999,0.0,0.0,0.0417,0.0
"Prepare and deliver news, sports, or weather reports, gathering and rewriting material so that it will convey required information and fit specific time slots.",0.96,0.0,0.0,0.0,0.04,0.0,0.0
Prepare and deliver sales presentations to new and existing customers to sell new advertising programs and to protect and increase existing advertising.,0.9403,0.0199,0.005,0.0149,0.0149,0.005,0.0
Prepare and deliver technical presentations that explain products or services to customers and prospective customers.,0.7988,0.10619999999999999,0.0354,0.0455,0.0131,0.001,0.0
"Prepare and distribute leaflets, pamphlets, and visual aids for educational and informational purposes.",0.6833,0.0333,0.0,0.0,0.2833,0.0,0.0
Prepare and file annual tax returns or prepare financial information so that outside accountants can complete tax returns.,0.8732,0.08449999999999999,0.0,0.0,0.042300000000000004,0.0,0.0
"Prepare and maintain a directory of suppliers, contractors and subcontractors.",0.85,0.125,0.0,0.0,0.025,0.0,0.0
"Prepare and maintain logs, reports, or other documentation of work performed.",0.8613,0.049400000000000006,0.0014000000000000002,0.0693,0.0173,0.0013,0.0
"Prepare and maintain records and case files, including documentation, such as clients' personal and eligibility information, services provided, narratives of client contacts, or relevant correspondence.",0.8621,0.069,0.0345,0.0345,0.0,0.0,0.0
"Prepare and maintain records detailing tests, repairs, and maintenance.",0.8889,0.0556,0.0,0.0278,0.0278,0.0,0.0
"Prepare and maintain work records and reports of information such as employee time and wages, daily receipts, or inspection results.",0.7778,0.16670000000000001,0.0,0.0,0.0,0.0556,0.0
Prepare and review operational reports and schedules to ensure accuracy and efficiency.,0.9470999999999999,0.0248,0.0016,0.0192,0.0064,0.0008,0.0
Prepare and review operational reports or project progress reports.,0.9348000000000001,0.028300000000000002,0.0002,0.014499999999999999,0.0203,0.0019,0.0
Prepare and send requests for price quotations to all companies in a particular market.,0.7358,0.1887,0.0,0.0189,0.056600000000000004,0.0,0.0
Prepare appropriate formatting to data sets as requested.,0.9649,0.016399999999999998,0.0002,0.0097,0.0085,0.0004,0.0
Prepare brochures and write newspaper articles.,0.9623999999999999,0.0,0.0,0.0054,0.0323,0.0,0.0
"Prepare capability data, training materials, or other documentation for transfer of processes to production.",0.875,0.0625,0.0625,0.0,0.0,0.0,0.0
Prepare comprehensive interpretive reports of findings.,0.973,0.0054,0.0,0.0,0.0216,0.0,0.0
"Prepare conference or event materials, such as flyers or invitations.",0.8511,0.0426,0.0070999999999999995,0.0070999999999999995,0.0922,0.0,0.0
Prepare correspondence to inform concerned parties of licensing decisions or appeals processes.,0.9762000000000001,0.023799999999999998,0.0,0.0,0.0,0.0,0.0
"Prepare correspondence, reports of inspections or investigations, or recommendations for action.",0.8981,0.0355,0.0021,0.0548,0.0073,0.0021,0.0
"Prepare course materials, such as syllabi, homework assignments, and handouts.",0.7742,0.0323,0.0,0.0,0.1935,0.0,0.0
"Prepare course materials, such as syllabi, homework assignments, or handouts.",0.8723000000000001,0.0213,0.0,0.0,0.10640000000000001,0.0,0.0
"Prepare data analysis listings and activity, performance, or progress reports.",0.9634,0.0129,0.0002,0.003,0.0197,0.0008,0.0
"Prepare data for processing by organizing information, checking for inaccuracies, and adjusting and weighting the raw data.",0.9505,0.0281,0.0011,0.0129,0.0064,0.0009,0.0
"Prepare data summaries, reports, or analyses that include results, charts, or graphs to document research findings and results.",0.9444,0.018500000000000003,0.009300000000000001,0.0,0.0278,0.0,0.0
Prepare design presentations and proposals for staff or customers.,0.6537999999999999,0.0385,0.0385,0.07690000000000001,0.15380000000000002,0.0385,0.0
"Prepare detailed network specifications, including diagrams, charts, equipment configurations, or recommended technologies.",0.6667000000000001,0.0,0.0556,0.0556,0.22219999999999998,0.0,0.0
"Prepare detailed reports or design statements, based on results of validation and qualification tests or reviews of procedures and protocols.",1.0,0.0,0.0,0.0,0.0,0.0,0.0
Prepare detailed storyboards showing sequence and timing of story development for television production.,0.9109,0.023799999999999998,0.0,0.002,0.0634,0.0,0.0
"Prepare detailed workflow charts and diagrams that describe input, output, and logical operation, and convert them into a series of instructions coded in a computer language.",0.8626999999999999,0.0441,0.0049,0.0049,0.0833,0.0,0.0
Prepare diagnostic or treatment reports for other medical practitioners or therapists.,0.9754,0.0,0.0,0.008199999999999999,0.008199999999999999,0.008199999999999999,0.0
"Prepare documentation containing information such as confidential descriptions or specifications of proprietary hardware or software, product development or introduction schedules, product costs, or information about product performance weaknesses.",0.9027,0.032400000000000005,0.0019,0.0038,0.057300000000000004,0.0019,0.0
Prepare documentation for case reports or court proceedings.,0.9825,0.0175,0.0,0.0,0.0,0.0,0.0
Prepare documentation for new manufacturing processes or engineering procedures.,0.7917000000000001,0.0417,0.0,0.0,0.16670000000000001,0.0,0.0
"Prepare documentation or presentations, including charts, photos, or graphs.",0.8065000000000001,0.0538,0.0108,0.0,0.129,0.0,0.0
"Prepare documents and correspondence, such as damage claims, credit and billing inquiries, invoices, and service complaints.",0.8046,0.046,0.0,0.0,0.1379,0.0115,0.0
"Prepare documents, such as invoices or warranties.",0.6333,0.2,0.0,0.0,0.16670000000000001,0.0,0.0
"Prepare drawings, estimates, and bids that meet specific customer needs.",0.5625,0.0625,0.0,0.0,0.375,0.0,0.0
"Prepare electronic commerce designs or prototypes, such as storyboards, mock-ups, or other content, using graphics design software.",0.9043000000000001,0.0191,0.0,0.0,0.0766,0.0,0.0
Prepare energy-related project reports or related documentation.,0.9043000000000001,0.026099999999999998,0.0,0.0,0.0696,0.0,0.0
"Prepare estimates used by management for purposes such as planning, organizing, and scheduling work.",0.9737,0.0,0.0,0.0,0.0263,0.0,0.0
"Prepare evaluations of software or hardware, and recommend improvements or upgrades.",0.8579000000000001,0.020099999999999996,0.021099999999999997,0.0111,0.018600000000000002,0.0712,0.0
"Prepare financial or regulatory reports required by laws, regulations, or boards of directors.",0.8387,0.1613,0.0,0.0,0.0,0.0,0.0
Prepare financial reports to monitor client or corporate finances.,0.8395999999999999,0.0472,0.0,0.004699999999999999,0.1038,0.004699999999999999,0.0
"Prepare forecasts or briefings to meet the needs of industry, business, government, or other groups.",0.9818000000000001,0.0,0.0,0.0182,0.0,0.0,0.0
"Prepare geometric layouts from graphic displays, using computer-assisted drafting software or drafting instruments and graph paper.",0.7895,0.10529999999999999,0.0,0.0,0.10529999999999999,0.0,0.0
Prepare graphic representations or drawings of proposed plans or designs.,0.7831,0.0843,0.0,0.012,0.12050000000000001,0.0,0.0
"Prepare information regarding design, structure specifications, materials, color, equipment, estimated costs, or construction time.",0.9,0.0154,0.0077,0.0154,0.061500000000000006,0.0,0.0
"Prepare instructional program objectives, outlines, and lesson plans.",0.8205,0.0256,0.0,0.0256,0.1282,0.0,0.0
"Prepare invoices, reports, memos, letters, financial statements, and other documents, using word processing, spreadsheet, database, or presentation software.",0.7456999999999999,0.0636,0.0,0.0116,0.1734,0.0058,0.0
"Prepare itemized statements, bills, or invoices and record amounts due for items purchased or services rendered.",0.7188,0.2188,0.0,0.0,0.0625,0.0,0.0
"Prepare lesson materials, bulletin board displays, exhibits, equipment, and demonstrations.",0.7082999999999999,0.0417,0.0,0.0417,0.20829999999999999,0.0,0.0
Prepare management reports defining and evaluating problems and recommending solutions.,0.8946999999999999,0.0263,0.0,0.0132,0.0658,0.0,0.0
Prepare meeting agendas or packets of related information.,0.9117000000000001,0.018500000000000003,0.0018,0.0106,0.0556,0.0018,0.0
"Prepare meeting agendas, attend meetings, and record and transcribe minutes.",0.866,0.051500000000000004,0.0,0.0722,0.0,0.0103,0.0
"Prepare necessary criteria, procedures, reports, or plans for successful conduct of the project with consideration given to site preparation, facility validation, installation, quality assurance, or testing.",0.8311,0.0449,0.0053,0.0079,0.10550000000000001,0.0053,0.0
Prepare necessary documents to obtain planned project approvals or permits.,0.7241,0.10339999999999999,0.0,0.0,0.10339999999999999,0.069,0.0
"Prepare objectives, outlines, or other materials for courses of study, following curriculum guidelines or requirements.",0.8565,0.0169,0.0169,0.0042,0.10550000000000001,0.0,0.0
"Prepare objectives, outlines, or other materials for courses of study, following curriculum guidelines or school or state requirements.",0.8077,0.0385,0.0,0.0,0.15380000000000002,0.0,0.0
"Prepare operating and maintenance manuals, studies, or reports.",0.7226,0.13140000000000002,0.0,0.0219,0.1168,0.0073,0.0
Prepare operational or risk reports for management analysis.,0.9662000000000001,0.0174,0.001,0.0048,0.0087,0.0019,0.0
Prepare or alter presentation contents to target specific audiences.,0.8503000000000001,0.0166,0.006,0.0098,0.11259999999999999,0.004699999999999999,0.0
"Prepare or assist in the preparation of applications for environmental, building, or other required permits.",0.7143,0.23809999999999998,0.023799999999999998,0.0,0.0,0.023799999999999998,0.0
"Prepare or direct preparation of financial statements, business activity reports, financial position forecasts, annual budgets, or reports required by regulatory agencies.",0.8065000000000001,0.0645,0.0,0.0,0.0806,0.0484,0.0
"Prepare or edit organizational publications, such as employee newsletters or stockholders' reports, for internal or external audiences.",0.8434,0.0158,0.0024,0.0063,0.129,0.0032,0.0
"Prepare or interpret for clients information, such as investment performance reports, financial document summaries, or income projections.",0.9405,0.008,0.0281,0.003,0.0171,0.0033,0.0
"Prepare or maintain employment records related to events, such as hiring, termination, leaves, transfers, or promotions, using human resources management system software.",0.9097,0.0645,0.0,0.0,0.0194,0.006500000000000001,0.0
"Prepare or maintain required records, such as work activity or personnel reports.",0.9615,0.0385,0.0,0.0,0.0,0.0,0.0
"Prepare or organize online storefront marketing material, including product descriptions or subject lines, optimizing content to search engine criteria.",0.9643,0.008100000000000001,0.0003,0.0016,0.024,0.0017000000000000001,0.0
"Prepare or present reports concerning activities, expenses, budgets, government statutes or rulings, or other items affecting businesses or program services.",0.9274,0.008100000000000001,0.0,0.008100000000000001,0.0565,0.0,0.0
Prepare or present technical or project status reports.,0.9462,0.019,0.0,0.0032,0.0316,0.0,0.0
"Prepare or review reports, manuscripts, or meeting presentations.",0.9689,0.0066,0.0031,0.0026,0.0143,0.0046,0.0
Prepare or validate documentation on automated logistics or maintenance-data reporting or management information systems.,0.9184,0.0204,0.0,0.030600000000000002,0.030600000000000002,0.0,0.0
Prepare periodic accounting statements for clients.,0.9231,0.0,0.0,0.0,0.07690000000000001,0.0,0.0
"Prepare plans of action for investment, using financial analyses.",0.8426,0.0509,0.0069,0.016200000000000003,0.0764,0.0069,0.0
"Prepare plans that outline operating procedures to be used in response to disasters or emergencies, such as hurricanes, nuclear accidents, and terrorist attacks, and in recovery from these events.",0.9091,0.0,0.0,0.0,0.0909,0.0,0.0
Prepare progress or technical reports.,0.9595999999999999,0.0216,0.0,0.013500000000000002,0.0054,0.0,0.0
"Prepare project budgets, schedules, or specifications for labor or materials.",0.8095,0.047599999999999996,0.0,0.0,0.1429,0.0,0.0
"Prepare project status reports by collecting, analyzing, and summarizing information and trends.",0.9551000000000001,0.017,0.001,0.004,0.019,0.004,0.0
"Prepare promotional plans, sales literature, media kits, and sales contracts, using computer.",0.8305,0.1017,0.0,0.0,0.0678,0.0,0.0
Prepare reports and document project activities and data.,0.9269,0.0354,0.0011,0.01,0.0255,0.0011,0.0
"Prepare reports of activities, evaluations, recommendations, or decisions.",0.9396,0.0067,0.0,0.0268,0.0134,0.0134,0.0
Prepare reports of findings and recommendations.,1.0,0.0,0.0,0.0,0.0,0.0,0.0
"Prepare reports of findings, illustrating data graphically and translating complex findings into written text.",0.9095,0.041299999999999996,0.0032,0.0048,0.0397,0.0016,0.0
"Prepare reports of services rendered, tools used, or time required, for billing purposes.",0.9667,0.0,0.0,0.0,0.0333,0.0,0.0
Prepare reports on academic or institutional data.,0.9,0.05,0.0,0.0,0.05,0.0,0.0
Prepare reports on logistics performance measures.,0.9538,0.0154,0.0,0.0154,0.0154,0.0,0.0
Prepare reports on operations and system productivity or efficiency.,0.9556,0.0296,0.0,0.0025,0.0123,0.0,0.0
Prepare reports on students and activities as required by administration.,0.8856999999999999,0.0,0.0,0.0,0.1143,0.0,0.0
"Prepare reports or correspondence concerning project specifications, activities, or status.",0.6873999999999999,0.16879999999999998,0.0054,0.024,0.10460000000000001,0.0098,0.0
"Prepare reports or make presentations on internal investigations, losses, or violations of regulations, policies and procedures.",1.0,0.0,0.0,0.0,0.0,0.0,0.0
"Prepare reports or recommendations, based upon research outcomes.",0.9,0.0,0.0,0.0,0.1,0.0,0.0
Prepare reports summarizing information or trends related to manufacturing performance.,0.9412,0.0,0.0,0.0,0.0588,0.0,0.0
"Prepare reports summarizing operational results, financial performance, or accomplishments of specified objectives, goals, or plans.",0.932,0.027200000000000002,0.0006,0.0101,0.028999999999999998,0.0012,0.0
Prepare reports to document patients' care activities.,0.9551000000000001,0.0155,0.0,0.0086,0.0104,0.0104,0.0
Prepare reports to provide answers in response to specific problems.,0.9323999999999999,0.0213,0.0017000000000000001,0.005699999999999999,0.0321,0.0068000000000000005,0.0
"Prepare reports, deliver presentations, or participate in program review activities to communicate engineering results or recommendations.",0.8561,0.0076,0.0833,0.0152,0.0379,0.0,0.0
"Prepare reports, exhibits, and other supporting schedules that detail an institution's safety and soundness, compliance with laws and regulations, and recommended solutions to questionable financial conditions.",0.9473999999999999,0.0,0.0,0.0,0.0263,0.0263,0.0
Prepare requests for proposals or statements of work.,0.9129999999999999,0.0,0.0,0.0435,0.0435,0.0,0.0
Prepare requirements documentation for use by software developers.,0.7195999999999999,0.0794,0.0146,0.0066,0.1772,0.0026,0.0
Prepare responses to correspondence containing routine inquiries.,0.8918,0.0322,0.0015,0.0336,0.0395,0.0015,0.0
"Prepare responses to customer requests for information, such as product data, written regulatory affairs statements, surveys, or questionnaires.",0.9582999999999999,0.0,0.0,0.0,0.0417,0.0,0.0
Prepare sales presentations or proposals to explain product specifications or applications.,0.8345,0.0256,0.0,0.030299999999999997,0.1096,0.0,0.0
"Prepare sample layouts for approval, using computer software.",0.7895,0.0366,0.0,0.0078000000000000005,0.166,0.0,0.0
"Prepare students for performances, exams, or assessments.",0.33909999999999996,0.1552,0.30079999999999996,0.046,0.067,0.092,0.0
Prepare tables and graphs to present clinical data or results.,0.863,0.041100000000000005,0.0,0.0,0.0959,0.0,0.0
"Prepare tables, graphs, fact sheets, and written reports summarizing research results.",0.96,0.04,0.0,0.0,0.0,0.0,0.0
"Prepare technical reports and recommendations, based upon research outcomes.",0.963,0.0,0.0,0.0,0.037000000000000005,0.0,0.0
"Prepare technical reports for use by engineering, management, or sales personnel.",0.9592,0.0102,0.0051,0.0051,0.0204,0.0,0.0
"Prepare technical reports of findings or recommendations, based on synthesized analyses of test results.",0.9375,0.0213,0.0034000000000000002,0.0048,0.0062,0.0268,0.0
Prepare two-dimensional concept layouts or three-dimensional mock-ups.,0.9043000000000001,0.0217,0.002,0.0039000000000000003,0.068,0.0,0.0
Prepare written documents to establish contracts with or communicate financial recommendations to clients.,0.6,0.1308,0.0,0.0154,0.25379999999999997,0.0,0.0
Prepare written reports of investigation findings.,0.7585999999999999,0.0,0.0,0.0,0.1379,0.10339999999999999,0.0
"Prepare, analyze, or verify annual reports, financial statements, and other records, using accepted accounting and statistical procedures to assess financial condition and facilitate financial planning.",0.9447,0.0276,0.0,0.0046,0.0184,0.0046,0.0
"Prepare, compile, and submit reports on work activities, operations, production, or work-related accidents.",0.8689,0.0984,0.0,0.016399999999999998,0.016399999999999998,0.0,0.0
"Prepare, draft, and review legal documents, such as wills, deeds, patent applications, mortgages, leases, and contracts.",0.6953,0.022799999999999997,0.0018,0.019299999999999998,0.09630000000000001,0.1646,0.0
"Prepare, edit, or review legal documents, including legislation, briefs, pleadings, appeals, wills, contracts, and real estate closing statements.",0.7273999999999999,0.0175,0.0015,0.0029,0.1268,0.12390000000000001,0.0
"Prepare, examine, or analyze accounting records, financial statements, or other financial reports to assess accuracy, completeness, and conformance to reporting and procedural standards.",0.9316,0.0368,0.001,0.002,0.011200000000000002,0.0174,0.0
"Prepare, maintain, or review validation and compliance documentation, such as engineering change notices, schematics, or protocols.",0.9063,0.0,0.0,0.0,0.09380000000000001,0.0,0.0
"Prepare, maintain, or revise quality assurance documentation or procedures.",0.8127,0.0757,0.0,0.008,0.09960000000000001,0.004,0.0
"Prepare, organize, and maintain inspection records.",0.9268000000000001,0.024399999999999998,0.0,0.024399999999999998,0.024399999999999998,0.0,0.0
"Prepare, proofread, or process legal documents, such as summonses, subpoenas, complaints, appeals, motions, or pretrial agreements.",0.7048000000000001,0.023799999999999998,0.0095,0.0048,0.1476,0.10949999999999999,0.0
"Prepare, review, or update environmental investigation or recommendation reports.",0.8506999999999999,0.029900000000000003,0.0,0.029900000000000003,0.059699999999999996,0.029900000000000003,0.0
"Prepare, rewrite and edit copy to improve readability, or supervise others who do this work.",0.9626,0.0194,0.0004,0.0026,0.013999999999999999,0.001,0.0
"Present and explain proposals, reports, or findings to clients.",0.9682,0.001,0.0149,0.003,0.006,0.006999999999999999,0.0
"Present and make recommendations regarding course design, technology, and instruction delivery options.",0.4569,0.0431,0.1207,0.0776,0.25,0.051699999999999996,0.0
Present bills and accept payments.,0.8427,0.0787,0.0,0.0787,0.0,0.0,0.0
Present clear and concise explanations of governing rules and regulations.,0.8029999999999999,0.009300000000000001,0.1379,0.0104,0.0209,0.018500000000000003,0.0
"Present information in audio-visual or interactive formats, using computers, televisions, audio-visual aids, or other equipment, materials, or technologies.",0.92,0.0,0.0,0.0,0.08,0.0,0.0
Present information to customers about the energy efficiency or environmental impact of scientific or technical products.,0.8776,0.0,0.12240000000000001,0.0,0.0,0.0,0.0
"Present investment information, such as product risks, fees, or fund performance statistics.",0.8095,0.023799999999999998,0.047599999999999996,0.0,0.09519999999999999,0.023799999999999998,0.0
Present live or recorded commentary via broadcast media.,0.8533,0.1304,0.0,0.0163,0.0,0.0,0.0
Price securities or commodities based on market conditions.,0.9328,0.0588,0.0,0.0,0.0084,0.0,0.0
"Process and prepare documents, such as business or government forms and expense reports.",0.8824,0.0882,0.0,0.0,0.0294,0.0,0.0
"Process and prepare memos, correspondence, travel vouchers, or other documents.",0.9067000000000001,0.026699999999999998,0.0033,0.03,0.03,0.0033,0.0
Process and review employment applications to evaluate qualifications or eligibility of applicants.,0.8475,0.1356,0.0,0.0169,0.0,0.0,0.0
"Process clinical data, including receipt, entry, verification, or filing of information.",0.9754999999999999,0.008199999999999999,0.0,0.0123,0.002,0.002,0.0
"Process large amounts of data for statistical modeling and graphic analysis, using computers.",0.7533,0.08810000000000001,0.0044,0.0,0.1542,0.0,0.0
Process merchandise returns and exchanges.,0.7368000000000001,0.21050000000000002,0.0,0.0,0.0526,0.0,0.0
Process or interpret signals or sensor data.,0.9309999999999999,0.0345,0.0,0.0,0.0345,0.0,0.0
Process paperwork for new employees and enter employee information into the payroll system.,0.7692,0.23079999999999998,0.0,0.0,0.0,0.0,0.0
"Process transactions, such as term deposits, retirement savings plan contributions, automated teller transactions, night deposits, and mail deposits.",0.878,0.122,0.0,0.0,0.0,0.0,0.0
Produce and distribute project documents.,0.7698,0.07139999999999999,0.0,0.0159,0.1349,0.0079,0.0
"Produce environmental assessment reports, tabulating data and preparing charts, graphs, or sketches.",0.7353000000000001,0.2353,0.0,0.0,0.0294,0.0,0.0
"Produce medical reports, correspondence, records, patient-care information, statistics, medical research, and administrative material.",0.9437000000000001,0.0023,0.004699999999999999,0.0023,0.046900000000000004,0.0,0.0
"Produce reports or presentations that outline findings, explain risk positions, or recommend changes.",0.9618000000000001,0.009000000000000001,0.003,0.0121,0.0131,0.001,0.0
"Produce three-dimensional models, using computer-aided design (CAD) software.",0.6713,0.0694,0.0,0.0046,0.2546,0.0,0.0
Produce written summary reports of financial research results.,0.9048,0.047599999999999996,0.0,0.0,0.047599999999999996,0.0,0.0
"Program and use computers to store, process, and analyze data.",0.7816,0.153,0.005,0.0199,0.038900000000000004,0.0017000000000000001,0.0
"Promote company products, services, and savings plans when appropriate.",0.7053,0.0564,0.0258,0.2061,0.0032,0.0032,0.0
"Promote products in online communities through weblog or discussion-forum postings, e-mail marketing programs, or online advertising.",0.9037999999999999,0.0673,0.0032,0.0096,0.016,0.0,0.0
Proofread transcripts for correct spelling of words.,0.9309000000000001,0.0033,0.0,0.0066,0.0,0.0592,0.0
"Proofread, edit, and revise translated materials.",0.871,0.0132,0.0,0.0013,0.025,0.0895,0.0
Propose logistics solutions for customers.,0.9,0.0,0.0286,0.0286,0.0429,0.0,0.0
Propose recommendations for improving content management system capabilities.,0.5909,0.1364,0.0455,0.0,0.2273,0.0,0.0
"Propose solutions in engineering, the sciences, and other fields using mathematical theories and techniques.",0.8553000000000001,0.0592,0.0263,0.0,0.0395,0.0197,0.0
"Propose, review, or approve modifications to project plans.",0.6737000000000001,0.12369999999999999,0.0053,0.0316,0.1553,0.0105,0.0
"Provide advice and consultation on economic relationships to businesses, public and private agencies, and other employers.",0.6838,0.0256,0.15380000000000002,0.0684,0.0256,0.042699999999999995,0.0
"Provide advice and technical assistance with cost analysis, fiscal allocation, and budget preparation.",0.7759,0.10339999999999999,0.0345,0.0,0.051699999999999996,0.0345,0.0
Provide advice on best practices and implementation for selection.,0.7572,0.0453,0.1399,0.008199999999999999,0.037000000000000005,0.0123,0.0
"Provide advice on project costs, design concepts, or design changes.",0.4583,0.0417,0.1042,0.0521,0.26039999999999996,0.0833,0.0
"Provide advice on transportation options, types of carriers, or shipping routes.",0.7948999999999999,0.0256,0.0513,0.0,0.1282,0.0,0.0
"Provide analytical support for the design and development of training curricula, learning strategies, educational policies, or courseware standards.",0.7639,0.0278,0.0417,0.0278,0.09720000000000001,0.0417,0.0
Provide application or analytical support to researchers or traders on issues such as valuations or data.,0.8081,0.0471,0.069,0.018500000000000003,0.030299999999999997,0.0269,0.0
Provide assistance to internal or external auditors in compliance reviews.,0.8361,0.0492,0.016399999999999998,0.0492,0.032799999999999996,0.016399999999999998,0.0
"Provide assistance with the preparation of project-related reports, manuscripts, and presentations.",0.3182,0.0,0.0,0.0455,0.5909,0.0455,0.0
"Provide clear, detailed descriptions of Web site specifications, such as product features, activities, software, communication protocols, programming languages, and operating systems software and hardware.",0.8097,0.0525,0.0069,0.004,0.1229,0.004,0.0
Provide clerical support to other departments.,0.9192,0.0354,0.0,0.0354,0.0101,0.0,0.0
"Provide commentary and conduct interviews during sporting events, parades, conventions, or other events.",0.9179999999999999,0.08199999999999999,0.0,0.0,0.0,0.0,0.0
Provide communication instruction to dialect speakers or students with limited English proficiency.,0.48619999999999997,0.14679999999999999,0.156,0.16510000000000002,0.036699999999999997,0.0092,0.0
Provide consultation or training on topics such as mechatronics or automated control.,0.4561,0.10529999999999999,0.31579999999999997,0.0175,0.10529999999999999,0.0,0.0
"Provide consultation to other health care providers in areas such as patient discharge, patient care, or clinical procedures.",0.7826000000000001,0.0,0.1304,0.0,0.0,0.087,0.0
"Provide consultation to parents, teachers, administrators, and others on topics such as learning styles and behavior modification techniques.",0.625,0.023399999999999997,0.2188,0.0391,0.0313,0.0625,0.0
"Provide consulting services in fields such as resource development and management, business location and market area analysis, environmental hazards, regional cultural history, and urban social planning.",0.7273000000000001,0.0545,0.0667,0.0788,0.030299999999999997,0.0424,0.0
Provide consulting services to other physicians.,0.7222,0.0556,0.16670000000000001,0.0,0.0,0.0556,0.0
"Provide consulting services, including educational programs, outreach programs, or prevention talks to schools, social service agencies, businesses, or the general public.",0.5604,0.0268,0.2651,0.0537,0.0403,0.0537,0.0
"Provide counseling to patient and family members by providing information, education, or reassurance.",0.8,0.0444,0.0667,0.0444,0.0444,0.0,0.0
"Provide customer assistance and information, such as giving directions or handling wheelchairs.",0.48,0.36,0.0,0.12,0.04,0.0,0.0
Provide customer service by greeting and assisting customers and responding to customer inquiries and complaints.,0.4789,0.152,0.0553,0.2974,0.0125,0.0039000000000000003,0.0
"Provide customers with information on routes, gates, prices, timetables, terminals, or concourses.",0.8472,0.0278,0.0,0.0556,0.0556,0.0139,0.0
"Provide customers with information, such as quotes, orders, sales, shipping, warranties, credit, funding options, incentives, or tax rebates.",0.7252,0.0464,0.1722,0.043,0.009899999999999999,0.0033,0.0
Provide customers with ongoing technical support.,0.4628,0.3191,0.1011,0.0638,0.0479,0.0053,0.0
"Provide direct service and support to individuals or clients, such as handling a referral for child advocacy issues, conducting a needs evaluation, or resolving complaints.",0.7984,0.08869999999999999,0.0161,0.08869999999999999,0.008100000000000001,0.0,0.0
Provide direction and assistance to other organizational units regarding accounting and budgeting policies and procedures and efficient control and utilization of financial resources.,0.8254,0.0159,0.0159,0.0794,0.0317,0.0317,0.0
Provide education and counseling on illness and injury prevention.,0.6667000000000001,0.0667,0.2,0.0667,0.0,0.0,0.0
Provide education or counseling to individuals and families.,0.43189999999999995,0.06570000000000001,0.3897,0.0751,0.018799999999999997,0.018799999999999997,0.0
Provide feedback and recommendations to developers on software usability and functionality.,0.6625,0.10310000000000001,0.0453,0.015600000000000001,0.11560000000000001,0.057800000000000004,0.0
Provide feedback to design engineers on customer problems or needs.,0.7368000000000001,0.0526,0.0526,0.0,0.15789999999999998,0.0,0.0
Provide feedback to health service providers regarding improving service accessibility or acceptability.,0.7231000000000001,0.1231,0.0462,0.0154,0.061500000000000006,0.0308,0.0
"Provide feedback to students, using positive reinforcement techniques to encourage, motivate, or build confidence in students.",0.36460000000000004,0.1779,0.2148,0.0886,0.076,0.0782,0.0
"Provide guests with information about local areas, including directions.",0.7928000000000001,0.0341,0.0426,0.0929,0.036699999999999997,0.0009,0.0
Provide individual support or counseling in general wellness or nutrition.,0.6959000000000001,0.1137,0.0754,0.068,0.0346,0.0124,0.0
Provide individualized instruction and tutorial or remedial instruction.,0.24050000000000002,0.18059999999999998,0.3993,0.0408,0.0354,0.10339999999999999,0.0
"Provide information about establishment, such as location of departments or offices, employees within the organization, or services provided.",0.8889,0.0,0.048600000000000004,0.0278,0.0208,0.0139,0.0
"Provide information about potential health hazards and possible interventions to the media, the public, other health care professionals, or local, state, and federal health authorities.",0.9286,0.0,0.047599999999999996,0.0,0.023799999999999998,0.0,0.0
"Provide information about rental items, such as availability, operation, or description.",0.6753,0.12990000000000002,0.1039,0.0649,0.013000000000000001,0.013000000000000001,0.0
"Provide information about, and enforce, regulations, such as those concerning environmental protection, resource utilization, fire safety, and accident prevention.",0.7429000000000001,0.0,0.0857,0.1143,0.0286,0.0286,0.0
"Provide information and advice regarding drug interactions, side effects, dosage, and proper medication storage.",0.6586,0.0308,0.2335,0.0264,0.0154,0.0352,0.0
"Provide information and advice to the public regarding the selection, purchase, and care of products.",0.6842,0.0,0.31579999999999997,0.0,0.0,0.0,0.0
"Provide information or counseling regarding issues such as animal health care, behavior problems, or nutrition.",0.6779999999999999,0.0508,0.1864,0.0508,0.0169,0.0169,0.0
Provide information regarding the judicial system or other legal issues through the media and public speeches.,0.9286,0.0,0.0,0.07139999999999999,0.0,0.0,0.0
"Provide information, such as directions, visiting hours, or patient status information to visitors or callers.",0.7731,0.0183,0.0521,0.1459,0.006,0.0046,0.0
"Provide instructions to clients on how to obtain help with legal, financial, and other personal issues.",0.6857,0.1143,0.0857,0.0,0.0286,0.0857,0.0
Provide media commentary or criticism related to public policy and political issues and events.,0.875,0.0833,0.0417,0.0,0.0,0.0,0.0
"Provide occupational, educational, or other information to individuals so that they can make educational or vocational plans.",0.5832999999999999,0.1389,0.0833,0.1389,0.0556,0.0,0.0
Provide or coordinate troubleshooting support for data warehouses.,0.7602,0.20920000000000002,0.0102,0.0,0.0102,0.0102,0.0
Provide patients or caregivers with assistance in locating health care resources.,0.7841,0.0227,0.0682,0.1023,0.0,0.0227,0.0
"Provide patients with information needed to promote health, reduce risk factors, or prevent disease or disability.",0.963,0.0,0.0,0.037000000000000005,0.0,0.0,0.0
"Provide private instruction to individual or small groups of students to improve academic performance, improve occupational skills, or prepare for academic or occupational tests.",0.2685,0.1734,0.3608,0.0755,0.0336,0.08810000000000001,0.0
"Provide product information, using lectures, films, charts, or slide shows.",0.7619,0.09519999999999999,0.023799999999999998,0.11900000000000001,0.0,0.0,0.0
"Provide regulatory guidance to departments or development project teams regarding design, development, evaluation, or marketing of products.",0.835,0.0291,0.0583,0.0146,0.0194,0.0437,0.0
Provide requested information on students' progress and the development of case plans.,0.8946999999999999,0.0263,0.0,0.0,0.0526,0.0263,0.0
"Provide scientific or technical guidance or expertise to scientists, engineers, technologists, technicians, or others, using knowledge of chemical, analytical, or biological processes as applied to micro and nanoscale systems.",0.6412,0.0412,0.2353,0.0,0.0353,0.0471,0.0
"Provide staff and users with assistance solving computer-related problems, such as malfunctions and program problems.",0.4057,0.4714,0.0548,0.0361,0.024700000000000003,0.0073,0.0
Provide staff with assistance in performing difficult or complicated duties.,0.7076,0.0809,0.015700000000000002,0.1253,0.0548,0.015700000000000002,0.0
"Provide statistical and computational tools for biologically based activities, such as genetic analysis, measurement of gene expression, or gene function determination.",0.6470999999999999,0.29410000000000003,0.0,0.0,0.0588,0.0,0.0
"Provide students with information on topics such as college degree programs and admission requirements, financial aid opportunities, trade and technical schools, and apprenticeship programs.",0.5097999999999999,0.15689999999999998,0.27449999999999997,0.0392,0.0,0.0196,0.0
"Provide supportive materials for exhibits and displays, such as press kits, advertising, publicity notices, posters, brochures, catalogues, and invitations.",1.0,0.0,0.0,0.0,0.0,0.0,0.0
Provide system design and integration recommendations.,0.5,0.1528,0.18059999999999998,0.0139,0.1389,0.0139,0.0
Provide technical advice and guidance to organizations on how to handle health-related problems and make needed changes.,0.6757,0.08109999999999999,0.1892,0.0,0.027000000000000003,0.027000000000000003,0.0
"Provide technical advice to industrial or managerial personnel regarding design, construction, program modifications, or structural repairs.",0.6179,0.0407,0.1382,0.024399999999999998,0.1545,0.024399999999999998,0.0
"Provide technical and non-technical support and services to clients or other staff members regarding the use, operation, and maintenance of equipment.",0.5854,0.1494,0.1646,0.0518,0.042699999999999995,0.0060999999999999995,0.0
Provide technical customer service.,0.5829,0.165,0.1576,0.051,0.0315,0.012,0.0
"Provide technical direction or support to installation teams during installation, start-up, testing, system commissioning, or performance monitoring.",0.5254,0.28809999999999997,0.0508,0.0508,0.0678,0.0169,0.0
Provide technical direction to other engineers or engineering support personnel.,0.5373,0.0894,0.1727,0.027999999999999997,0.1093,0.0634,0.0
Provide technical expertise or support related to manufacturing.,0.6667000000000001,0.037000000000000005,0.2407,0.0,0.037000000000000005,0.018500000000000003,0.0
Provide technical guidance or support for the development or troubleshooting of systems.,0.5114,0.2773,0.1,0.039599999999999996,0.0538,0.0179,0.0
"Provide technical support for existing reports, dashboards, or other tools.",0.6909000000000001,0.1243,0.0924,0.0391,0.0462,0.0070999999999999995,0.0
Provide technical support or instruction to staff or customers regarding electronics equipment standards.,0.6154,0.0736,0.21739999999999998,0.0268,0.0401,0.0268,0.0
Provide technical support to computer users for installation and use of security products.,0.6773,0.1076,0.1235,0.0518,0.0159,0.0239,0.0
"Provide technical support to designers, marketing and sales departments, suppliers, engineers and other team members throughout the product development and implementation process.",0.5133,0.13269999999999998,0.0973,0.0,0.23010000000000003,0.0265,0.0
Provide technical support to junior staff or clients.,0.4608,0.2647,0.1765,0.0294,0.0392,0.0294,0.0
"Provide technical support to other employees regarding mechanical design, fabrication, testing, or documentation.",0.5977,0.023,0.1954,0.069,0.0575,0.0575,0.0
Provide training and support to system designers and users.,0.48710000000000003,0.1474,0.2143,0.04019999999999999,0.083,0.027999999999999997,0.0
Provide training or technical assistance in Web site implementation or use.,0.4807,0.24309999999999998,0.16570000000000001,0.0608,0.049699999999999994,0.0,0.0
Provide user support by diagnosing network and device problems and implementing technical or procedural solutions.,0.3333,0.6061,0.028399999999999998,0.0208,0.011399999999999999,0.0,0.0
Question patrons regarding desired services and haircut styles.,0.5115999999999999,0.0698,0.0,0.3953,0.0116,0.0116,0.0
"Quote prices, credit terms, contract terms, or fulfillment dates for services.",0.8667,0.0167,0.0167,0.0,0.0667,0.0333,0.0
"Quote prices, credit terms, or other bid specifications.",0.8769,0.1231,0.0,0.0,0.0,0.0,0.0
"Read and analyze incoming memos, submissions, and reports to determine their significance and plan their distribution.",0.6745,0.0034999999999999996,0.0027,0.3159,0.0015,0.0019,0.0
"Read and interpret blueprints, schematics, work specifications, drawings, or charts.",0.9643,0.0,0.0,0.035699999999999996,0.0,0.0,0.0
"Read and interpret blueprints, technical drawings, schematics, or computer-generated reports.",0.9783,0.0,0.0,0.0,0.0217,0.0,0.0
"Read and interpret electronic circuit diagrams, function block diagrams, specifications, engineering drawings, and service manuals.",0.9828,0.0,0.0,0.0172,0.0,0.0,0.0
"Read and interpret engineering drawings, diagrams, instructions, or specifications to determine needed repairs, fabrication method, and operation sequence.",0.9412,0.0147,0.0074,0.022099999999999998,0.0147,0.0,0.0
"Read and interpret work orders and instructions to determine work assignments, process specifications, and production schedules.",0.9473999999999999,0.0526,0.0,0.0,0.0,0.0,0.0
"Read and understand operating manuals, blueprints, and technical drawings.",0.8725,0.0196,0.0163,0.0588,0.0294,0.0033,0.0
"Read copy or proof to detect and correct errors in spelling, punctuation, and syntax.",0.8824,0.0083,0.0014000000000000002,0.009000000000000001,0.0356,0.0633,0.0
Read corrected copies or proofs to ensure that all corrections have been made.,0.6364,0.0545,0.0,0.0364,0.0727,0.2,0.0
Read documentation to confirm the identity of the deceased.,0.9571,0.0,0.0,0.0,0.0,0.0429,0.0
Read documents on pleadings and motions to ascertain facts and issues.,0.8092,0.0022,0.0011,0.0011,0.0077,0.1787,0.0
"Read from scripts or books to narrate action or to inform or entertain audiences, utilizing few or no stage props.",0.3333,0.5971,0.0037,0.0366,0.0256,0.0037,0.0
Read incoming correspondence to ascertain nature of writers' concerns and to determine disposition of correspondence.,0.8522,0.0078000000000000005,0.001,0.1369,0.0,0.0021,0.0
"Read inventory records, customer orders, or shipping schedules to determine required activities.",0.4842,0.020499999999999997,0.0008,0.4927,0.0015,0.0004,0.0
"Read manuals, periodicals, and technical reports to learn how to develop programs that meet staff and user requirements.",0.8883,0.021099999999999997,0.0174,0.0483,0.0226,0.0023,0.0
Read search requests to ascertain types of title evidence required and to obtain descriptions of properties and names of involved parties.,0.9976,0.0,0.0,0.0,0.0024,0.0,0.0
Read service guides to find information needed to perform repairs.,0.8361,0.06559999999999999,0.016399999999999998,0.08199999999999999,0.0,0.0,0.0
"Read source documents such as canceled checks, sales reports, or bills, and enter data in specific data fields or onto tapes or disks for subsequent entry, using keyboards or scanners.",0.9843999999999999,0.0091,0.0,0.0038,0.0027,0.0,0.0
"Read specifications, such as blueprints, charts, or schematics, to determine machine settings or adjustments.",0.9,0.05,0.0,0.0,0.05,0.0,0.0
"Read technical manuals, confer with users, or conduct computer diagnostics to investigate and resolve problems or to provide technical assistance and support.",0.8223999999999999,0.0695,0.0509,0.028900000000000002,0.0227,0.0055000000000000005,0.0
"Read through contracts, regulations, and procedural guidelines to ensure comprehension and compliance.",0.9605,0.0087,0.0023,0.0064,0.0084,0.0137,0.0
Read work orders or receive oral instructions to determine work assignments or material or equipment needs.,0.7447,0.0547,0.0,0.17329999999999998,0.024300000000000002,0.003,0.0
Read work orders to determine production specifications or information.,1.0,0.0,0.0,0.0,0.0,0.0,0.0
"Read work orders, blueprints, plans, datasheets or site drawings to determine work to be done.",0.9867,0.0044,0.0,0.0044,0.0044,0.0,0.0
"Read worker logs, product processing sheets, or specification sheets to verify that records adhere to quality assurance specifications.",0.871,0.0161,0.0,0.0968,0.0161,0.0,0.0
"Read written materials, such as legal documents, scientific works, or news reports, and rewrite material into specified languages.",0.9849,0.0022,0.0005,0.0066,0.0052,0.0006,0.0
"Read, evaluate and edit manuscripts or other materials submitted for publication, and confer with authors regarding changes in content, style or organization, or publication.",0.42060000000000003,0.0317,0.004,0.004,0.22219999999999998,0.3175,0.0
"Reassure passengers when situations, such as turbulence, are encountered.",0.15789999999999998,0.47369999999999995,0.0,0.36840000000000006,0.0,0.0,0.0
Receive and place telephone calls.,0.8519,0.0572,0.0,0.0909,0.0,0.0,0.0
Receive and process customer payments.,0.818,0.1459,0.0015,0.0301,0.0045000000000000005,0.0,0.0
Receive and respond to customer complaints.,0.6393,0.2016,0.0034000000000000002,0.1435,0.01,0.0021,0.0
"Receive and route messages or documents, such as laboratory results, to appropriate staff.",0.9551999999999999,0.0373,0.0,0.0075,0.0,0.0,0.0
"Receive patients, schedule appointments, and maintain patient records.",0.5921,0.21050000000000002,0.0132,0.1447,0.0395,0.0,0.0
"Receive payment by cash, check, credit cards, vouchers, or automatic debits.",0.7606999999999999,0.22089999999999999,0.0,0.0184,0.0,0.0,0.0
Receive payment or obtain credit authorization.,0.6584,0.3043,0.0,0.0311,0.0,0.0062,0.0
Recommend actions in fraud cases.,0.7143,0.061200000000000004,0.0816,0.0204,0.0816,0.0408,0.0
"Recommend actions to ensure compliance with laws and regulations, or to protect solvency of institutions.",0.7318000000000001,0.031,0.0682,0.0155,0.04650000000000001,0.107,0.0
Recommend adjudication of product complaints.,0.9728,0.0054,0.0,0.0163,0.0054,0.0,0.0
"Recommend and explain the use of cosmetics, lotions, and creams to soften and lubricate skin and enhance and restore natural appearance.",0.85,0.1,0.05,0.0,0.0,0.0,0.0
"Recommend and implement measures to improve worker motivation, work methods, or customer services.",0.871,0.0645,0.0323,0.0,0.0323,0.0,0.0
Recommend and implement performance improvements.,0.6724,0.128,0.0546,0.018799999999999997,0.1109,0.0154,0.0
Recommend and provide advice on a wide variety of products and services.,0.7628,0.034,0.09699999999999999,0.0528,0.041299999999999996,0.0121,0.0
"Recommend approval, denial, or conditional approval of proposals.",0.9666,0.0079,0.0,0.0098,0.0059,0.0098,0.0
"Recommend changes in rules, policies, standards, and regulations, based on knowledge of operating conditions, aircraft improvements, and other factors.",0.7547,0.056600000000000004,0.0943,0.056600000000000004,0.0189,0.0189,0.0
Recommend changes that could improve service and increase operational efficiency.,0.7433,0.059800000000000006,0.0724,0.0236,0.0882,0.0126,0.0
Recommend changes to company procedures in response to changes in regulations or standards.,0.6857,0.019,0.019,0.0095,0.1048,0.16190000000000002,0.0
"Recommend changes to curricula or delivery methods, based on information such as instructional effectiveness data, current or future performance requirements, feasibility, and costs.",0.8462000000000001,0.0,0.0,0.0,0.0,0.15380000000000002,0.0
"Recommend changes to improve systems and network configurations, and determine hardware or software requirements related to such changes.",0.6033,0.1452,0.1063,0.0184,0.1084,0.0184,0.0
Recommend corrective or preventive actions to assure or improve product quality or reliability.,0.7153,0.09720000000000001,0.0347,0.0034999999999999996,0.0625,0.0868,0.0
Recommend data-driven solutions to key stakeholders.,0.8370000000000001,0.0519,0.0815,0.0148,0.0074,0.0074,0.0
Recommend design modifications to eliminate machine or system malfunctions.,0.5489999999999999,0.1961,0.0784,0.0,0.15689999999999998,0.0196,0.0
"Recommend financial products, such as stocks, bonds, mutual funds, or insurance.",0.8829,0.02,0.02,0.0029,0.0571,0.0171,0.0
Recommend improvements in security systems or procedures.,0.8234999999999999,0.0,0.1765,0.0,0.0,0.0,0.0
Recommend information security enhancements to management.,0.8414,0.0441,0.048499999999999995,0.0264,0.0352,0.0044,0.0
Recommend interventions to modify behavior associated with health risks.,0.8779,0.053399999999999996,0.015300000000000001,0.053399999999999996,0.0,0.0,0.0
"Recommend investments and investment timing to companies, investment firm staff, or the public.",0.9551000000000001,0.0239,0.0026,0.001,0.0085,0.0089,0.0
"Recommend mark-up rates, mark-down rates, or merchandise selling prices.",0.6640999999999999,0.1484,0.0625,0.023399999999999997,0.09380000000000001,0.0078000000000000005,0.0
Recommend merchandise or services that will meet customers' needs.,0.8761,0.0088,0.0265,0.0088,0.0708,0.0088,0.0
"Recommend methods for improving utilization of personnel, material, and utilities.",0.8162999999999999,0.0408,0.0816,0.0,0.0408,0.0204,0.0
Recommend methods to increase lifestyle physical activity.,0.7564,0.109,0.0192,0.0641,0.0385,0.0128,0.0
"Recommend necessary corrective actions, based on inspection results.",0.7426999999999999,0.04769999999999999,0.0338,0.0116,0.0652,0.099,0.0
Recommend new or improved processes or equipment to reduce risk exposure.,0.7985,0.022799999999999997,0.0837,0.049400000000000006,0.0152,0.0304,0.0
Recommend new systems and processes to improve operations.,0.6547,0.09910000000000001,0.1081,0.0601,0.06309999999999999,0.015,0.0
"Recommend or implement methods to monitor, evaluate, or enable resolution of safety, operations, or compliance interruptions.",0.875,0.035699999999999996,0.0179,0.0536,0.0179,0.0,0.0
"Recommend procedures for detection, prevention, and elimination of physical, chemical, or other product hazards.",0.6973999999999999,0.0263,0.1447,0.10529999999999999,0.0,0.0263,0.0
"Recommend procedures, equipment, or software upgrades to increase data accessibility or ease of use.",0.6731999999999999,0.09269999999999999,0.1024,0.043899999999999995,0.0732,0.0146,0.0
"Recommend product or component design improvements, based on test data or observations.",0.6831999999999999,0.1188,0.0594,0.0,0.07919999999999999,0.0594,0.0
Recommend product or service improvements to employers.,0.838,0.021099999999999997,0.0,0.021099999999999997,0.0634,0.056299999999999996,0.0
"Recommend products to customers, based on customers' needs and interests.",0.8525,0.0449,0.0241,0.0333,0.041100000000000005,0.0040999999999999995,0.0
Recommend remedial procedures to correct any violations found during inspections.,0.7761,0.044800000000000006,0.0149,0.0348,0.0348,0.09449999999999999,0.0
Recommend resolution of identified deviations from established product or process standards.,0.7879,0.030299999999999997,0.030299999999999997,0.0,0.060599999999999994,0.0909,0.0
"Recommend special diets to improve athletes' health, increase their stamina, or alter their weight.",0.8889,0.0889,0.0222,0.0,0.0,0.0,0.0
"Recommend tests or testing conditions in accordance with designs, customer requirements, or industry standards to ensure test validity.",0.6923,0.0,0.11539999999999999,0.0,0.15380000000000002,0.0385,0.0
Recommend the use of vitamin and mineral supplements to enhance the health of patients and children.,0.7105,0.0263,0.15789999999999998,0.0,0.10529999999999999,0.0,0.0
"Recommend to clients strategies in cash management, insurance coverage, investment planning, or other areas to help them achieve their financial goals.",0.6667000000000001,0.0933,0.1467,0.0,0.0933,0.0,0.0
Recommend treatment and prevention methods for pest problems to clients.,0.8845999999999999,0.0385,0.0385,0.0385,0.0,0.0,0.0
Recommend ways to control or reduce risk.,0.8006,0.048,0.0645,0.018000000000000002,0.0435,0.0255,0.0
"Recommend workplace changes to improve health and safety, using knowledge of potentially harmful factors, such as heavy loads or repetitive motions.",0.7143,0.047599999999999996,0.09519999999999999,0.047599999999999996,0.047599999999999996,0.047599999999999996,0.0
"Recommend, select, and help locate or obtain merchandise based on customer needs and desires.",0.7162999999999999,0.10400000000000001,0.015700000000000002,0.024700000000000003,0.1377,0.0015,0.0
Reconcile or note and report discrepancies found in records.,0.88,0.05,0.01,0.01,0.05,0.0,0.0
Reconcile records of bank transactions.,0.9270999999999999,0.0417,0.0104,0.0104,0.0104,0.0,0.0
"Record and compile operational data by completing and maintaining forms, logs, or reports.",0.9073,0.04769999999999999,0.0,0.036699999999999997,0.0083,0.0,0.0
Record and edit the minutes of meetings and distribute to appropriate officials or staff members.,0.9,0.07,0.0,0.01,0.02,0.0,0.0
"Record and maintain files or records of customer requests, work or services performed, charges, expenses, inventory, or other dispatch information.",0.9375,0.0,0.0,0.0313,0.0313,0.0,0.0
"Record and maintain patient information, such as vital signs, eating habits, behavior, progress notes, treatments, or discharge plans.",0.8537,0.122,0.0,0.0,0.024399999999999998,0.0,0.0
Record and process results of procedures.,0.9615,0.0288,0.0,0.0096,0.0,0.0,0.0
"Record and report job-related activities, findings, transactions, violations, discrepancies, and decisions.",0.9275,0.028999999999999998,0.0,0.028999999999999998,0.014499999999999999,0.0,0.0
"Record and report time, materials, faults, deficiencies, or other unusual occurrences on work orders.",0.8332999999999999,0.16670000000000001,0.0,0.0,0.0,0.0,0.0
"Record details of attendance, sales, receipts, reservations, or repair activities.",0.9417,0.0083,0.0,0.0167,0.0333,0.0,0.0
"Record details of calls, dispatches, and messages.",0.878,0.048799999999999996,0.0,0.0732,0.0,0.0,0.0
"Record guest comments or complaints, referring customers to managers as necessary.",0.7895,0.10529999999999999,0.0,0.10529999999999999,0.0,0.0,0.0
Record height or weight of patients.,0.7619,0.1905,0.0,0.0,0.047599999999999996,0.0,0.0
"Record information, such as cash receipts and ticket fares, and maintain log book.",0.9015000000000001,0.0909,0.0,0.0,0.0076,0.0,0.0
"Record information, such as personnel, production, or operational data on specified forms or reports.",0.8812000000000001,0.0594,0.0,0.056100000000000004,0.0033,0.0,0.0
"Record laboratory or field data, including numerical data, test results, photographs, or summaries of visual observations.",0.95,0.025,0.025,0.0,0.0,0.0,0.0
Record operational data on specified forms.,0.8828,0.0759,0.0,0.0276,0.0138,0.0,0.0
Record operational or production data on specified forms.,0.8265,0.1195,0.0016,0.037599999999999995,0.0131,0.0016,0.0
"Record or compile test results or prepare graphs, charts, or reports.",0.84,0.12,0.0,0.04,0.0,0.0,0.0
Record or oversee recording of information to ensure currency of engineering drawings and documentation of production problems.,0.7619,0.047599999999999996,0.0,0.0,0.1905,0.0,0.0
"Record patients' medical history, vital statistics, or information such as test results in medical records.",0.9,0.0667,0.0,0.0333,0.0,0.0,0.0
"Record product, packaging, and order information on specified forms and records.",0.98,0.02,0.0,0.0,0.0,0.0,0.0
Record production and operational data on specified forms.,0.7615000000000001,0.1769,0.0077,0.0231,0.0308,0.0,0.0
"Record production data, including volume produced, consumption of raw materials, or quality control measures.",0.6875,0.125,0.0,0.0625,0.125,0.0,0.0
Record production or operational data on specified forms.,1.0,0.0,0.0,0.0,0.0,0.0,0.0
Record sales or delivery information on daily sales or delivery record.,0.8969,0.0722,0.0,0.0155,0.0155,0.0,0.0
"Record shipment data, such as weight, charges, space availability, damages, or discrepancies, for reporting, accounting, or recordkeeping purposes.",0.9714,0.0286,0.0,0.0,0.0,0.0,0.0
Record symbols on computer storage media and use computer aided transcription to translate and display them as text.,0.9048,0.0265,0.0,0.0582,0.0106,0.0,0.0
"Record test data and prepare reports, summaries, or charts that interpret test results.",0.8181999999999999,0.0909,0.0,0.030299999999999997,0.060599999999999994,0.0,0.0
Record the specifics of malfunctioning machines and document malfunctions needing repair.,0.9565,0.0435,0.0,0.0,0.0,0.0,0.0
"Record transaction information on forms or logs, and notify designated personnel of discrepancies.",0.8240000000000001,0.136,0.0,0.024,0.008,0.008,0.0
Record treatment information in patient records.,0.8484999999999999,0.060599999999999994,0.0,0.0,0.030299999999999997,0.060599999999999994,0.0
Record type and cost of maintenance or repair work.,0.8824,0.0,0.0,0.0588,0.0588,0.0,0.0
Record work activities performed.,0.878,0.065,0.0,0.0163,0.0407,0.0,0.0
"Record, process, and maintain patient data or treatment records and prepare reports.",0.9565,0.018600000000000002,0.0062,0.0,0.018600000000000002,0.0,0.0
Recruit staff members.,0.8462000000000001,0.054900000000000004,0.0,0.0733,0.0183,0.0073,0.0
"Recruit, interview, and select employees.",0.75,0.2,0.0,0.05,0.0,0.0,0.0
"Refer clients to community resources for services, such as job placement, debt counseling, legal aid, housing, medical treatment, or financial assistance, and provide concrete information, such as where to go and how to apply.",0.6769,0.13849999999999998,0.0692,0.09230000000000001,0.0,0.0231,0.0
Refer clients to community resources or services.,0.5909,0.1591,0.0227,0.2045,0.0,0.0227,0.0
"Refer clients to other specialists, institutions, or support services as necessary.",0.6731,0.11539999999999999,0.15380000000000002,0.0,0.0385,0.0192,0.0
Refer customers to appropriate bank personnel to meet their financial needs.,0.5789,0.0526,0.0526,0.2632,0.0526,0.0,0.0
Refer guest problems or complaints to supervisors.,0.6296,0.3148,0.0,0.0463,0.009300000000000001,0.0,0.0
Refer patients to other health care practitioners as necessary.,0.7143,0.035699999999999996,0.035699999999999996,0.2143,0.0,0.0,0.0
Refer patients to other health professionals or agencies when appropriate.,0.6537999999999999,0.1026,0.0513,0.15380000000000002,0.0256,0.0128,0.0
Refer patients to specialists or community resources.,0.7143,0.047599999999999996,0.09519999999999999,0.1429,0.0,0.0,0.0
Refer patients to specialists or other practitioners.,0.5455,0.1818,0.0909,0.1364,0.0,0.0455,0.0
"Refer patients, clients, or family members to community resources or to specialists as necessary.",0.5926,0.037000000000000005,0.037000000000000005,0.3333,0.0,0.0,0.0
"Refer people to community support services, psychologists, or doctors.",0.3333,0.12119999999999999,0.030299999999999997,0.4545,0.030299999999999997,0.030299999999999997,0.0
"Refer to schematic drawings, product manuals, and troubleshooting guides to diagnose and repair problems.",0.775,0.1,0.0,0.075,0.025,0.025,0.0
Refer unresolved customer grievances to designated departments for further investigation.,0.5402,0.32159999999999994,0.0025,0.1231,0.0075,0.005,0.0
"Reformat documents, moving paragraphs or columns.",0.9348000000000001,0.022799999999999997,0.0006,0.0075,0.0325,0.0018,0.0
Relay or route written or verbal messages.,0.8065000000000001,0.09960000000000001,0.0016,0.0784,0.0131,0.0008,0.0
"Relay work orders, messages, or information to or from work crews, supervisors, or field inspectors, using telephones or two-way radios.",0.8378,0.16219999999999998,0.0,0.0,0.0,0.0,0.0
"Report and document safety hazards, potentially hazardous conditions, and unsafe practices and procedures.",0.7308,0.0385,0.0,0.1923,0.0385,0.0,0.0
Report delays or accidents.,0.8462000000000001,0.07690000000000001,0.0,0.0641,0.0,0.0128,0.0
"Report delays, accidents, or other traffic and transportation situations, using telephones or mobile two-way radios.",0.8234999999999999,0.0294,0.0,0.1471,0.0,0.0,0.0
Report equipment problems and ensure that required repairs are made.,0.7803,0.0379,0.0,0.1818,0.0,0.0,0.0
"Report on specialized fields such as medicine, green technology, environmental issues, science, politics, sports, arts, consumer affairs, business, religion, crime, or education.",1.0,0.0,0.0,0.0,0.0,0.0,0.0
"Report overpayments, underpayments, and other irregularities.",0.8889,0.11109999999999999,0.0,0.0,0.0,0.0,0.0
"Report project plans, progress, and results.",0.7951999999999999,0.1099,0.0028000000000000004,0.07730000000000001,0.011200000000000002,0.0037,0.0
"Report project status, such as budget, resources, technical issues, or customer satisfaction, to managers.",0.8314,0.07730000000000001,0.002,0.0766,0.0127,0.0,0.0
"Report results of statistical analyses, including information in the form of graphs, charts, and tables.",0.7656000000000001,0.053099999999999994,0.0037,0.0018,0.17579999999999998,0.0,0.0
"Report to management about asset utilization and audit results, and recommend changes in operations and financial activities.",0.9394,0.030299999999999997,0.0,0.0,0.030299999999999997,0.0,0.0
Report to management regarding the finances of establishment.,0.8695999999999999,0.087,0.0,0.0435,0.0,0.0,0.0
Request and review project updates to ensure deadlines are met.,0.8014,0.08800000000000001,0.0068000000000000005,0.09480000000000001,0.009000000000000001,0.0,0.0
"Research and analyze customer design proposals, specifications, manuals, or other data to evaluate the feasibility, cost, or maintenance requirements of designs or applications.",0.7547,0.056600000000000004,0.056600000000000004,0.0189,0.0943,0.0189,0.0
"Research and analyze laws, regulations, policies, and precedent decisions to prepare for hearings and to determine conclusions.",0.8416,0.019799999999999998,0.0371,0.0074,0.07429999999999999,0.019799999999999998,0.0
"Research and apply innovative solutions for product design, visuals, and user experience to meet the needs of individual Web development projects.",0.738,0.0421,0.0018,0.0073,0.20879999999999999,0.0021,0.0
"Research and evaluate suppliers, based on price, quality, selection, service, support, availability, reliability, production and distribution capabilities, and the supplier's reputation and history.",0.9307,0.026000000000000002,0.013000000000000001,0.013000000000000001,0.0173,0.0,0.0
Research and identify potential customers for products or services.,0.9548000000000001,0.0196,0.0026,0.0111,0.0118,0.0,0.0
Research and test new or modified hardware or software products to determine performance and interoperability.,0.7436,0.1282,0.0256,0.07690000000000001,0.0256,0.0,0.0
"Research current trends and new technology, such as printing production techniques, computer software, and design trends.",0.8022,0.054900000000000004,0.07690000000000001,0.022000000000000002,0.033,0.011000000000000001,0.0
Research hardware or software products to meet technical networking or security needs.,0.8676,0.0735,0.0441,0.0147,0.0,0.0,0.0
Research information requested by farmers.,0.8332999999999999,0.037000000000000005,0.0,0.0741,0.037000000000000005,0.018500000000000003,0.0
"Research laws, court decisions, documents, opinions, briefs, or other information related to cases before the court.",0.8593999999999999,0.0,0.015600000000000001,0.0078000000000000005,0.0547,0.0625,0.0
"Research laws, regulations, policies, or precedent decisions to prepare for hearings.",0.7241,0.069,0.0862,0.0172,0.10339999999999999,0.0,0.0
Research legal issues and write opinions on the issues.,0.8043,0.0,0.0435,0.0217,0.0435,0.087,0.0
Research new financial products or analytics to determine their usefulness.,0.9915,0.0,0.0,0.0,0.0,0.0085,0.0
Research new software or design concepts.,0.6861,0.081,0.10890000000000001,0.0076,0.1114,0.0051,0.0
"Research production specifications, costs, production materials, and manufacturing methods and provide cost estimates and itemized production requirements.",0.8153,0.0701,0.0,0.0127,0.0828,0.0191,0.0
"Research the history of a particular country or region, or of a specific time period.",0.8403,0.0252,0.0924,0.0168,0.0252,0.0,0.0
Research the target audience of projects.,0.9234,0.023,0.0077,0.015300000000000001,0.030699999999999998,0.0,0.0
"Research various topics, including site history, environmental conditions, and clients' skills and abilities to plan appropriate expeditions, instruction, and commentary.",0.9044,0.0199,0.0159,0.0438,0.012,0.004,0.0
"Research, compile, analyze and organize information from maps, reports, investigations, and books for use in reports and special projects.",0.9915,0.0042,0.0,0.0042,0.0,0.0,0.0
"Research, compile, and prepare reports, manuals, correspondence, or other information required by management or governmental agencies.",0.9525,0.0141,0.002,0.0055000000000000005,0.025099999999999997,0.0008,0.0
"Research, design, evaluate, install, operate, or maintain mechanical products, equipment, systems or processes to meet requirements.",0.9858,0.0,0.0095,0.0,0.0,0.004699999999999999,0.0
"Research, document, rate, or select alternatives for Web architecture or technologies.",0.6406000000000001,0.09380000000000001,0.1406,0.0313,0.09380000000000001,0.0,0.0
"Research, evaluate, and prepare recommendations on curricula, instructional methods, and materials for school systems.",0.9487000000000001,0.0,0.0256,0.0,0.0256,0.0,0.0
"Research, test, or verify proper functioning of software patches and fixes.",0.7631,0.16920000000000002,0.0031,0.0277,0.0062,0.0308,0.0
"Resolve any problems with itineraries, service, or accommodations.",0.6286,0.3143,0.0,0.0070999999999999995,0.05,0.0,0.0
Resolve customer complaints or answer customers' questions regarding policies and procedures.,0.6322,0.1493,0.09269999999999999,0.09269999999999999,0.0195,0.0137,0.0
"Resolve customer complaints regarding problems, such as payout errors.",0.629,0.311,0.0,0.0495,0.0070999999999999995,0.0034999999999999996,0.0
Resolve customer complaints regarding sales and service.,0.7314,0.2051,0.0,0.0363,0.0254,0.0018,0.0
Resolve customer complaints regarding worker performance or services rendered.,0.7568,0.2162,0.0,0.027000000000000003,0.0,0.0,0.0
Resolve customer complaints.,0.7232,0.215,0.0052,0.0365,0.0172,0.003,0.0
"Resolve customers' service or billing complaints by performing activities such as exchanging merchandise, refunding money, or adjusting bills.",0.7669,0.1656,0.0060999999999999995,0.030699999999999998,0.030699999999999998,0.0,0.0
Resolve discrepancies in accounting records.,0.7273000000000001,0.1364,0.0,0.0,0.1364,0.0,0.0
"Resolve problems concerning transportation, logistics systems, imports or exports, or customer issues.",0.8261,0.1594,0.0,0.0,0.014499999999999999,0.0,0.0
Resolve problems or discrepancies concerning customers' accounts.,0.7203,0.2288,0.0,0.0424,0.0,0.0085,0.0
"Respond to customer and supplier inquiries about order status, changes, or cancellations.",0.6364,0.19699999999999998,0.0,0.1515,0.0152,0.0,0.0
"Respond to customer complaints, legal inquiries, payment negotiations, or other post-service matters.",0.7314,0.2107,0.0040999999999999995,0.0248,0.0165,0.0124,0.0
Respond to customer inquiries or complaints.,0.6251,0.278,0.0073,0.0741,0.012199999999999999,0.0033,0.0
Respond to general inquiries or requests from the public.,0.6670999999999999,0.012199999999999999,0.2539,0.0495,0.0143,0.0029,0.0
"Respond to passengers' questions, requests, or complaints.",0.5556,0.0741,0.037000000000000005,0.22219999999999998,0.11109999999999999,0.0,0.0
"Respond to questions from patrons, and provide information about animals, such as behavior, habitat, breeding habits, or facility activities.",0.7273000000000001,0.0335,0.0526,0.16269999999999998,0.0144,0.0096,0.0
Respond to requests for assistance during emergencies or crises.,0.3333,0.22219999999999998,0.0556,0.3889,0.0,0.0,0.0
Respond to requests for information about employers' activities or status.,0.8049,0.0732,0.0,0.09759999999999999,0.0,0.024399999999999998,0.0
Respond to requests for information from the media or designate an appropriate spokesperson or information source.,0.5294,0.0,0.4118,0.0588,0.0,0.0,0.0
"Respond to user email inquiries, or set up automated systems to send responses.",0.8951,0.0404,0.0042,0.033,0.025,0.0023,0.0
"Retrieve electronic assets from repository for distribution to users, collecting and returning to repository, if necessary.",0.8961,0.0341,0.0092,0.0451,0.0125,0.003,0.0
"Review advertising trends, consumer surveys, and other data regarding marketing of goods and services to determine the best way to promote products.",0.8,0.0909,0.0364,0.0727,0.0,0.0,0.0
"Review all regulatory agency submission materials to ensure timeliness, accuracy, comprehensiveness, or compliance with regulatory standards.",0.8848,0.005699999999999999,0.0011,0.0115,0.0026,0.0944,0.0
"Review and analyze computer printouts and performance indicators to locate code problems, and correct errors by correcting codes.",0.6486,0.2838,0.013500000000000002,0.0068000000000000005,0.0405,0.0068000000000000005,0.0
Review and analyze facility activities and data to aid planning and cash and risk management and to improve service utilization.,0.8732,0.08449999999999999,0.0282,0.0141,0.0,0.0,0.0
"Review and analyze new, proposed, or revised laws, regulations, policies, and procedures to interpret their meaning and determine their impact.",0.9531000000000001,0.0022,0.0059,0.0028000000000000004,0.0049,0.031200000000000002,0.0
"Review and analyze specifications, sketches, drawings, ideas, and related data to assess factors affecting component designs and the procedures and instructions to be followed.",0.8761,0.0548,0.0288,0.0,0.0375,0.0029,0.0
Review and detail shop drawings for construction plans.,1.0,0.0,0.0,0.0,0.0,0.0,0.0
Review and edit standard operating procedures.,0.75,0.0,0.05,0.1,0.1,0.0,0.0
"Review and edit transcribed reports or dictated material for spelling, grammar, clarity, consistency, and proper medical terminology.",0.9487000000000001,0.0,0.0,0.0256,0.0256,0.0,0.0
"Review and evaluate data on documents, such as claim applications, birth or death certificates, or physician or employer records.",0.9892,0.0,0.0,0.0054,0.0,0.0054,0.0
"Review and evaluate new and current programs to determine their efficiency, effectiveness, and compliance with state, local, and federal regulations and recommend any necessary modifications.",0.8737,0.0089,0.0018,0.028399999999999998,0.0052,0.08199999999999999,0.0
"Review and evaluate requests from engineers, managers, and technicians for system modifications.",0.8961,0.013000000000000001,0.0,0.013000000000000001,0.0,0.0779,0.0
Review and update credit and loan files.,0.8787999999999999,0.060599999999999994,0.0,0.0,0.0,0.060599999999999994,0.0
Review and update standard operating procedures or quality assurance manuals.,0.7619,0.11900000000000001,0.0,0.023799999999999998,0.09519999999999999,0.0,0.0
Review audit reports of internal and external auditors to monitor adequacy of scope of reports or to discover specific weaknesses in internal routines.,0.825,0.025,0.0,0.15,0.0,0.0,0.0
Review billing for accuracy.,0.9706999999999999,0.0084,0.0,0.0,0.0084,0.0126,0.0
Review books and journal articles for potential publication.,0.9054000000000001,0.0045000000000000005,0.009000000000000001,0.0,0.0,0.08109999999999999,0.0
"Review catalogs, industry periodicals, directories, trade journals, and Internet sites and consult with other department personnel to locate necessary goods and services.",0.9147,0.0276,0.0023,0.0484,0.0,0.0069,0.0
"Review civil design, engineering, or construction technical documentation to ensure compliance with applicable government or industrial codes, standards, requirements, or regulations.",0.9217,0.019299999999999998,0.001,0.001,0.0102,0.0467,0.0
"Review class material with students by discussing text, working solutions to problems, or reviewing worksheets or other assignments.",0.44049999999999995,0.2262,0.23809999999999998,0.0,0.0,0.09519999999999999,0.0
"Review commercial vehicle logs, shipping papers, or driver and equipment records to detect any problems or to ensure compliance with regulations.",0.9309999999999999,0.0345,0.0,0.0,0.0,0.0345,0.0
Review compiled data on operating costs and revenues to set rates.,0.8948,0.0454,0.008199999999999999,0.0062,0.0351,0.0103,0.0
"Review complaints, petitions, motions, or pleadings that have been filed to determine issues involved or basis for relief.",0.9046,0.0066,0.0,0.0033,0.0066,0.0789,0.0
Review computer-processed digital images for quality.,0.9608,0.0196,0.0,0.0,0.0,0.0196,0.0
Review contents of written orders to ensure adherence to legal requirements.,0.8649,0.0062,0.0014000000000000002,0.018799999999999997,0.0018,0.1069,0.0
"Review data about material assets, net worth, liabilities, capital stock, surplus, income, or expenditures.",0.9588,0.0103,0.0103,0.0206,0.0,0.0,0.0
Review data from contract laboratories to ensure accuracy and regulatory compliance.,0.6667000000000001,0.0417,0.0,0.0417,0.0417,0.20829999999999999,0.0
"Review design drawings or technical documents for completeness, correctness, or appropriateness.",0.8824,0.0168,0.0,0.0084,0.0,0.0924,0.0
Review dockets of pending litigation to ensure adequate progress.,0.9512,0.0,0.0,0.0,0.0,0.048799999999999996,0.0
Review documents written by others.,0.7273000000000001,0.008199999999999999,0.0014000000000000002,0.0203,0.0146,0.22820000000000001,0.0
Review electrical engineering plans to ensure adherence to design specifications and compliance with applicable electrical codes and standards.,0.7619,0.047599999999999996,0.0,0.0,0.0,0.1905,0.0
Review employment applications and job orders to match applicants with job requirements.,0.8809999999999999,0.09519999999999999,0.0,0.0,0.023799999999999998,0.0,0.0
"Review environmental, historical, or technical reports and publications for accuracy.",0.6957,0.0,0.0,0.0,0.0,0.3043,0.0
"Review existing or incoming data for currency, accuracy, usefulness, quality, or completeness of documentation.",0.9470999999999999,0.0044,0.001,0.0242,0.0019,0.0215,0.0
"Review existing standards, controls, or equipment used, recommending changes or upgrades as needed.",0.7023999999999999,0.10710000000000001,0.035699999999999996,0.023799999999999998,0.09519999999999999,0.035699999999999996,0.0
"Review files, records, and other documents to obtain information to respond to requests.",0.8562000000000001,0.0418,0.0387,0.03,0.0233,0.01,0.0
"Review financial statements, sales or activity reports, or other performance data to identify opportunities for cost reductions or service improvements.",0.9416,0.0405,0.002,0.0046,0.0092,0.002,0.0
"Review financial statements, sales or activity reports, or other performance data to measure productivity or goal achievement or to identify areas needing cost reduction or program improvement.",0.893,0.0934,0.0009,0.0034000000000000002,0.0077,0.0017000000000000001,0.0
Review forensic analysts' reports for technical merit.,0.8306,0.0022,0.003,0.0074,0.0007000000000000001,0.156,0.0
Review illustrative material to determine if it conforms to standards and specifications.,0.9503,0.0055000000000000005,0.0055000000000000005,0.0,0.0331,0.0055000000000000005,0.0
"Review information about transfers of property to ensure its accuracy, checking basic information on buyers, sellers, and sales prices and making corrections as necessary.",0.9434,0.0,0.0,0.0,0.0377,0.0189,0.0
"Review instructional content, methods, and student evaluations to assess strengths and weaknesses, and to develop recommendations for course revision, development, or elimination.",0.6988,0.0,0.0039000000000000003,0.0,0.0347,0.2625,0.0
"Review invoices, work orders, consumption reports, or demand forecasts to estimate peak performance periods and to issue work assignments.",0.9712000000000001,0.0192,0.0,0.0024,0.0072,0.0,0.0
Review legal publications and perform database searches to identify laws and court decisions relevant to pending cases.,0.7909999999999999,0.038900000000000004,0.0697,0.008199999999999999,0.0779,0.0143,0.0
Review loss prevention exception reports and cash discrepancies to ensure adherence to guidelines.,0.9015000000000001,0.0758,0.0,0.0,0.0,0.0227,0.0
Review manuscripts for publication in books and professional journals.,0.7924,0.0066,0.0017000000000000001,0.005,0.0216,0.1728,0.0
Review offering documents or marketing materials to ensure regulatory compliance.,0.8077,0.0,0.0,0.0,0.0,0.1923,0.0
Review operational records and reports to project sales and determine profitability.,0.9449,0.0203,0.0017000000000000001,0.0075,0.0184,0.0072,0.0
"Review or approve designs, calculations, or cost estimates.",0.7203,0.046,0.0115,0.0,0.0345,0.1877,0.0
"Review or update Web page content or links in a timely manner, using appropriate tools.",0.7306,0.1215,0.002,0.011899999999999999,0.1336,0.0005,0.0
Review papers for colleagues and scientific journals.,0.8105,0.0054,0.0044,0.0,0.012,0.1678,0.0
Review papers for publication in journals.,0.8865999999999999,0.0087,0.0,0.0029,0.0233,0.0785,0.0
Review physician's referral and patient's medical records to help determine diagnosis and physical therapy treatment required.,1.0,0.0,0.0,0.0,0.0,0.0,0.0
Review plans and confer with research or support staff to develop new products or processes.,0.47369999999999995,0.10529999999999999,0.0526,0.0526,0.31579999999999997,0.0,0.0
"Review processing schedules or production orders to make decisions concerning inventory requirements, staffing requirements, work procedures, or duty assignments, considering budgetary limitations and time constraints.",0.8905,0.09539999999999998,0.0,0.0096,0.0034999999999999996,0.0009,0.0
Review product designs for manufacturability or completeness.,0.8548,0.024900000000000002,0.0040999999999999995,0.0,0.0373,0.0788,0.0
"Review product promotional materials, labeling, batch records, specification sheets, or test methods for compliance with applicable regulations and policies.",0.9333,0.0027,0.0027,0.0,0.0027,0.0587,0.0
"Review project activities and prepare and review research, testing, or operational reports.",0.9701000000000001,0.0129,0.0007000000000000001,0.0108,0.0034000000000000002,0.0021,0.0
"Review published materials and recommend revisions or changes in scope, format, content, and methods of reproduction and binding.",0.6364,0.0455,0.0227,0.0227,0.0909,0.1818,0.0
Review purchase order claims and contracts for conformance to company policy.,0.9405,0.0317,0.0,0.0079,0.0079,0.011899999999999999,0.0
Review quality documentation necessary for regulatory submissions and inspections.,0.866,0.0067,0.0007000000000000001,0.0115,0.0016,0.11349999999999999,0.0
"Review records or reports for clarity and completeness and maintain records or reports, as required under federal law.",0.9174,0.005,0.0009,0.0213,0.0018,0.0535,0.0
"Review records or reports pertaining to activities such as production, payroll, or shipping to verify details, monitor work activities, or evaluate performance.",0.8837,0.0279,0.0,0.004699999999999999,0.009300000000000001,0.07440000000000001,0.0
Review reports of securities transactions or price lists to analyze market conditions.,0.9776,0.0115,0.0011,0.0016,0.0049,0.0033,0.0
Review reports submitted by staff members to recommend approval or to suggest changes.,0.9736,0.0069,0.0008,0.0084,0.0008,0.0096,0.0
"Review rough sketches, drawings, specifications, and other engineering data to ensure that they conform to design concepts.",0.8695999999999999,0.028999999999999998,0.0024,0.0169,0.0217,0.0604,0.0
Review security assessments for computing environments or check for compliance with cybersecurity standards and regulations.,0.9029,0.0146,0.0049,0.0291,0.0,0.048499999999999995,0.0
Review sets of photographs to select the best work.,0.9129999999999999,0.0217,0.0,0.0,0.0652,0.0,0.0
Review subject matter of materials to be classified and select classification numbers and headings according to classification systems.,0.9869,0.0015,0.0003,0.0092,0.0013,0.0008,0.0
Review technical documents to ensure completeness and conformance to requirements.,0.8736,0.009399999999999999,0.0012,0.0063,0.0083,0.1012,0.0
"Review work done by others to check for correct spelling and grammar, ensure that company format policies are followed, and recommend revisions.",0.6877,0.0038,0.0009,0.0028000000000000004,0.0113,0.2934,0.0
"Review work procedures and operational problems to determine ways to improve service, performance, or safety.",0.884,0.055999999999999994,0.008199999999999999,0.0327,0.014199999999999999,0.0048,0.0
"Review written, audio, or video copy, and correct errors in content, grammar, or punctuation, following prescribed editorial style and formatting guidelines.",0.8547,0.015300000000000001,0.0009,0.0134,0.0275,0.08810000000000001,0.0
"Review, classify, and record survey data in preparation for computer analysis.",0.9929000000000001,0.0036,0.0,0.0036,0.0,0.0,0.0
"Review, evaluate, and approve specifications for issuing and awarding bids.",0.8818,0.0049,0.0,0.0,0.0,0.1133,0.0
Revise work to meet editorial approval or to fit time or space requirements.,0.8537,0.024,0.0011,0.0011,0.115,0.0051,0.0
"Revise written material to meet personal standards and to satisfy needs of clients, publishers, directors, or producers.",0.6472,0.023799999999999998,0.0016,0.0052,0.3071,0.015,0.0
Route correspondence to other departments for reply.,0.8946999999999999,0.0,0.0,0.10529999999999999,0.0,0.0,0.0
"Scan networks, using vulnerability assessment tools to identify vulnerabilities.",0.8889,0.0889,0.0,0.0222,0.0,0.0,0.0
"Schedule and confirm appointments for clients, customers, or supervisors.",0.7696999999999999,0.1523,0.0040999999999999995,0.050499999999999996,0.0207,0.0026,0.0
"Schedule and confirm patient diagnostic appointments, surgeries, or medical consultations.",0.46240000000000003,0.36560000000000004,0.0215,0.0645,0.0753,0.0108,0.0
Schedule and make appointments.,0.7253000000000001,0.1553,0.0077,0.0693,0.041100000000000005,0.0013,0.0
Schedule appointments and maintain and update appointment calendars.,0.7456,0.1499,0.0059,0.0414,0.0552,0.002,0.0
Schedule appointments for patients.,0.6272,0.2927,0.006,0.055,0.0167,0.0024,0.0
Schedule appointments with clients.,0.5710000000000001,0.29359999999999997,0.006500000000000001,0.09949999999999999,0.026099999999999998,0.0033,0.0
Schedule client appointments and accept payments.,0.75,0.25,0.0,0.0,0.0,0.0,0.0
Schedule client appointments.,0.602,0.2713,0.0101,0.0897,0.024700000000000003,0.0022,0.0
Schedule employee work assignments and set work priorities.,0.9091,0.0,0.0,0.0455,0.0455,0.0,0.0
Schedule follow-up visits to monitor patients or evaluate health or illness care.,0.88,0.08,0.0,0.0,0.04,0.0,0.0
Schedule guest appointments.,0.65,0.2,0.0,0.0833,0.0667,0.0,0.0
Schedule medical appointments for patients.,0.5791,0.3306,0.0062,0.059500000000000004,0.0246,0.0,0.0
"Schedule special events, such as camps, conferences, meetings, seminars, or retreats.",0.7518,0.1898,0.0,0.0219,0.0365,0.0,0.0
"Search computer databases, credit reports, public records, tax or legal filings, or other resources to locate persons or to compile information for investigations.",0.871,0.0538,0.0215,0.043,0.0,0.0108,0.0
"Search electronic sources, such as databases or repositories, or manual sources for information.",0.8898,0.0348,0.0129,0.0464,0.0126,0.0034999999999999996,0.0
"Search employee files to obtain information for authorized persons and organizations, such as credit bureaus and finance companies.",1.0,0.0,0.0,0.0,0.0,0.0,0.0
"Search for specific sets of stored, typed characters to make changes.",0.7926000000000001,0.11289999999999999,0.0134,0.0333,0.042800000000000005,0.005,0.0
"Search standard reference materials, including online sources and the Internet, to answer patrons' reference questions.",0.8768,0.0154,0.0636,0.0155,0.0203,0.0084,0.0
Seek and provide information to help companies determine their position in the marketplace.,0.9538,0.0,0.0308,0.0154,0.0,0.0,0.0
Seek new ways to improve efficiency and increase profits.,0.9556,0.0111,0.0111,0.0,0.0222,0.0,0.0
Seek out new clients and develop clientele by networking to find new customers and generate lists of prospective clients.,0.8,0.08,0.0,0.12,0.0,0.0,0.0
"Select and edit documents for publication and display, applying knowledge of subject, literary expression, and presentation techniques.",0.8539,0.0323,0.0033,0.0195,0.0859,0.005,0.0
Select appropriate curricula or class structures for educational programs.,0.789,0.055,0.0092,0.0275,0.1193,0.0,0.0
"Select electronics equipment, components, or systems to meet functional specifications.",0.9634,0.0183,0.0,0.0,0.012199999999999999,0.0060999999999999995,0.0
"Select local, state, national, and international news items received from wire services, based on assessment of items' significance and interest value.",0.9734,0.0233,0.0,0.0,0.0033,0.0,0.0
"Select material most pertinent to presentation, and organize this material into appropriate formats.",0.9327,0.0194,0.0021,0.0134,0.031,0.0015,0.0
Select material quantities or processing methods needed to achieve efficient production.,0.5789,0.4211,0.0,0.0,0.0,0.0,0.0
Select materials needed to complete work assignments.,0.985,0.013300000000000001,0.0,0.0,0.0017000000000000001,0.0,0.0
"Select or assist customers in selecting products based on customer needs, product specifications, and applicable regulations.",0.8321999999999999,0.0559,0.004699999999999999,0.0233,0.0723,0.011699999999999999,0.0
Select performers for roles or submit lists of suitable performers to producers or directors for final selection.,0.9333,0.0667,0.0,0.0,0.0,0.0,0.0
"Select photographs, drawings, sketches, diagrams, and charts to illustrate material.",0.9102,0.021099999999999997,0.0,0.0,0.0687,0.0,0.0
"Select plays, scripts, books, news content, or ideas to be produced.",0.6111,0.16670000000000001,0.0,0.0556,0.11109999999999999,0.0556,0.0
"Select program content, in conjunction with producers and assistants, based on factors such as program specialties, audience tastes, or requests from the public.",0.7895,0.0702,0.0,0.0702,0.0702,0.0,0.0
"Select programming languages, design tools, or applications.",0.9014,0.0,0.0141,0.0,0.08449999999999999,0.0,0.0
"Select substitute titles when requested materials are unavailable, following criteria such as age, education, and interests.",0.9362,0.0426,0.0,0.0213,0.0,0.0,0.0
"Select themes, lighting, colors, or props to be used.",1.0,0.0,0.0,0.0,0.0,0.0,0.0
"Separate materials or products according to size, weight, type, condition, color, or shade.",0.9562999999999999,0.0313,0.0,0.0125,0.0,0.0,0.0
"Set specifications for materials, dimensions, and finishes.",0.9727,0.008199999999999999,0.0,0.0,0.0191,0.0,0.0
"Set up and manage paper or electronic filing systems, recording information, updating paperwork, or maintaining documents, such as attendance records, correspondence, or other material.",0.7143,0.0,0.0,0.2857,0.0,0.0,0.0
"Share information about religious issues by writing articles, giving speeches, or teaching.",0.7037,0.0148,0.20739999999999997,0.037000000000000005,0.0296,0.0074,0.0
"Sketch rough and detailed drawings of apparel or accessories, and write specifications such as color schemes, construction, material types, and accessory requirements.",0.9798,0.0,0.0,0.0,0.0202,0.0,0.0
Solicit new business.,0.7576,0.1515,0.0152,0.0758,0.0,0.0,0.0
Solicit sales of new or additional services or products.,0.6038,0.07919999999999999,0.0191,0.2896,0.0055000000000000005,0.0027,0.0
"Sort and file correspondence and perform miscellaneous clerical duties, such as answering correspondence and writing reports.",0.85,0.1,0.0,0.0,0.05,0.0,0.0
"Sort or classify information according to guidelines, such as content, purpose, user criteria, or chronological, alphabetical, or numerical order.",0.9769,0.0083,0.0011,0.0096,0.0036,0.0005,0.0
"Sort, assemble, and proof completed work.",0.9643,0.0179,0.0,0.0,0.0134,0.0045000000000000005,0.0
Specify manipulative or computational methods to be applied to models.,0.8255,0.1564,0.0073,0.0036,0.0055000000000000005,0.0018,0.0
"Start and control games and gaming equipment, and announce winning numbers or colors.",0.7245,0.26530000000000004,0.0,0.0102,0.0,0.0,0.0
"Store, retrieve, and manipulate data for analysis of system capabilities and requirements.",0.8408,0.09970000000000001,0.0032,0.0338,0.0177,0.0048,0.0
"Study Constitution, statutes, decisions, regulations, and ordinances of quasi-judicial bodies to determine ramifications for cases.",0.9478,0.0,0.0075,0.0149,0.0149,0.0149,0.0
Study and analyze information about alternative courses of action to determine which plan will offer the best outcomes.,0.9354,0.0141,0.0048,0.0022,0.0161,0.0275,0.0
"Study and interpret religious laws, doctrines, or traditions.",0.8351999999999999,0.005699999999999999,0.1307,0.0028000000000000004,0.005699999999999999,0.0199,0.0
"Study basic principles of plant and animal life, such as origin, relationship, development, anatomy, and function.",0.6667000000000001,0.0,0.25,0.0417,0.0417,0.0,0.0
"Study diagnostic records, such as medical or dental histories, plaster models of the teeth, photos of a patient's face and teeth, and X-rays, to develop patient treatment plans.",0.9655,0.0,0.0345,0.0,0.0,0.0,0.0
"Study drawings, specifications, mockups, and product samples to integrate and delineate technology, operating procedure, and production sequence and detail.",0.9895999999999999,0.0,0.0,0.0052,0.0,0.0052,0.0
"Study illustrations and photographs to plan presentation of materials, products, or services.",0.8678,0.0248,0.0,0.0165,0.0909,0.0,0.0
Study preliminary reports or diagrams of infested area and determine treatment type required to eliminate and prevent recurrence of infestation.,0.875,0.0417,0.0,0.0,0.0,0.0833,0.0
Study scripts to become familiar with production concepts and requirements.,0.9167000000000001,0.0,0.0,0.0417,0.0417,0.0,0.0
"Study the objectives, promotional policies, or needs of organizations to develop public relations strategies that will influence public opinion or promote ideas, products, or services.",0.7426999999999999,0.045599999999999995,0.024900000000000002,0.0415,0.1369,0.0083,0.0
"Study, examine, and test acquisitions to authenticate their origin, composition, history, and to assess their current value.",1.0,0.0,0.0,0.0,0.0,0.0,0.0
Submit daily reports on facility operations.,0.8889,0.0667,0.0,0.0,0.0444,0.0,0.0
"Submit project deliverables, ensuring adherence to quality standards.",0.8288,0.0342,0.0068000000000000005,0.0137,0.041100000000000005,0.0753,0.0
Suggest specific product purchases to meet customers' needs.,0.7705,0.0742,0.026099999999999998,0.0557,0.07,0.0034000000000000002,0.0
"Supervise and monitor production processes to ensure efficient use of equipment, timely changes to specifications, and project completion within time frame and budget.",0.7447,0.21280000000000002,0.0,0.0213,0.0213,0.0,0.0
"Supply guests or travelers with directions, travel information, and other information, such as available services and points of interest.",0.8667,0.0667,0.0667,0.0,0.0,0.0,0.0
"Support children's emotional and social development, encouraging understanding of others and positive self-concepts.",0.46,0.18,0.08,0.24,0.04,0.0,0.0
Support the development of training materials and technical manuals.,0.9617,0.0077,0.0038,0.0038,0.023,0.0,0.0
Synthesize current business intelligence or trend data to support recommendations for action.,0.9681000000000001,0.0108,0.0054,0.0009,0.0123,0.0025,0.0
Take inventory or examine merchandise to identify items to be reordered or replenished.,0.6818000000000001,0.2045,0.0227,0.0227,0.0682,0.0,0.0
"Talk to coworkers using electronic devices, such as computers and radios.",0.6315,0.09140000000000001,0.0019,0.2677,0.004699999999999999,0.0028000000000000004,0.0
Teach artistic techniques to children or adults.,0.6470999999999999,0.0,0.2353,0.0588,0.0588,0.0,0.0
Teach classes or courses to students.,0.4264,0.1408,0.35979999999999995,0.053899999999999997,0.0075,0.0116,0.0
"Teach courses or seminars on topics, such as budgeting, management of personal finances, or financial literacy.",0.7646999999999999,0.0588,0.1176,0.0588,0.0,0.0,0.0
"Teach individual and team sports to participants through instruction and demonstration, using knowledge of sports techniques and of participants' physical capabilities.",0.6315999999999999,0.21050000000000002,0.15789999999999998,0.0,0.0,0.0,0.0
Teach instructional courses and advise students.,0.16,0.46,0.08,0.2,0.08,0.02,0.0
Teach writing or communication classes.,0.6111,0.0,0.2778,0.0556,0.0556,0.0,0.0
Telephone or write letters to respond to correspondence from customers or to follow up initial sales contacts.,0.9370999999999999,0.0239,0.0,0.0313,0.0051,0.0026,0.0
"Tell jokes, perform comic dances, songs and skits, impersonate mannerisms and voices of others, contort face, and use other devices to amuse audiences.",0.6587999999999999,0.09949999999999999,0.0,0.2133,0.023700000000000002,0.004699999999999999,0.0
Test changes to database applications or systems.,0.8136,0.12710000000000002,0.0,0.0508,0.0,0.0085,0.0
"Test issues such as system integration, performance, and system security on a regular schedule or after any major program modifications.",0.8381000000000001,0.1206,0.0032,0.0349,0.0032,0.0,0.0
Test new or updated software or tools and provide feedback to developers.,0.7659999999999999,0.1844,0.0,0.0,0.0496,0.0,0.0
"Test programs or databases, correct errors, and make necessary modifications.",0.49229999999999996,0.4169,0.0028000000000000004,0.0028000000000000004,0.081,0.0042,0.0
Test repaired items to ensure proper operation.,0.625,0.34380000000000005,0.0,0.0,0.0313,0.0,0.0
Test selected products at specified stages in the production process for performance characteristics or adherence to specifications.,0.8332999999999999,0.1333,0.0,0.0,0.0333,0.0,0.0
Test software systems or applications for software enhancements or new products.,0.85,0.12359999999999999,0.0006,0.0072,0.0111,0.0075,0.0
Test system modifications to prepare for implementation.,0.7511,0.16829999999999998,0.0028000000000000004,0.0382,0.017,0.0226,0.0
"Test the security of systems by attempting to gain access to networks, Web-based applications, or computers.",0.7379000000000001,0.2087,0.0049,0.0388,0.0049,0.0049,0.0
"Test, maintain, and monitor computer programs and systems, including coordinating the installation of computer programs and systems.",0.7987000000000001,0.16149999999999998,0.0,0.0332,0.0066,0.0,0.0
"Test, validate, and reformulate models to ensure accurate prediction of outcomes of interest.",0.7004,0.22030000000000002,0.0088,0.0044,0.0661,0.0,0.0
"Trace historical development in a particular field, such as social, cultural, political, or diplomatic history.",0.8475,0.0169,0.0932,0.0169,0.0169,0.0085,0.0
"Track and analyze factors that affect price movement, such as trade policies, weather conditions, political developments, or supply and demand changes.",0.9738,0.0166,0.0032,0.0016,0.0012,0.0034999999999999996,0.0
"Track conditions that could affect power needs, such as changes in the weather, and adjust equipment to meet any anticipated changes.",0.7383,0.0654,0.0,0.1869,0.009300000000000001,0.0,0.0
"Track the status of requisitions, contracts, and orders.",0.9565,0.0435,0.0,0.0,0.0,0.0,0.0
"Track, compile, and analyze Web site usage data.",0.9275,0.051399999999999994,0.0091,0.003,0.0091,0.0,0.0
Train people in computer system use.,0.6286,0.0857,0.1714,0.0857,0.0286,0.0,0.0
Train users and answer questions.,0.4068,0.25420000000000004,0.28809999999999997,0.0085,0.0254,0.0169,0.0
"Transcribe data to worksheets, and enter data into computer for use in preparing documents and adjusting accounts.",0.7692,0.1183,0.0,0.0059,0.1065,0.0,0.0
"Transcribe dictation for a variety of medical reports, such as patient histories, physical examinations, emergency room visits, operations, chart reviews, consultation, or discharge summaries.",0.8845999999999999,0.0,0.0,0.0192,0.0962,0.0,0.0
"Transcribe ideas for musical compositions into musical notation, using instruments, pen and paper, or computers.",0.9487000000000001,0.0256,0.0,0.0,0.0256,0.0,0.0
Transcribe recorded messages or practitioners' diagnoses or recommendations into patients' medical records.,0.9856999999999999,0.0072,0.0,0.0048,0.0024,0.0,0.0
Transfer details from separate journals to general ledgers or data processing sheets.,0.9348000000000001,0.0054,0.0,0.0435,0.0163,0.0,0.0
"Transfer photographs to computers for editing, archiving, and electronic transmission.",0.9167000000000001,0.035699999999999996,0.0,0.035699999999999996,0.011899999999999999,0.0,0.0
"Translate messages simultaneously or consecutively into specified languages, orally or by using hand signs, maintaining message content, context, and style as much as possible.",0.9405,0.015300000000000001,0.006,0.0253,0.011699999999999999,0.0013,0.0
Translate or request translation of reference materials.,0.9565,0.0025,0.0137,0.009899999999999999,0.0124,0.005,0.0
"Transmit correspondence or medical records by mail, e-mail, or fax.",0.85,0.0667,0.0,0.0667,0.0167,0.0,0.0
"Transmit information or documents to customers, using computer, mail, or facsimile machine.",0.8815000000000001,0.0504,0.0027,0.04769999999999999,0.0177,0.0,0.0
Transmit work electronically to other locations.,0.7719,0.12279999999999999,0.0,0.0351,0.0702,0.0,0.0
"Troubleshoot equipment, electrical components, hydraulics, or other mechanical systems.",0.6264,0.3077,0.044000000000000004,0.022000000000000002,0.0,0.0,0.0
Troubleshoot network or connectivity problems for users or user groups.,0.4531,0.4928,0.0072,0.034300000000000004,0.0108,0.0018,0.0
Troubleshoot problems with audio-visual equipment.,0.4263,0.4632,0.0,0.0368,0.0737,0.0,0.0
Troubleshoot program and system malfunctions to restore normal functioning.,0.5698,0.39520000000000005,0.0036,0.0078000000000000005,0.0227,0.0009,0.0
Troubleshoot security and network problems.,0.7689,0.21230000000000002,0.0,0.004699999999999999,0.009399999999999999,0.004699999999999999,0.0
Tutor and assist children individually or in small groups to help them master assignments and to reinforce learning concepts presented by teachers.,0.3077,0.22460000000000002,0.27690000000000003,0.0462,0.052300000000000006,0.09230000000000001,0.0
Tutor or assist students individually or in small groups.,0.2238,0.1696,0.3835,0.08789999999999999,0.0344,0.1008,0.0
Tutor or mentor students who need additional instruction.,0.2188,0.1757,0.4174,0.0545,0.022000000000000002,0.1116,0.0
Type acknowledgment letters to persons sending correspondence.,0.9506,0.0152,0.0038,0.019,0.011399999999999999,0.0,0.0
"Type correspondence, reports, text and other written material from rough drafts, corrected copies, voice recordings, dictation, or previous versions, using a computer, word processor, or typewriter.",0.9301,0.0108,0.0,0.043,0.0161,0.0,0.0
"Update and maintain customer information records, such as beauty services provided.",0.8243,0.0541,0.0,0.0946,0.027000000000000003,0.0,0.0
Update client and server applications responsible for integration and business logic.,0.7105,0.2368,0.0,0.0526,0.0,0.0,0.0
Update directory information.,0.8649,0.0946,0.0,0.013500000000000002,0.027000000000000003,0.0,0.0
Update knowledge and skills to keep up with rapid advancements in computer technology.,0.8332999999999999,0.0667,0.0333,0.0,0.0667,0.0,0.0
Upload digital images onto Web sites for customers.,0.7295,0.1434,0.0,0.016399999999999998,0.1107,0.0,0.0
"Upload digital media, such as photos, video, or scanned images to online storefront, auction sites, or other shopping Web sites.",0.6587000000000001,0.1746,0.0,0.0,0.16670000000000001,0.0,0.0
"Use computers for various applications, such as database management or word processing.",0.7746999999999999,0.1791,0.0009,0.024900000000000002,0.018500000000000003,0.0018,0.0
"Use computers, computer-interfaced equipment, robotics or high-technology industrial applications to perform work duties.",0.8123999999999999,0.1503,0.0004,0.0091,0.0277,0.0,0.0
"Use data entry devices, such as optical scanners, to input data into computers for revision or editing.",0.9912000000000001,0.0,0.0,0.0088,0.0,0.0,0.0
"Use nondisciplinary tools and equipment, such as a computer.",0.7713,0.0694,0.0012,0.1509,0.006,0.0012,0.0
"Use object-oriented programming languages, as well as client and server applications development processes and multimedia and Internet technology.",0.8287,0.08130000000000001,0.0016,0.0016,0.0852,0.0016,0.0
"Use sales forecasting or strategic planning to ensure the sale and profitability of products, lines, or services, analyzing business developments and monitoring market trends.",0.9639,0.0144,0.0,0.0072,0.0144,0.0,0.0
Use telephone to deliver verbal messages.,0.8326,0.0128,0.0014000000000000002,0.1461,0.0070999999999999995,0.0,0.0
"Use the computer in the analysis and solution of business problems, such as development of integrated production and inventory control and cost analysis systems.",0.7095,0.14980000000000002,0.0336,0.0245,0.0795,0.0031,0.0
Vary language and tone of messages based on product and medium.,0.951,0.0054,0.0,0.0046,0.0387,0.0003,0.0
Verify accuracy of billing data and revise any errors.,0.9538,0.0165,0.0,0.0,0.009899999999999999,0.019799999999999998,0.0
Verify accuracy of materials lists.,1.0,0.0,0.0,0.0,0.0,0.0,0.0
"Verify accuracy of reports, such as authorization forms, transaction reconciliations, or exchange summary reports.",0.9136,0.058499999999999996,0.0,0.005600000000000001,0.0084,0.0139,0.0
Verify accuracy of transcripts by checking copies against original records of proceedings and accuracy of rulings by checking with judges.,0.8367,0.0,0.0,0.008,0.008,0.1474,0.0
"Verify adherence of documentation to customs, insurance, or regulatory requirements.",0.9333,0.0128,0.0028000000000000004,0.0014000000000000002,0.0043,0.0454,0.0
Verify and analyze data used in settling claims to ensure that claims are valid and that settlements are made according to company practices and procedures.,0.9677,0.0184,0.0,0.0046,0.0,0.0092,0.0
"Verify facts, dates, and statistics, using standard reference sources.",0.8656,0.0092,0.0006,0.0045000000000000005,0.0031,0.11699999999999999,0.0
Verify integrity and accuracy of data contained in remote sensing image analysis systems.,0.9767,0.004699999999999999,0.0,0.0023,0.0,0.0163,0.0
Verify key numbers and time codes on materials.,0.9538,0.0231,0.0,0.0032,0.0008,0.0191,0.0
"Verify readings in cases where consumption appears to be abnormal, and record possible reasons for fluctuations.",0.9388,0.061200000000000004,0.0,0.0,0.0,0.0,0.0
Verify regulatory compliance of transaction reporting.,0.9673,0.0073,0.0,0.0,0.0,0.0255,0.0
Verify scoring calculations before competition winners are announced.,0.7968000000000001,0.0106,0.0,0.0053,0.0,0.1873,0.0
"Verify stability, interoperability, portability, security, or scalability of system architecture.",0.7726999999999999,0.0682,0.0455,0.0909,0.0,0.0227,0.0
"Verify that all firm and regulatory policies and procedures have been documented, implemented, and communicated.",0.9167000000000001,0.0167,0.0,0.0,0.0167,0.05,0.0
"Verify that all regulatory policies and procedures have been documented, implemented, and communicated.",0.9375,0.0,0.0,0.0313,0.0,0.0313,0.0
Verify that property matches legal descriptions or certifications.,0.958,0.0027,0.0,0.0018,0.0,0.0375,0.0
"Verify that raw materials, purchased parts or components, in-process samples, and finished products meet established testing and inspection standards.",0.9368000000000001,0.0,0.0,0.0,0.004,0.0593,0.0
Verify that software technology is in place to adequately provide oversight and monitoring in all required areas.,0.7395999999999999,0.16670000000000001,0.0,0.0521,0.0417,0.0,0.0
"Verify the accuracy and validity of data entered in databases, correcting any errors.",0.8996999999999999,0.0355,0.0006,0.0178,0.0087,0.0377,0.0
"Verify the accuracy of survey data, including measurements and calculations conducted at survey sites.",0.6861,0.0073,0.0,0.1241,0.0146,0.1679,0.0
"Verify the authenticity of documents, such as foreign identification or immigration documents.",0.8345999999999999,0.0075,0.0,0.0526,0.0,0.10529999999999999,0.0
Verify the contents of inventory loads against shipping papers.,0.9655,0.0044,0.0011,0.0067,0.0011,0.021099999999999997,0.0
Verify the identity of patient or operative site.,0.7276,0.1229,0.0,0.13949999999999999,0.0033,0.0066,0.0
Verify the mathematical correctness of newly collected survey data.,0.8258,0.021099999999999997,0.0007000000000000001,0.011699999999999999,0.0036,0.13699999999999998,0.0
"Verify the structure, accuracy, or quality of warehouse data.",0.9343,0.0172,0.0016,0.0031,0.015600000000000001,0.0282,0.0
"View monitors for visual representation of work in progress and for instructions and feedback throughout process, making modifications as necessary.",0.6875,0.2545,0.0045000000000000005,0.0313,0.0134,0.0089,0.0
"Visit site and record information about access, drainage and topography, and availability of utility services.",0.9031999999999999,0.0645,0.0,0.0323,0.0,0.0,0.0
Visually inspect equipment to detect surface defects.,0.96,0.04,0.0,0.0,0.0,0.0,0.0
Work with clients to identify their financial goals and to find ways of reaching those goals.,0.6509,0.066,0.028300000000000002,0.028300000000000002,0.217,0.009399999999999999,0.0
"Work with staff to develop script, story, or advertising concepts.",0.625,0.0625,0.0,0.125,0.1875,0.0,0.0
"Work with technical material, preparing statistical reports, planning and typing statistical tables, and combining and rearranging material from different sources.",0.9279000000000001,0.0315,0.0,0.0,0.0405,0.0,0.0
"Write advertising material for use by publication, broadcast, or internet media to promote the sale of goods and services.",0.9582999999999999,0.0085,0.0003,0.0027,0.0294,0.0008,0.0
"Write and code logical and physical database descriptions and specify identifiers of database to management system, or direct others in coding descriptions.",0.7968999999999999,0.10210000000000001,0.004699999999999999,0.0129,0.0833,0.0,0.0
"Write and code logical and physical database descriptions, and specify identifiers of database to management system or direct others in coding descriptions.",0.8062999999999999,0.09949999999999999,0.0052,0.0052,0.08380000000000001,0.0,0.0
Write and edit news stories from information collected by reporters and other sources.,0.9858,0.0032,0.0,0.0032,0.0079,0.0,0.0
Write and edit video and scripts for broadcasts.,0.9070999999999999,0.0083,0.0012,0.0,0.0821,0.0012,0.0
"Write and execute scripts to automate tasks, such as parsing large data files.",0.779,0.1562,0.0023,0.015300000000000001,0.04650000000000001,0.0007000000000000001,0.0
Write articles and books.,0.9312999999999999,0.011000000000000001,0.0023,0.0029,0.0508,0.0017000000000000001,0.0
Write articles for publication in professional journals.,0.7717,0.0217,0.0,0.0,0.1957,0.0109,0.0
"Write articles, bulletins, sales letters, speeches, and other related informative, marketing and promotional material.",0.9661,0.0072,0.0001,0.0021,0.0235,0.001,0.0
Write audit reports to communicate technical and procedural findings and recommend solutions.,0.9451,0.016,0.002,0.001,0.012,0.024,0.0
"Write columns, editorials, commentaries, or reviews that interpret events or offer opinions.",0.9549,0.0075,0.0,0.0,0.0301,0.0075,0.0
"Write commentaries, columns, or scripts, using computers.",0.8549,0.0105,0.0017000000000000001,0.006999999999999999,0.1259,0.0,0.0
Write computer programs or scripts to be used in querying databases.,0.6849,0.1936,0.0067,0.0027,0.1121,0.0,0.0
"Write cyber defense recommendations, reports, or white papers using research or experience.",0.9529000000000001,0.0235,0.0,0.0,0.0118,0.0118,0.0
Write descriptions of the property being appraised.,0.9671,0.003,0.0,0.003,0.0269,0.0,0.0
Write detailed analysis plans and descriptions of analyses and findings for research protocols or reports.,0.9598,0.0089,0.0,0.0045000000000000005,0.0268,0.0,0.0
"Write fiction or nonfiction prose, such as short stories, novels, biographies, articles, descriptive or critical analyses, and essays.",0.6478,0.2879,0.0014000000000000002,0.0069,0.0546,0.0013,0.0
"Write for technical magazines, journals, and trade association publications.",0.9797,0.0068000000000000005,0.0,0.0,0.013500000000000002,0.0,0.0
"Write humorous material for publication, or for performances such as comedy routines, gags, and comedy shows.",0.9129999999999999,0.0128,0.0,0.0102,0.0622,0.0017000000000000001,0.0
Write information in medical records or provide narrative summaries to communicate patient information to other health care providers.,0.9717,0.008100000000000001,0.004,0.0,0.0121,0.004,0.0
Write instructional articles on designated subjects.,0.9375,0.0102,0.0060999999999999995,0.001,0.0441,0.001,0.0
"Write materials for research publications, such as maps, tables, and reports, to disseminate findings.",0.9091,0.0,0.0,0.0,0.0909,0.0,0.0
"Write narrative, dramatic, lyric, or other types of poetry for publication.",0.8985,0.024,0.0,0.0074,0.06269999999999999,0.0074,0.0
Write new functions or applications in programming languages to conduct analyses.,0.8103,0.1437,0.0040999999999999995,0.0024,0.0348,0.0046,0.0
"Write new programs or modify existing programs to meet customer requirements, using current programming languages and technologies.",0.7387,0.1363,0.0037,0.0032,0.11710000000000001,0.001,0.0
Write new scripts for broadcasts.,0.8406999999999999,0.0354,0.0,0.0044,0.1195,0.0,0.0
"Write online blog entries that address news developments or offer additional information, opinions, or commentary on news events.",0.9317,0.0137,0.0,0.0,0.0546,0.0,0.0
Write or contribute to instructions or manuals to guide end users.,0.8970999999999999,0.0441,0.0,0.0294,0.0294,0.0,0.0
Write or edit copy for clients.,0.9185,0.0091,0.0005,0.0055000000000000005,0.0638,0.0027,0.0
"Write or maintain archived procedures, procedural codes, or queries for applications.",0.5849,0.1321,0.0189,0.0189,0.24530000000000002,0.0,0.0
Write original literary pieces.,0.8878,0.0271,0.0019,0.0077,0.0696,0.0058,0.0
"Write original or adapted material for dramas, comedies, puppet shows, narration, or other performances.",0.47100000000000003,0.45020000000000004,0.0002,0.0040999999999999995,0.0742,0.0002,0.0
Write performance requirements for product development or engineering projects.,0.8053,0.053099999999999994,0.0,0.0088,0.13269999999999998,0.0,0.0
Write photograph captions.,0.9836,0.0046,0.0,0.0031,0.0087,0.0,0.0
Write program code to analyze data with statistical analysis software.,0.69,0.2372,0.016200000000000003,0.0,0.053899999999999997,0.0027,0.0
"Write reports of findings and recommendations and advise farmers, growers, or processors of corrective action to be taken.",0.9167000000000001,0.0278,0.0,0.0278,0.0278,0.0,0.0
Write reports or notes to summarize testing procedures or outcomes for physicians or other medical professionals.,0.9902,0.0098,0.0,0.0,0.0,0.0,0.0
Write reports regarding investigations of information security breaches or network evaluations.,0.9048,0.047599999999999996,0.0,0.0,0.0,0.047599999999999996,0.0
"Write reports to summarize student performance, social growth, or physical development.",0.8525,0.0,0.0,0.0,0.1393,0.008199999999999999,0.0
Write reports.,0.9381999999999999,0.0146,0.0015,0.006999999999999999,0.0213,0.0174,0.0
Write research papers for publication in scientific journals.,0.85,0.0,0.0,0.0,0.15,0.0,0.0
Write sales outlines for use by staff.,0.8845999999999999,0.0308,0.0077,0.0308,0.0462,0.0,0.0
"Write speeches, press releases, or other promotional materials to increase awareness of the causes, missions, or goals of organizations seeking funds.",0.8467,0.02,0.0,0.013300000000000001,0.1133,0.0067,0.0
Write supporting code for Web applications or Web sites.,0.7433,0.1144,0.0025,0.0052,0.13369999999999999,0.0008,0.0
Write technical documentation for products.,0.9443,0.0169,0.0019,0.0034000000000000002,0.03,0.0034000000000000002,0.0
"Write technical papers or reports or prepare standards and specifications for processes, facilities, products, or tests.",0.9309999999999999,0.0,0.0,0.0,0.069,0.0,0.0
Write technical reports for engineering and management personnel.,0.8923000000000001,0.08460000000000001,0.0,0.0077,0.0077,0.0077,0.0
"Write technical reports or documentation, such as deviation reports, testing protocols, and trend analyses.",0.9811,0.009399999999999999,0.0,0.0,0.0,0.009399999999999999,0.0
"Write technical reports or other documentation, such as handbooks or bulletins, for use by engineering staff, management, or customers.",0.816,0.0828,0.0,0.0184,0.0736,0.0092,0.0
Write technical reports or prepare graphs or charts to document experimental results.,0.8332999999999999,0.0667,0.0,0.0,0.1,0.0,0.0
Write technical summaries to report findings.,0.9784999999999999,0.0067,0.0008,0.0025,0.0059,0.0055000000000000005,0.0
"Write text, such as stories, articles, editorials, or newsletters.",0.9342,0.0092,0.0017000000000000001,0.011399999999999999,0.0417,0.0018,0.0
"Write to customers in their terms and on their level so that the script, story, or advertisement message is more readily received.",0.9643,0.0060999999999999995,0.0003,0.0023,0.0265,0.0005,0.0
"Write work instruction manuals, data capture guidelines, or standard operating procedures.",0.7585999999999999,0.069,0.0,0.046,0.1264,0.0,0.0
"Write, analyze, review, and rewrite programs, using workflow chart and diagram, and applying knowledge of computer capabilities, subject matter, and symbolic logic.",0.8294,0.1182,0.003,0.004,0.0418,0.0034999999999999996,0.0
"Write, review, or comment on documents, such as proposals, test plans, or procedures.",0.7471,0.0345,0.0,0.0,0.2184,0.0,0.0
"Write, review, or maintain engineering documentation.",0.9312,0.028300000000000002,0.0,0.0,0.0405,0.0,0.0
"Write, update, and maintain computer programs or software packages to handle specific jobs such as tracking inventory, storing or retrieving data, or controlling other equipment.",0.7172,0.1852,0.0049,0.0084,0.08310000000000001,0.0013,0.0
