task,directive,feedback_loop,learning,none,task_iteration,validation,not_classified
Accept music requests from event guests.,0.3762,0.0693,0.0,0.21780000000000002,0.33659999999999995,0.0,0.0
Access computerized financial information to answer general questions as well as those related to specific accounts.,0.49700000000000005,0.2426,0.06509999999999999,0.0178,0.1716,0.0059,0.0
"Act as consultants to agency staff and other community programs regarding the interpretation of program-related federal, state, and county regulations and policies.",0.1723,0.1159,0.392,0.0184,0.2413,0.0602,0.0
Adapt or design computer hardware or software for medical science uses.,0.19,0.38170000000000004,0.0363,0.0052,0.3851,0.0017000000000000001,0.0
Adapt software and accompanying technical documents to another language and culture.,0.6414,0.08839999999999999,0.0101,0.0076,0.2525,0.0,0.0
"Adapt statistical methods to solve specific problems in many fields, such as economics, biology, and engineering.",0.2664,0.1216,0.3347,0.0068000000000000005,0.2391,0.031400000000000004,0.0
Adapt the quantity of ingredients to match the amount of items to be baked.,0.1714,0.3429,0.0571,0.0,0.4,0.0286,0.0
"Adapt translations to students' cognitive and grade levels, collaborating with educational team members as necessary.",0.3846,0.0,0.1795,0.0,0.3846,0.0513,0.0
Add new material to file records or create new records as necessary.,0.7593000000000001,0.1559,0.0102,0.0034000000000000002,0.0712,0.0,0.0
"Address legal issues, such as child abuse and discipline, assisting with hearings and providing testimony to inform custody arrangements.",0.1364,0.2273,0.0455,0.0,0.5,0.0909,0.0
"Address the relationships of quantities, magnitudes, and forms through the use of numbers and symbols.",0.6034,0.0169,0.139,0.0,0.1797,0.061,0.0
"Adjust coaching techniques, based on the strengths and weaknesses of athletes.",0.0553,0.41359999999999997,0.2189,0.0149,0.2034,0.09390000000000001,0.0
"Adjust remotely sensed images for optimum presentation by using software to select image displays, define image set categories, or choose processing routines.",0.6923,0.07690000000000001,0.0,0.07690000000000001,0.15380000000000002,0.0,0.0
Adjust sales scripts to better target the needs and interests of specific individuals.,0.2227,0.0868,0.0177,0.0045000000000000005,0.6512,0.0169,0.0
"Adjust settings for format, page layout, line spacing, and other style requirements.",0.46270000000000006,0.0653,0.0044,0.005,0.4606,0.0019,0.0
"Administer, proctor, or score academic or diagnostic assessments.",0.3611,0.2407,0.1481,0.0278,0.1481,0.0741,0.0
"Advertise products and work, using media such as internet advertising and brochures.",0.6988,0.0602,0.0241,0.012,0.2048,0.0,0.0
Advertise services using media such as internet advertising and brochures.,0.5581,0.13949999999999999,0.0233,0.04650000000000001,0.23260000000000003,0.0,0.0
Advise against injured athletes returning to games or competition if resuming activity could lead to further injury.,0.0375,0.6125,0.2125,0.0125,0.1,0.025,0.0
Advise and teach students.,0.1877,0.0443,0.3628,0.0086,0.3231,0.0736,0.0
"Advise animal owners regarding sanitary measures, feeding, general care, medical conditions, or treatment options.",0.1341,0.48560000000000003,0.3175,0.0204,0.030600000000000002,0.011899999999999999,0.0
"Advise architects, builders, and other construction personnel on fire prevention equipment and techniques and on fire code and standard interpretation and compliance.",0.36840000000000006,0.10529999999999999,0.4211,0.0,0.10529999999999999,0.0,0.0
Advise athletes on the proper use of equipment.,0.1542,0.1894,0.41409999999999997,0.0176,0.1894,0.0352,0.0
"Advise athletes, trainers, or coaches to alter or cease sports practices that are potentially harmful.",0.08449999999999999,0.5304,0.1858,0.013500000000000002,0.1216,0.0642,0.0
"Advise business or other groups on local, national, or international factors affecting the buying or selling of products or services.",0.2563,0.1015,0.3081,0.0225,0.2867,0.025,0.0
Advise businesses or agencies on ways to improve fraud detection.,0.34380000000000005,0.0625,0.375,0.0625,0.125,0.0313,0.0
"Advise client on interior design factors, such as space planning, layout and use of furnishings or equipment, and color coordination.",0.3312,0.1018,0.0342,0.0194,0.5032,0.0102,0.0
Advise clients about colors and types of makeup and instruct them in makeup application techniques.,0.34090000000000004,0.0966,0.0795,0.011399999999999999,0.358,0.11359999999999999,0.0
Advise clients about proper clothing and shoes.,0.20579999999999998,0.19949999999999998,0.1336,0.0172,0.3079,0.1359,0.0
Advise clients about the materials being used for finished products.,0.1348,0.1348,0.25980000000000003,0.0204,0.40509999999999996,0.0452,0.0
"Advise clients concerning business transactions, claim liability, advisability of prosecuting or defending lawsuits, or legal rights and obligations.",0.20670000000000002,0.13140000000000002,0.19260000000000002,0.0127,0.39909999999999995,0.0575,0.0
"Advise clients in areas such as compensation, employee health care benefits, the design of accounting or data processing systems, or long-range tax or estate plans.",0.2771,0.1084,0.1566,0.012,0.39759999999999995,0.0482,0.0
"Advise clients on aspects of capitalization, such as amounts, sources, or timing.",0.1946,0.128,0.21,0.0179,0.4213,0.0282,0.0
"Advise clients on financial and legal matters, such as investments and taxes.",0.1727,0.1036,0.45,0.0134,0.2173,0.0431,0.0
"Advise clients on housing matters, such as housing rental, homeownership, mortgage delinquency, or foreclosure prevention.",0.1431,0.2039,0.2937,0.0083,0.32549999999999996,0.0256,0.0
Advise clients on how they could be helped by counseling.,0.1074,0.15560000000000002,0.4481,0.1889,0.0407,0.0593,0.0
"Advise clients on market conditions, prices, mortgages, legal requirements, and related matters.",0.26839999999999997,0.19879999999999998,0.2303,0.0149,0.2577,0.0298,0.0
Advise clients on nail care and use of products and colors.,0.25,0.0625,0.4375,0.0,0.0625,0.1875,0.0
Advise clients on transportation and payment methods.,0.2667,0.2667,0.2667,0.0,0.1333,0.0667,0.0
"Advise clients or colleagues on topics such as climate control systems, energy modeling, data logging, sustainable design, or energy auditing.",0.5,0.0556,0.22219999999999998,0.0,0.19440000000000002,0.0278,0.0
"Advise clients or community groups on issues related to diagnostic screenings, such as breast cancer screening, pap smears, glaucoma tests, or diabetes screenings.",0.20329999999999998,0.065,0.5854,0.0285,0.08539999999999999,0.0325,0.0
"Advise clients or community groups on issues related to improving general health, such as diet or exercise.",0.1868,0.16620000000000001,0.4293,0.0195,0.16149999999999998,0.0368,0.0
"Advise clients or community groups on issues related to risk or prevention of conditions, such as lead poisoning, human immunodeficiency virus (HIV), prenatal substance abuse, or domestic violence.",0.1515,0.067,0.6897,0.024700000000000003,0.0381,0.028900000000000002,0.0
"Advise clients or community groups on issues related to sanitation or hygiene, such as flossing or hand washing.",0.2119,0.1258,0.521,0.0155,0.0265,0.0993,0.0
"Advise clients or community groups on issues related to self-care, such as diabetes management.",0.21280000000000002,0.15460000000000002,0.5247999999999999,0.0213,0.07519999999999999,0.0113,0.0
"Advise clients or community groups on issues related to social or intellectual development, such as education, childcare, or problem solving.",0.2346,0.07719999999999999,0.39289999999999997,0.0212,0.22390000000000002,0.050199999999999995,0.0
Advise clients or community groups to ensure parental understanding of the importance of childhood immunizations and how to access immunization services.,0.25,0.0385,0.6154,0.0192,0.057699999999999994,0.0192,0.0
"Advise clients or respond to inquiries about financial matters in person or via phone, email, Web site, or Internet chat.",0.1953,0.14880000000000002,0.3892,0.013600000000000001,0.21030000000000001,0.042800000000000005,0.0
Advise corporations on issues involving corporate image projects or problems.,0.18420000000000003,0.07139999999999999,0.0451,0.0226,0.6164999999999999,0.0602,0.0
"Advise customers on import and export restrictions, tariff systems, insurance requirements, quotas, or other customs-related matters.",0.2792,0.1291,0.37170000000000003,0.0175,0.1728,0.0297,0.0
Advise customers on product usage to improve production.,0.15560000000000002,0.3258,0.29350000000000004,0.0137,0.17420000000000002,0.037200000000000004,0.0
Advise customers on substitution or modification of parts when identical replacements are not available.,0.14300000000000002,0.28600000000000003,0.1566,0.0128,0.3616,0.0401,0.0
Advise customers on use and care of merchandise.,0.2772,0.20629999999999998,0.36329999999999996,0.0161,0.0877,0.049400000000000006,0.0
Advise dealers and distributors on policies and operating procedures to ensure functional effectiveness of business.,0.2901,0.1821,0.2284,0.037000000000000005,0.2346,0.0278,0.0
Advise industries or government agencies about environmental policies and standards.,0.4211,0.0,0.2632,0.0,0.31579999999999997,0.0,0.0
Advise internal management or business partners on the implementation or operation of compliance programs.,0.19940000000000002,0.136,0.2921,0.0155,0.3184,0.038599999999999995,0.0
"Advise licensees or other individuals or groups concerning licensing, permit, or passport regulations.",0.15869999999999998,0.20079999999999998,0.38520000000000004,0.0138,0.204,0.0375,0.0
"Advise management concerning personnel, managerial, and marketing policies and practices and their potential effects on organizational effectiveness and efficiency.",0.21989999999999998,0.11720000000000001,0.2116,0.04650000000000001,0.35100000000000003,0.053899999999999997,0.0
Advise management on matters related to the administration of contracts or employee discipline or grievance procedures.,0.1867,0.1506,0.1747,0.0181,0.4096,0.0602,0.0
"Advise management on organizing, preparing, or implementing recruiting or retention programs.",0.2995,0.0821,0.1401,0.028999999999999998,0.43479999999999996,0.014499999999999999,0.0
"Advise management on short-term and long-term financial objectives, policies, and actions.",0.1943,0.1341,0.1564,0.019,0.4705,0.025699999999999997,0.0
"Advise management on such matters as equal employment opportunity, sexual harassment, and discrimination.",0.2115,0.1923,0.2788,0.0,0.25,0.0673,0.0
"Advise managers and employees on state and federal employment regulations, collective agreements, benefit and compensation policies, personnel procedures, and classification programs.",0.25079999999999997,0.0868,0.34409999999999996,0.0161,0.2797,0.0225,0.0
"Advise managers on organizational policy matters, such as equal employment opportunity and sexual harassment, and recommend needed changes.",0.1714,0.1306,0.22039999999999998,0.0163,0.4082,0.053099999999999994,0.0
Advise or assist in obtaining patents or meeting other legal requirements.,0.16829999999999998,0.19899999999999998,0.2104,0.0129,0.34299999999999997,0.0663,0.0
"Advise or inform guardians, relatives, or significant others of patients' conditions or treatment.",0.1456,0.2913,0.534,0.0,0.0291,0.0,0.0
"Advise or instruct patients regarding preventive dental care, the causes and treatment of dental problems, or oral health care services.",0.2152,0.1013,0.557,0.0253,0.038,0.0633,0.0
Advise other physicians on the treatment of neurological problems.,0.34380000000000005,0.0,0.375,0.0625,0.125,0.09380000000000001,0.0
Advise patients about recommended courses of treatment.,0.1446,0.3233,0.44049999999999995,0.0113,0.0496,0.030699999999999998,0.0
Advise patients about therapeutic exercise and nutritional medicine regimens.,0.12689999999999999,0.301,0.3607,0.0,0.1891,0.022400000000000003,0.0
Advise patients about treatments and foot care techniques necessary for prevention of future problems.,0.449,0.2041,0.26530000000000004,0.0408,0.0408,0.0,0.0
"Advise patients and community members concerning diet, activity, hygiene, and disease prevention.",0.18739999999999998,0.26940000000000003,0.41759999999999997,0.0183,0.0636,0.0436,0.0
"Advise patients and community members concerning diet, activity, hygiene, or disease prevention.",0.23379999999999998,0.2227,0.4028,0.0213,0.0658,0.0536,0.0
"Advise patients and their families on nutritional principles, dietary plans, diet modifications, and food selection and preparation.",0.154,0.3335,0.2113,0.0032,0.2661,0.0318,0.0
"Advise patients, parents or guardians, and community members concerning diet, activity, hygiene, and disease prevention.",0.2397,0.2529,0.3875,0.008199999999999999,0.0608,0.0509,0.0
"Advise planning officials on project feasibility, cost-effectiveness, regulatory conformance, or possible alternatives.",0.1917,0.1,0.24170000000000003,0.0333,0.4167,0.0167,0.0
Advise political science students.,0.2051,0.0127,0.24480000000000002,0.0016,0.4372,0.0986,0.0
Advise producers about improved products and techniques that could enhance their animal production efforts.,0.1485,0.2079,0.297,0.019799999999999998,0.2673,0.0594,0.0
"Advise project teams on subjects such as premarket regulatory requirements, export and labeling requirements, or clinical study compliance issues.",0.22440000000000002,0.08779999999999999,0.2683,0.0146,0.361,0.043899999999999995,0.0
"Advise retail managers on compliance with applicable codes, laws, regulations, or standards.",0.27190000000000003,0.1491,0.35090000000000005,0.0175,0.1491,0.061399999999999996,0.0
Advise students on academic and vocational curricula and career issues.,0.2025,0.0975,0.35,0.0075,0.3075,0.035,0.0
Advise students on academic and vocational curricula and on career issues.,0.17129999999999998,0.0977,0.34149999999999997,0.0134,0.3326,0.0435,0.0
"Advise students on academic and vocational curricula, and on career issues.",0.17420000000000002,0.0898,0.379,0.0055000000000000005,0.32420000000000004,0.0274,0.0
"Advise students on academic and vocational curricula, career issues, and laboratory and field research.",0.1429,0.10710000000000001,0.2551,0.0102,0.4133,0.07139999999999999,0.0
"Advise students on course selection, career decisions, and other academic and vocational concerns.",0.1726,0.11449999999999999,0.3425,0.0169,0.3156,0.038,0.0
"Advise students on internships, prospective employers, and job placement services.",0.223,0.1457,0.23399999999999999,0.011000000000000001,0.3642,0.022099999999999998,0.0
"Advise students on issues such as course selection, progress toward graduation, and career decisions.",0.20579999999999998,0.1063,0.28300000000000003,0.0149,0.354,0.036000000000000004,0.0
"Advise teaching and administrative staff in curriculum development, use of materials and equipment, and implementation of state and federal programs and procedures.",0.2254,0.0282,0.2535,0.0282,0.3803,0.08449999999999999,0.0
"Advocate for patients' and families' needs, or provide emotional support for patients and their families.",0.04,0.24,0.264,0.36,0.04,0.055999999999999994,0.0
"Aid in planning work assignments in accordance with worker performance, machine capacity, production schedules, or anticipated delays.",0.4216,0.2216,0.0189,0.056799999999999996,0.2757,0.0054,0.0
"Allocate print space for story text, photos, and illustrations according to space parameters and copy significance, using knowledge of layout principles.",0.3643,0.11630000000000001,0.031,0.0078000000000000005,0.4729,0.0078000000000000005,0.0
Analyze all aspects of corporate logistics to determine the most cost-effective or efficient means of transporting products or supplies.,0.2466,0.1507,0.06849999999999999,0.0274,0.4521,0.0548,0.0
Analyze and interpret data to increase the understanding of human social behavior.,0.1592,0.0604,0.449,0.024399999999999998,0.21170000000000003,0.09519999999999999,0.0
"Analyze and interpret geological, geochemical, or geophysical information from sources, such as survey data, well logs, bore holes, or aerial photos.",0.3125,0.1563,0.3281,0.0,0.1875,0.015600000000000001,0.0
Analyze and interpret news and information received from various sources to broadcast the information.,0.3171,0.0183,0.2195,0.1341,0.1646,0.1463,0.0
"Analyze and interpret patient, nursing, or information systems data to improve nursing services.",0.4783,0.2609,0.1304,0.0435,0.087,0.0,0.0
"Analyze and interpret patients' histories, symptoms, physical findings, or diagnostic information to develop appropriate diagnoses.",0.3187,0.2564,0.3297,0.0,0.0696,0.0256,0.0
"Analyze and interpret results from tests, such as microbial or parasite tests, urine analyses, hormonal assays, fine needle aspirations (FNAs), and polymerase chain reactions (PCRs).",0.2195,0.09759999999999999,0.561,0.0,0.122,0.0,0.0
Analyze and interpret statistical data to identify significant differences in relationships among sources of information.,0.35350000000000004,0.1535,0.1293,0.0060999999999999995,0.3172,0.0404,0.0
Analyze and modify compensation and benefits policies to establish competitive programs and ensure compliance with legal requirements.,0.2647,0.0588,0.0588,0.0,0.6175999999999999,0.0,0.0
"Analyze and recommend chemical, biological, or other wastewater treatment methods to prepare water for industrial or domestic use.",0.08,0.12,0.44,0.0,0.36,0.0,0.0
Analyze and record personnel or operational data and write related activity reports.,0.6061,0.056299999999999996,0.0037,0.006500000000000001,0.322,0.0055000000000000005,0.0
"Analyze and record test data to issue reports that use charts, graphs, or narratives.",0.33899999999999997,0.1017,0.16949999999999998,0.0169,0.35590000000000005,0.0169,0.0
Analyze and report computer network security breaches or attempted breaches.,0.30079999999999996,0.3333,0.16670000000000001,0.0040999999999999995,0.1016,0.0935,0.0
Analyze and understand the local and national implications of proposed legislation.,0.2857,0.011000000000000001,0.3736,0.0604,0.1923,0.07690000000000001,0.0
"Analyze archival data, such as birth, death, and disease records.",0.5,0.0909,0.2727,0.0,0.1364,0.0,0.0
"Analyze areas of potential risk to the assets, earning capacity, or success of organizations.",0.3423,0.1116,0.1699,0.023799999999999998,0.2614,0.0909,0.0
"Analyze blueprints and other documentation to prepare time, cost, materials, and labor estimates.",0.5882000000000001,0.0,0.1765,0.0,0.2353,0.0,0.0
"Analyze building codes, by-laws, space and site requirements, and other technical documents and reports to determine their effect on architectural designs.",0.2371,0.0928,0.268,0.0206,0.3093,0.0722,0.0
"Analyze business operations, trends, costs, revenues, financial commitments, and obligations to project future revenues and expenses or to provide advice.",0.23929999999999998,0.0862,0.1714,0.0067,0.473,0.0235,0.0
Analyze characteristics of animals to identify and classify them.,0.4618,0.1728,0.2625,0.0033,0.0764,0.0233,0.0
Analyze clinical data using appropriate statistical tools.,0.3273,0.15839999999999999,0.17920000000000003,0.013000000000000001,0.2961,0.026000000000000002,0.0
"Analyze clinical or survey data, using statistical approaches such as longitudinal analysis, mixed-effect modeling, logistic regression analyses, and model-building techniques.",0.3178,0.1402,0.1963,0.0187,0.2523,0.0748,0.0
"Analyze competitive market strategies through analysis of related product, market, or share trends.",0.3395,0.09380000000000001,0.079,0.0086,0.47159999999999996,0.0074,0.0
"Analyze corporate intelligence data to identify trends, patterns, or warnings indicating threats to security of people, assets, information, or infrastructure.",0.5333,0.0667,0.2,0.0,0.2,0.0,0.0
Analyze credit data and financial statements to determine the degree of risk involved in extending credit or lending money.,0.5,0.0833,0.11109999999999999,0.0,0.2639,0.0417,0.0
Analyze data gathered and develop solutions or alternative methods of proceeding.,0.1887,0.15839999999999999,0.129,0.0052,0.4771,0.0416,0.0
"Analyze data on conditions such as site location, drainage, or structure location for environmental reports or landscaping plans.",0.3667,0.2,0.1333,0.0333,0.2667,0.0,0.0
Analyze data to determine answers to questions from customers or members of the public.,0.3467,0.1977,0.1274,0.01,0.2851,0.0331,0.0
Analyze data to determine feasibility of product proposals.,0.0417,0.125,0.3333,0.0,0.3333,0.16670000000000001,0.0
Analyze details of sales territories to assess their growth potential and to set quotas.,0.5238,0.1429,0.047599999999999996,0.0,0.2857,0.0,0.0
"Analyze ecological data about the impact of pollution, erosion, floods, and other environmental problems on bodies of water.",0.16,0.04,0.52,0.0,0.28,0.0,0.0
"Analyze electronics system requirements, capacity, cost, or customer needs to determine project feasibility.",0.2368,0.0592,0.43420000000000003,0.0132,0.18420000000000003,0.0724,0.0
Analyze employment-related data and prepare required reports.,0.5484,0.0645,0.0,0.0,0.3871,0.0,0.0
"Analyze engineering designs of logic or digital circuitry, motor controls, instrumentation, or data acquisition for implementation into new or existing automated, servomechanical, or other electromechanical systems.",0.3962,0.0802,0.1745,0.014199999999999999,0.29719999999999996,0.0377,0.0
Analyze equipment performance records to assess equipment functioning.,0.33039999999999997,0.3036,0.2054,0.0268,0.09820000000000001,0.035699999999999996,0.0
Analyze existing development or manufacturing procedures and suggest improvements.,0.1635,0.19690000000000002,0.18760000000000002,0.0132,0.3558,0.083,0.0
"Analyze expenditures and other financial information to develop plans, policies, or budgets for increasing profits or improving services.",0.2569,0.1233,0.0591,0.0073,0.529,0.024399999999999998,0.0
Analyze experimental data and interpret results to write reports and summaries of findings.,0.3048,0.1235,0.2104,0.005600000000000001,0.318,0.037599999999999995,0.0
Analyze financial activities of establishments or departments and provide input into budget planning and preparation processes.,0.2954,0.09949999999999999,0.15109999999999998,0.0105,0.4144,0.0292,0.0
Analyze financial information obtained from clients to determine strategies for meeting clients' financial objectives.,0.3232,0.1616,0.050499999999999996,0.0,0.40399999999999997,0.060599999999999994,0.0
Analyze financial or operational performance of companies facing financial difficulties to identify or recommend remedies.,0.3,0.1,0.1333,0.0,0.3667,0.1,0.0
Analyze genetic information to identify patients or families at risk for specific disorders or syndromes.,0.1333,0.1333,0.3333,0.0,0.4,0.0,0.0
Analyze information about supplier performance or procurement program success.,0.4487,0.11539999999999999,0.0128,0.0,0.4103,0.0128,0.0
"Analyze information from interviews, educational and medical records, consultation with other professionals, and diagnostic evaluations to assess clients' abilities, needs, and eligibility for services.",0.625,0.0556,0.0417,0.0139,0.18059999999999998,0.0833,0.0
Analyze information obtained from management to conceptualize and define operational problems.,0.3289,0.2195,0.0833,0.029900000000000003,0.3034,0.035,0.0
"Analyze information processing or computation needs and plan and design computer systems, using techniques such as structured analysis, data modeling, and information engineering.",0.2473,0.1373,0.15839999999999999,0.0085,0.4322,0.016200000000000003,0.0
"Analyze information to determine, recommend, and plan installation of a new system or modification of an existing system.",0.2718,0.2266,0.124,0.008199999999999999,0.3317,0.0378,0.0
"Analyze information to determine, recommend, and plan layout, including type of computers and peripheral equipment modifications.",0.33899999999999997,0.1356,0.1864,0.0169,0.2373,0.08470000000000001,0.0
"Analyze internal processes and recommend and implement procedural or policy changes to improve operations, such as supply changes or the disposal of records.",0.23620000000000002,0.12359999999999999,0.11460000000000001,0.020099999999999996,0.46990000000000004,0.0356,0.0
"Analyze inventories to determine how to increase inventory turns, reduce waste, or optimize customer service.",0.27390000000000003,0.2357,0.0701,0.0064,0.40130000000000005,0.0127,0.0
Analyze laboratory findings to check the accuracy of the results.,0.45899999999999996,0.0984,0.21309999999999998,0.0,0.1967,0.032799999999999996,0.0
"Analyze large molecular datasets, such as raw microarray data, genomic sequence data, or proteomics data, for clinical or basic research purposes.",0.29410000000000003,0.4314,0.15689999999999998,0.0,0.098,0.0196,0.0
Analyze marketing or sales trends to forecast future conditions.,0.3333,0.15689999999999998,0.0392,0.0196,0.4314,0.0196,0.0
"Analyze network data to determine network usage, disk space availability, or server function.",0.4118,0.4902,0.0784,0.0,0.0,0.0196,0.0
Analyze new legislation to determine impact on risk exposure.,0.2973,0.08109999999999999,0.16219999999999998,0.0,0.4054,0.0541,0.0
"Analyze operations to evaluate performance of a company or its staff in meeting objectives or to determine areas of potential cost reduction, program improvement, or policy change.",0.37579999999999997,0.1765,0.0701,0.0116,0.3307,0.0352,0.0
"Analyze or estimate production costs, such as labor, equipment, and plant space.",0.39289999999999997,0.07139999999999999,0.2143,0.0,0.3214,0.0,0.0
"Analyze or interpret logistics data involving customer service, forecasting, procurement, manufacturing, inventory, transportation, or warehousing.",0.3889,0.19440000000000002,0.1389,0.0278,0.25,0.0,0.0
"Analyze or manipulate bioinformatics data using software packages, statistical applications, or data mining techniques.",0.0911,0.5072,0.1304,0.0040999999999999995,0.2484,0.018600000000000002,0.0
Analyze or synthesize client data to draw conclusions or make recommendations for therapy.,0.183,0.2302,0.35100000000000003,0.0062,0.18969999999999998,0.039900000000000005,0.0
"Analyze organic or inorganic compounds to determine chemical or physical properties, composition, structure, relationships, or reactions, using chromatography, spectroscopy, or spectrophotometry techniques.",0.32909999999999995,0.0886,0.44299999999999995,0.0253,0.1013,0.0127,0.0
"Analyze organizational, occupational, and industrial data to facilitate organizational functions and provide technical information to business, industry, and government.",0.4318,0.0227,0.2841,0.011399999999999999,0.1818,0.0682,0.0
"Analyze patient's medical history, medication allergies, physical condition, and examination results to verify operation's necessity and to determine best procedure.",0.2778,0.16670000000000001,0.22219999999999998,0.0,0.3333,0.0,0.0
Analyze patrons' hair and other physical features to determine and recommend beauty treatment or suggest hair styles.,0.3321,0.1317,0.0725,0.0248,0.31489999999999996,0.124,0.0
"Analyze performance data to determine effectiveness of instructional systems, courses, or instructional materials.",0.2459,0.08199999999999999,0.016399999999999998,0.0,0.32789999999999997,0.32789999999999997,0.0
Analyze prescribing trends to monitor patient compliance and to prevent excessive usage or harmful interactions.,0.4667,0.1333,0.2,0.0,0.1333,0.0667,0.0
"Analyze price proposals, financial reports, and other data and information to determine reasonable prices.",0.1442,0.17309999999999998,0.07690000000000001,0.0,0.5672999999999999,0.0385,0.0
Analyze problems and take appropriate action to ensure continuous and reliable operation of equipment and systems.,0.08529999999999999,0.7533,0.0495,0.0064,0.0843,0.0212,0.0
Analyze problems to develop solutions involving computer hardware and software.,0.1328,0.6118,0.0944,0.0036,0.1437,0.013500000000000002,0.0
"Analyze proposed legislation, regulations, or rule changes to determine how agency services could be impacted.",0.2784,0.030899999999999997,0.2577,0.051500000000000004,0.299,0.0825,0.0
"Analyze records, examination information, or test results to diagnose medical conditions.",0.3431,0.1752,0.3358,0.0073,0.13140000000000002,0.0073,0.0
"Analyze records, reports, test results, or examination information to diagnose medical condition of patient.",0.264,0.2335,0.4061,0.0051,0.0812,0.0102,0.0
"Analyze research data to determine its significance, using computers.",0.2637,0.29469999999999996,0.0673,0.0059,0.3494,0.0191,0.0
Analyze statistical data and product specifications to determine standards and establish quality and reliability objectives of finished product.,0.3443,0.1311,0.22949999999999998,0.016399999999999998,0.2623,0.016399999999999998,0.0
Analyze statistical data and reports to identify and determine causes of personnel problems and develop recommendations for improvement of organization's personnel policies and practices.,0.22579999999999997,0.0968,0.0645,0.0323,0.5484,0.0323,0.0
"Analyze statistical information to estimate mortality, accident, sickness, disability, and retirement rates.",0.32,0.0,0.36,0.08,0.2,0.04,0.0
"Analyze survey reports, maps, drawings, blueprints, aerial photography, or other topographical or geologic data.",0.2647,0.1912,0.0882,0.0,0.30879999999999996,0.1471,0.0
Analyze system performance or operational requirements.,0.36369999999999997,0.23440000000000003,0.0824,0.005,0.2832,0.031400000000000004,0.0
"Analyze test data to diagnose malfunctions, to determine performance characteristics of systems, or to evaluate effects of system modifications.",0.1562,0.503,0.16899999999999998,0.0068000000000000005,0.1157,0.0493,0.0
Analyze test data to identify defects or determine calibration requirements.,0.3478,0.205,0.0932,0.0062,0.2236,0.1242,0.0
"Analyze test data, making computations as necessary, to determine test results.",0.65,0.15,0.0,0.0,0.05,0.15,0.0
"Analyze test readings, computer printouts, and trouble reports to determine equipment repair needs and required repair methods.",0.14,0.66,0.14,0.0,0.02,0.04,0.0
Analyze test results and develop a treatment plan.,0.40909999999999996,0.2121,0.24239999999999998,0.0,0.12119999999999999,0.0152,0.0
Analyze test results to classify products or compare results with standard tables.,0.5484,0.0968,0.129,0.0,0.129,0.0968,0.0
"Analyze test results, machine error messages, or information obtained from operators to diagnose equipment problems.",0.1223,0.6926000000000001,0.0809,0.0101,0.0435,0.0506,0.0
"Analyze the financial details of past, present, and expected operations to identify development opportunities and areas where improvement is needed.",0.24350000000000002,0.2116,0.1035,0.0137,0.3851,0.0426,0.0
"Analyze the financial impact of proposed logistics changes, such as routing, shipping modes, product volumes or mixes, or carriers.",0.09519999999999999,0.23809999999999998,0.1429,0.0,0.5238,0.0,0.0
Analyze the financial impacts of sustainable manufacturing processes or sustainable product manufacturing.,0.31579999999999997,0.0263,0.3421,0.0,0.2368,0.0789,0.0
"Analyze the indications, contraindications, risk complications, and cost-benefit tradeoffs of therapeutic interventions.",0.2786,0.1202,0.3347,0.002,0.1663,0.09820000000000001,0.0
"Analyze the probable outcomes of cases, using knowledge of legal precedents.",0.2659,0.0693,0.2327,0.0083,0.3629,0.060899999999999996,0.0
Analyze training needs to develop new training programs or modify and improve existing programs.,0.3143,0.1143,0.1429,0.2,0.2286,0.0,0.0
"Analyze trends in sales prices, construction costs, and rents, to assess property values or determine the accuracy of assessments.",0.2893,0.168,0.1377,0.0055000000000000005,0.3747,0.0248,0.0
Analyze user needs and recommend appropriate hardware.,0.1309,0.18960000000000002,0.3804,0.0079,0.254,0.037200000000000004,0.0
Analyze user needs and software requirements to determine feasibility of design within time and cost constraints.,0.3025,0.1362,0.1444,0.013600000000000001,0.3651,0.0381,0.0
Analyze user needs to determine technical requirements.,0.3169,0.11960000000000001,0.1324,0.01,0.3829,0.0382,0.0
Analyze validation test data to determine whether systems or processes have met validation criteria or to identify root causes of production problems.,0.1935,0.42969999999999997,0.0916,0.0204,0.0998,0.165,0.0
Analyze x-rays to locate the sources of patients' difficulties and to rule out fractures or diseases as sources of problems.,0.4314,0.098,0.3333,0.0196,0.0784,0.0392,0.0
"Analyze, estimate, or report production costs.",0.2466,0.0726,0.1605,0.009000000000000001,0.4619,0.0493,0.0
"Analyze, interpret, or disseminate system performance data.",0.3893,0.4139,0.0695,0.0032,0.1198,0.0043,0.0
"Analyze, manipulate, or process large sets of data using statistical software.",0.2752,0.222,0.053200000000000004,0.005600000000000001,0.4328,0.011200000000000002,0.0
Answer applicants' questions about benefits and claim procedures.,0.16440000000000002,0.2521,0.4521,0.0055000000000000005,0.0932,0.0329,0.0
"Answer clients' questions regarding construction work, financing, maintenance, repairs, and appraisals.",0.1589,0.22519999999999998,0.31129999999999997,0.0132,0.25170000000000003,0.0397,0.0
"Answer customer inquiries or explain cost, availability, policies, and procedures of facilities.",0.2982,0.06480000000000001,0.0915,0.43829999999999997,0.0842,0.023,0.0
Answer customer questions regarding problems with their accounts.,0.24420000000000003,0.48840000000000006,0.0698,0.1512,0.0349,0.0116,0.0
Answer customers' questions about merchandise and advise customers on merchandise selection.,0.3713,0.0504,0.361,0.0353,0.1348,0.0471,0.0
Answer customers' questions about postal services and regulations.,0.32,0.16,0.36,0.04,0.0,0.12,0.0
"Answer customers' questions about products, prices, availability, or credit terms.",0.3862,0.09820000000000001,0.2879,0.0616,0.1459,0.0202,0.0
"Answer customers' questions about products, prices, availability, product uses, and credit terms.",0.34759999999999996,0.0929,0.4142,0.0277,0.0901,0.0274,0.0
"Answer customers' questions about services, prices, availability, or credit terms.",0.3931,0.08539999999999999,0.2889,0.136,0.0805,0.016,0.0
"Answer customers' questions and explain available services, such as deposit accounts, bonds, and securities.",0.2286,0.0143,0.5428999999999999,0.0286,0.1857,0.0,0.0
"Answer customers' questions, and provide information on procedures or policies.",0.2192,0.0662,0.5775,0.0317,0.0722,0.0331,0.0
"Answer inquiries concerning the progress of medical cases, within the limits of confidentiality laws.",0.39130000000000004,0.0,0.087,0.2609,0.2609,0.0,0.0
"Answer inquiries from current or prospective customers regarding methods, materials, or price ranges.",0.4375,0.0417,0.25,0.0208,0.22920000000000001,0.0208,0.0
"Answer inquiries from the general public regarding judicial procedures, court appearances, trial dates, adjournments, outstanding warrants, summonses, subpoenas, witness fees, or payment of fines.",0.2396,0.11460000000000001,0.5104,0.0,0.0833,0.0521,0.0
"Answer inquiries pertaining to hotel policies and services, and resolve occupants' complaints.",0.32409999999999994,0.12960000000000002,0.3056,0.0741,0.11109999999999999,0.0556,0.0
"Answer inquiries pertaining to hotel services, guest registration, and travel directions, or make recommendations regarding shopping, dining, or entertainment.",0.2484,0.0784,0.4183,0.052300000000000006,0.1895,0.0131,0.0
"Answer inquiries regarding information, such as schedules, accommodations, procedures, or policies.",0.1834,0.0942,0.561,0.0235,0.09119999999999999,0.0467,0.0
"Answer inquiries regarding rates, routing, or procedures.",0.19579999999999997,0.1058,0.5608,0.0106,0.0741,0.0529,0.0
"Answer passengers' questions about flights, aircraft, weather, travel routes and services, arrival times, or schedules.",0.5935,0.11380000000000001,0.122,0.0163,0.1301,0.024399999999999998,0.0
Answer patients' calls and determine how to assist them.,0.2632,0.1316,0.3947,0.1316,0.0789,0.0,0.0
Answer questions about game rules and casino policies.,0.2061,0.1636,0.2727,0.19390000000000002,0.1273,0.0364,0.0
Answer questions about game rules or casino policies.,0.17739999999999997,0.22579999999999997,0.2527,0.2097,0.0968,0.037599999999999995,0.0
Answer questions about product features and benefits.,0.2824,0.0692,0.4804,0.0496,0.0925,0.026000000000000002,0.0
Answer questions about records or files.,0.3436,0.09820000000000001,0.1656,0.1472,0.1411,0.1043,0.0
Answer questions and provide future tax planning to clients.,0.1509,0.1226,0.1226,0.0189,0.5660000000000001,0.0189,0.0
"Answer questions or provide advice to the public regarding licensing policies, procedures, or regulations.",0.22399999999999998,0.1769,0.4464,0.0146,0.10550000000000001,0.0325,0.0
"Answer questions regarding examinations, eligibility, salaries, benefits, and other pertinent information.",0.3062,0.0574,0.4545,0.0048,0.11960000000000001,0.0574,0.0
Answer questions regarding the store and its merchandise.,0.5583,0.0971,0.1456,0.0583,0.0922,0.048499999999999995,0.0
Answer questions that patients have about their health and well-being.,0.1732,0.1925,0.5294,0.0213,0.047400000000000005,0.0363,0.0
"Answer simple questions about clients' businesses, using reference files.",0.5524,0.0248,0.2498,0.04,0.09449999999999999,0.0384,0.0
Answer students' questions.,0.19260000000000002,0.0276,0.6439,0.0029,0.115,0.0179,0.0
Answer telephone calls and respond to inquiries or transfer calls.,0.1725,0.020499999999999997,0.3948,0.35450000000000004,0.042800000000000005,0.0149,0.0
Answer telephones and schedule appointments.,0.6522,0.1739,0.0,0.0,0.1739,0.0,0.0
"Answer telephones, and route calls or deliver messages.",0.8095,0.0,0.0,0.1905,0.0,0.0,0.0
Answer user inquiries regarding computer software or hardware operation to resolve problems.,0.20420000000000002,0.44179999999999997,0.2514,0.0285,0.061500000000000006,0.0127,0.0
"Apply analytic methods or tools to understand, predict, or control logistics operations or processes.",0.4643,0.0,0.1429,0.0,0.39289999999999997,0.0,0.0
Apply customer feedback to service improvement efforts.,0.16670000000000001,0.11109999999999999,0.0,0.0,0.7222,0.0,0.0
"Apply elements of music theory to create musical and tonal structures, including harmonies and melodies.",0.29760000000000003,0.16670000000000001,0.047599999999999996,0.011899999999999999,0.47619999999999996,0.0,0.0
"Apply engineering principles or practices to emerging fields, such as robotics, waste management, or biomedical engineering.",0.5,0.0,0.125,0.0,0.375,0.0,0.0
Apply for and obtain all necessary permits or licenses.,0.4138,0.3448,0.0345,0.0,0.1724,0.0345,0.0
"Apply mathematical or statistical techniques to address practical issues in finance, such as derivative valuation, securities trading, risk management, or financial market regulation.",0.41100000000000003,0.041100000000000005,0.3699,0.0137,0.16440000000000002,0.0,0.0
"Apply mathematical theories and techniques to the solution of practical problems in business, engineering, the sciences, or other fields.",0.5054,0.0258,0.2354,0.005699999999999999,0.1905,0.037200000000000004,0.0
"Apply modeling or quantitative analysis to forecast events, such as human decisions or behaviors, the structure or processes of organizations, or the attitudes or actions of human groups.",0.2,0.1067,0.1333,0.0,0.56,0.0,0.0
"Apply relevant laws, regulations, policies, or precedents to reach conclusions.",0.3427,0.0464,0.2095,0.0052,0.3464,0.049800000000000004,0.0
Apply selected research findings to practice.,0.3243,0.013500000000000002,0.4865,0.0,0.1351,0.0405,0.0
"Apply story development, directing, cinematography, and editing to animation to create storyboards that show the flow of the animation and map out key scenes and characters.",0.3624,0.10039999999999999,0.0,0.0087,0.524,0.0044,0.0
"Apply theoretical expertise and innovation to create or apply new technology, such as adapting principles for applying computers to new uses.",0.2696,0.1492,0.3089,0.0183,0.2487,0.0052,0.0
Appraise and inventory real and personal property for estate planning.,0.4167,0.0833,0.0417,0.0,0.4583,0.0,0.0
"Appraise property values, assessing income potential when relevant.",0.42310000000000003,0.1026,0.0641,0.0256,0.34619999999999995,0.0385,0.0
"Archive documents, conduct research, and read copy, using the internet and various computer programs.",0.6015999999999999,0.0622,0.0509,0.0045000000000000005,0.272,0.0088,0.0
Arrange and edit music to fit style and purpose.,0.2414,0.0862,0.0172,0.0172,0.6379,0.0,0.0
"Arrange music composed by others, changing the music to achieve desired effects.",0.2778,0.22219999999999998,0.0,0.0,0.5,0.0,0.0
"Arrange telephone answering services, deliver mail and packages, or answer questions regarding locations for eating and entertainment.",0.5025999999999999,0.1094,0.08070000000000001,0.0339,0.2656,0.0078000000000000005,0.0
Ask questions that will help clients identify their feelings and behaviors.,0.0318,0.2754,0.3044,0.203,0.1199,0.0655,0.0
"Assemble and issue required documentation, such as tickets, travel insurance policies, or itineraries.",0.413,0.1304,0.0,0.0217,0.413,0.0217,0.0
Assemble documentation packages and produce drawing sets to be checked by an engineer or an architect.,0.40740000000000004,0.0926,0.0,0.037000000000000005,0.42590000000000006,0.037000000000000005,0.0
"Assemble sets of assumptions, and explore the consequences of each set.",0.162,0.0274,0.44549999999999995,0.0281,0.19329999999999997,0.1437,0.0
"Assess blockchain threats, such as untested code and unprotected keys.",0.2245,0.38780000000000003,0.1837,0.0,0.1429,0.061200000000000004,0.0
"Assess client functioning levels, strengths, and areas of need in terms of perceptual, sensory, affective, communicative, musical, physical, cognitive, social, spiritual, or other abilities.",0.2857,0.07139999999999999,0.2143,0.0143,0.2143,0.2,0.0
"Assess clients' functioning in areas such as vision, orientation and mobility skills, social and emotional issues, cognition, physical abilities, and personal goals.",0.21050000000000002,0.21050000000000002,0.0526,0.0,0.36840000000000006,0.15789999999999998,0.0
"Assess clients' overall financial situations by reviewing income, assets, debts, expenses, credit reports, or other financial information.",0.2615,0.2923,0.09230000000000001,0.0,0.3538,0.0,0.0
"Assess clients' soft tissue condition, joint quality and function, muscle strength, and range of motion.",0.2,0.1231,0.15380000000000002,0.0154,0.3077,0.2,0.0
"Assess effectiveness and efficiency of instruction according to ease of instructional technology use and student learning, knowledge transfer, and satisfaction.",0.225,0.025,0.025,0.05,0.225,0.45,0.0
Assess employee performance and suggest ways to improve work.,0.4028,0.0556,0.0,0.0,0.5,0.0417,0.0
Assess employee performance.,0.4347,0.0819,0.031,0.0066,0.3505,0.09519999999999999,0.0
Assess nature and extent of illness or injury to establish and prioritize medical procedures.,0.2876,0.366,0.22219999999999998,0.006500000000000001,0.098,0.0196,0.0
"Assess nutritional needs, diet restrictions, and current health plans to develop and implement dietary-care plans and provide nutritional counseling.",0.07690000000000001,0.5117,0.1304,0.0,0.25420000000000004,0.0268,0.0
"Assess or propose sustainability initiatives, considering factors such as cost effectiveness, technical feasibility, and acceptance.",0.7368000000000001,0.0,0.0526,0.0526,0.15789999999999998,0.0,0.0
"Assess patients' mental and physical status, based on the presenting symptoms and complaints.",0.1793,0.3586,0.2138,0.0138,0.11720000000000001,0.11720000000000001,0.0
"Assess patients' psychosocial status and needs, including areas such as sleep patterns, anxiety, grief, anger, and support systems.",0.20829999999999999,0.3333,0.2917,0.0417,0.125,0.0,0.0
"Assess performance following athletic competition, identifying strengths and weaknesses and making adjustments to improve future performance.",0.3134,0.1343,0.08960000000000001,0.0149,0.209,0.23879999999999998,0.0
Assess physical performance requirements to aid in the development of individualized recovery or rehabilitation exercise programs.,0.16670000000000001,0.2143,0.16670000000000001,0.047599999999999996,0.3095,0.09519999999999999,0.0
"Assess project feasibility by analyzing technology, resource needs, or market demand.",0.3676,0.0836,0.11320000000000001,0.0166,0.3145,0.1045,0.0
"Assess staffing needs and recruit staff, using methods such as newspaper advertisements or attendance at job fairs.",0.4286,0.07139999999999999,0.0179,0.0,0.4643,0.0179,0.0
Assess students' dancing abilities to determine where improvement or change is needed.,0.2917,0.0417,0.0,0.0,0.4583,0.20829999999999999,0.0
Assess students' progress throughout tutoring sessions.,0.0554,0.1459,0.3638,0.0034999999999999996,0.1002,0.33130000000000004,0.0
"Assess the needs and interests of individuals and groups and plan activities accordingly, given the available equipment or facilities.",0.35240000000000005,0.1268,0.10949999999999999,0.2259,0.1726,0.0128,0.0
Assess the usefulness of pre-developed application packages and adapt them to a user environment.,0.3981,0.16670000000000001,0.20370000000000002,0.0,0.19440000000000002,0.037000000000000005,0.0
Assess the user-interface or usability characteristics of products.,0.3039,0.09449999999999999,0.049100000000000005,0.0265,0.23199999999999998,0.294,0.0
"Assess urgent and emergent health conditions, using both physiologically and technologically derived data.",0.1489,0.6064,0.11699999999999999,0.0106,0.09570000000000001,0.0213,0.0
Assign and grade class work and homework.,0.34380000000000005,0.0625,0.1563,0.0,0.1875,0.25,0.0
Assign duties or responsibilities to project personnel.,0.4,0.0571,0.0286,0.0,0.5143,0.0,0.0
"Assign duties to workers, and schedule shifts.",0.3529,0.0,0.0,0.0588,0.5882000000000001,0.0,0.0
Assign lessons and correct homework.,0.6111,0.0,0.16670000000000001,0.0,0.0,0.22219999999999998,0.0
Assign or schedule tasks to meet work priorities and goals.,0.3636,0.12119999999999999,0.0,0.030299999999999997,0.48479999999999995,0.0,0.0
Assist customers by providing information and resolving their complaints.,0.2717,0.306,0.23550000000000001,0.0626,0.0775,0.0467,0.0
"Assist drafters in developing the structural design of products, using drafting tools or computer-assisted drafting equipment or software.",0.1613,0.22579999999999997,0.0968,0.0323,0.4839,0.0,0.0
Assist in laying out material for publication.,0.4512,0.0669,0.0172,0.0229,0.4359,0.005699999999999999,0.0
Assist in setting up or optimizing analytics tools for tracking visitors' behaviors.,0.25,0.25,0.0625,0.0,0.4375,0.0,0.0
Assist individuals in filling out applications or questionnaires.,0.3194,0.3899,0.057300000000000004,0.0264,0.1938,0.0132,0.0
Assist patients in organizing their health care system activities.,0.2576,0.2712,0.22030000000000002,0.0373,0.18309999999999998,0.0305,0.0
Assist patrons by giving directions to points in or outside of the facility or providing information about local attractions.,0.4894,0.2447,0.0426,0.0,0.2234,0.0,0.0
Assist students who need extra help with their coursework outside of class.,0.2541,0.05,0.45049999999999996,0.0092,0.1746,0.061500000000000006,0.0
"Assist students who need extra help, such as by tutoring and preparing and implementing remedial programs.",0.1063,0.109,0.5559000000000001,0.0,0.1362,0.0926,0.0
"Attend to the needs of the bereaved, such as by offering comfort, counseling, or after-care programs.",0.1503,0.1471,0.2418,0.2843,0.1307,0.0458,0.0
Automate the deployment of software updates over geographically distributed network nodes.,0.34380000000000005,0.375,0.0625,0.015600000000000001,0.20309999999999997,0.0,0.0
Back up or modify applications and related data to provide for disaster recovery.,0.6735,0.2245,0.0,0.0204,0.0816,0.0,0.0
"Bake, roast, broil, and steam meats, fish, vegetables, and other foods.",0.6522,0.028999999999999998,0.1304,0.0,0.1739,0.014499999999999999,0.0
"Book airline or train tickets, reserve rental cars, or arrange shuttle service for guests.",0.29410000000000003,0.1765,0.0,0.0,0.5294,0.0,0.0
"Break systems into their components, assign numerical values to each component, and examine the mathematical relationships between them.",0.38280000000000003,0.032799999999999996,0.30269999999999997,0.0066,0.24559999999999998,0.029500000000000002,0.0
Build and update digital databases.,0.9212,0.0622,0.0,0.0083,0.0062,0.0021,0.0
Build models for algorithm or control feature verification testing.,0.2727,0.2121,0.030299999999999997,0.030299999999999997,0.39390000000000003,0.060599999999999994,0.0
"Build, test, and modify product prototypes, using working models or theoretical models constructed with computer simulation.",0.32689999999999997,0.1635,0.0096,0.0,0.4904,0.0096,0.0
Calculate actual treatment dosages delivered during each session.,0.7099,0.0992,0.0229,0.015300000000000001,0.1374,0.015300000000000001,0.0
Calculate amount of claim.,0.3125,0.1875,0.0625,0.0625,0.375,0.0,0.0
"Calculate and compile order-related statistics, and prepare reports for management.",0.5294,0.0588,0.0,0.0,0.4118,0.0,0.0
"Calculate and quote rates for tours, stocks, insurance policies, or other products or services.",0.2821,0.0513,0.0513,0.0256,0.5640999999999999,0.0256,0.0
Calculate corrections for refractive errors.,0.8774,0.009399999999999999,0.009399999999999999,0.0,0.0849,0.0189,0.0
Calculate costs for billings or commissions.,0.23079999999999998,0.07690000000000001,0.07690000000000001,0.0,0.6154,0.0,0.0
"Calculate costs of materials, overhead, and other expenses, based on estimates, quotations and price lists.",0.2967,0.1148,0.0478,0.0048,0.5311,0.0048,0.0
"Calculate design specifications or cost, material, and resource estimates, and prepare project schedules and budgets.",0.21739999999999998,0.1739,0.0435,0.0,0.5652,0.0,0.0
"Calculate figures, such as required amounts of labor or materials, manufacturing costs, or wages, using pricing schedules, adding machines, calculators, or computers.",0.3285,0.1014,0.053099999999999994,0.0048,0.4879,0.0242,0.0
"Calculate gross and net tonnage, hold capacities, volumes of stored fuel and water, cargo weights, and vessel stability factors, using mathematical formulas.",0.6809000000000001,0.0426,0.0851,0.0213,0.1277,0.0426,0.0
"Calculate labor and equipment requirements and production specifications, using standard formulas.",0.3421,0.0658,0.0789,0.0132,0.4671,0.0329,0.0
Calculate load estimates or equipment requirements to determine required control settings.,0.375,0.125,0.0625,0.0,0.375,0.0625,0.0
Calculate material requirements or yields according to formulas.,0.4545,0.1061,0.0758,0.0,0.3333,0.030299999999999997,0.0
Calculate potential energy savings by comparing estimated energy consumption of proposed design to baseline standards.,0.17809999999999998,0.041100000000000005,0.2329,0.0,0.4932,0.0548,0.0
Calculate potential for energy savings.,0.2652,0.11359999999999999,0.3106,0.0152,0.2879,0.0076,0.0
"Calculate premiums, refunds, commissions, adjustments, or new reserve requirements, using insurance rate standards.",0.31370000000000003,0.098,0.1373,0.0392,0.3333,0.0784,0.0
"Calculate purchase subtotals, taxes, and shipping costs for submission to customers.",0.4667,0.0867,0.0467,0.0067,0.3533,0.04,0.0
Calculate required capacities for equipment of proposed system to obtain specified performance and submit data to engineering personnel for approval.,0.21050000000000002,0.21050000000000002,0.0,0.0,0.5789,0.0,0.0
"Calculate revenue, sales, and expenses, using financial accounting or spreadsheet software.",0.23879999999999998,0.1219,0.0821,0.0025,0.5423,0.0124,0.0
"Calculate the value of property based on comparisons to recent sales, estimated cost to reproduce, and anticipated property income streams.",0.2188,0.09380000000000001,0.125,0.0,0.5,0.0625,0.0
Calculate valve areas from blood flow velocity measurements.,0.8286,0.0,0.0,0.0286,0.1429,0.0,0.0
"Calculate, measure, and record radiation dosage or radiopharmaceuticals received, used, and disposed, using computer and following physician's prescription.",0.8571,0.0,0.0,0.0,0.1143,0.0286,0.0
"Calculate, or verify calculations of, prescribed radiation doses.",0.6944,0.0556,0.0556,0.0,0.1389,0.0556,0.0
"Calculate, prepare, and issue bills, invoices, account statements, and other financial statements according to established procedures.",0.2389,0.061900000000000004,0.0177,0.0088,0.6726000000000001,0.0,0.0
"Calculate, review, and correct errors on interest, principal, payment, and closing costs, using computers or calculators.",0.2707,0.0977,0.0602,0.0,0.5188,0.0526,0.0
"Care for individuals or families during periods of incapacitation, family disruption, or convalescence, providing companionship, personal care, or help in adjusting to new lifestyles.",0.07429999999999999,0.1399,0.1265,0.5357,0.066,0.057699999999999994,0.0
Carry messages or documents between departments.,0.7143,0.09519999999999999,0.0,0.023799999999999998,0.16670000000000001,0.0,0.0
"Catalogue and sort books and other print and non-print materials according to procedure and return them to shelves, files, or other designated storage areas.",0.9107,0.0536,0.0,0.0,0.035699999999999996,0.0,0.0
Check all load-related documentation for completeness and accuracy.,0.5,0.3,0.0,0.0,0.1,0.1,0.0
Check and analyze operating system or application log files regularly to verify proper system performance.,0.3696,0.5075,0.049800000000000004,0.0116,0.0475,0.0139,0.0
"Check completed work for spelling, grammar, punctuation, and format.",0.2441,0.0208,0.016399999999999998,0.0059,0.2162,0.4966,0.0
"Check construction plans, design calculations, or cost estimations to ensure completeness, accuracy, or conformity to engineering standards or practices.",0.2817,0.0556,0.0873,0.0,0.3056,0.2698,0.0
"Check data input or verify totals on forms prepared by others to detect errors in arithmetic, data entry, or procedures.",0.41969999999999996,0.07769999999999999,0.0052,0.0052,0.2409,0.25129999999999997,0.0
Check dimensions of materials to be used and assign numbers to lists of materials.,0.7692,0.0192,0.0,0.0,0.1442,0.0673,0.0
Check dimensions of materials to be used and assign numbers to the materials.,0.75,0.0,0.0278,0.0,0.16670000000000001,0.0556,0.0
"Check figures, postings, and documents for correct entry, mathematical accuracy, and proper codes.",0.3357,0.1888,0.009300000000000001,0.006999999999999999,0.303,0.1562,0.0
Check inventory records to determine availability of requested merchandise.,0.7037,0.11109999999999999,0.0,0.0,0.1852,0.0,0.0
"Check original texts or confer with authors to ensure that translations retain the content, meaning, and feeling of the original material.",0.3235,0.0588,0.0294,0.0,0.1765,0.4118,0.0
Check preliminary and final proofs for errors and make necessary corrections.,0.2661,0.1855,0.008100000000000001,0.0242,0.2581,0.2581,0.0
"Check products for quality, and identify damaged or expired goods.",0.3851,0.2838,0.0608,0.013500000000000002,0.0203,0.2365,0.0
Check source data to verify completeness and accuracy.,0.5268,0.1027,0.0179,0.0134,0.13390000000000002,0.2054,0.0
Check specifications of materials loaded or unloaded against information contained in work orders.,0.4815,0.0741,0.0,0.0741,0.1481,0.22219999999999998,0.0
Check translations of technical terms and terminology to ensure that they are accurate and remain consistent throughout translation revisions.,0.4844,0.09380000000000001,0.0,0.0,0.34380000000000005,0.0781,0.0
Choose settings and locations for films and determine how scenes will be shot in these settings.,0.2193,0.1243,0.0055000000000000005,0.002,0.6455,0.0034000000000000002,0.0
"Choose subject matter and suitable form to express personal feelings and experiences or ideas, or to narrate stories or events.",0.17329999999999998,0.18710000000000002,0.0287,0.0318,0.5478000000000001,0.031400000000000004,0.0
Classify and catalog items according to content and purpose.,0.779,0.0861,0.0,0.0075,0.1273,0.0,0.0
"Classify, record, and summarize numerical and financial data to compile and keep financial records, using journals and ledgers or computers.",0.44170000000000004,0.22390000000000002,0.0031,0.0123,0.316,0.0031,0.0
Clean and manipulate raw data using statistical software.,0.3013,0.2853,0.0288,0.0,0.3766,0.008,0.0
Clean or prepare various foods for cooking or serving.,0.6522,0.087,0.1739,0.0,0.0435,0.0435,0.0
Coach client representatives in effective communication with the public or with employees.,0.1222,0.23079999999999998,0.1118,0.0233,0.4705,0.0414,0.0
Coach senior executives and managers on leadership and performance.,0.2535,0.2183,0.162,0.0282,0.2887,0.0493,0.0
Code data in preparation for computer entry.,0.5614,0.0702,0.0175,0.0,0.3333,0.0175,0.0
"Code data prior to computer entry, using lists of codes.",0.6667000000000001,0.0667,0.0,0.0,0.2667,0.0,0.0
Code documents according to company procedures.,0.7111,0.0444,0.0,0.0444,0.2,0.0,0.0
"Code, evaluate, or interpret collected study data.",0.2933,0.10779999999999999,0.1625,0.0079,0.3796,0.0489,0.0
Collaborate with counselors to develop counseling programs that address the needs of individual students.,0.5172,0.0345,0.10339999999999999,0.0,0.3103,0.0345,0.0
Collaborate with engineers or software developers to select appropriate design solutions or ensure the compatibility of system components.,0.0,0.7222,0.0556,0.0,0.16670000000000001,0.0556,0.0
Collaborate with field staff or customers to evaluate or diagnose problems and recommend possible solutions.,0.09140000000000001,0.5571,0.1471,0.0139,0.1577,0.0329,0.0
Collaborate with other actors as part of an ensemble.,0.0,0.7979,0.0106,0.0213,0.1702,0.0,0.0
"Collaborate with other personnel to plan and develop recipes or menus, taking into account such factors as seasonal availability of ingredients or the likely number of customers.",0.1456,0.0971,0.0097,0.0,0.7379000000000001,0.0097,0.0
Collaborate with other writers on specific projects.,0.0,0.4118,0.0,0.0,0.5882000000000001,0.0,0.0
Collaborate with staff members to plan or develop programs of events or schedules of activities.,0.21969999999999998,0.060700000000000004,0.0331,0.0175,0.6618,0.0074,0.0
"Collaborate with web development professionals, such as front-end or back-end developers, to complete the full scope of Web development projects.",0.035699999999999996,0.6429,0.0,0.0,0.2857,0.035699999999999996,0.0
Collaborate with workers and managers to solve work-related problems.,0.2,0.4571,0.0,0.0286,0.2571,0.0571,0.0
"Collect and analyze Web metrics, such as visits, time on site, page views per visit, transaction volume and revenue, traffic mix, click-through rates, conversion rates, cost per acquisition, or cost per click.",0.3835,0.2861,0.0885,0.0118,0.2006,0.029500000000000002,0.0
"Collect and analyze data on customer demographics, preferences, needs, and buying habits to identify potential markets and factors affecting product demand.",0.34909999999999997,0.0408,0.2643,0.0277,0.2741,0.044000000000000004,0.0
Collect and analyze data to determine environmental conditions and restoration needs.,0.3529,0.1176,0.2353,0.0,0.2647,0.0294,0.0
"Collect and analyze data, such as studying old records, tallying the number of outpatients entering each day or week, or participating in federal, state, or local population surveys as a Census Enumerator.",0.6439,0.0833,0.030299999999999997,0.0076,0.2348,0.0,0.0
Collect and analyze relevant data to identify real estate market trends.,0.40380000000000005,0.098,0.1452,0.0070999999999999995,0.3235,0.022400000000000003,0.0
"Collect business intelligence data from available industry reports, public information, field reports, or purchased sources.",0.5179,0.0716,0.0661,0.0040999999999999995,0.3251,0.0152,0.0
"Collect data about existing client hardware, software, networking, or key business processes to inform implementation of radio frequency identification device (RFID) technology.",0.6111,0.22219999999999998,0.0,0.16670000000000001,0.0,0.0,0.0
"Collect data about the attitudes, values, and behaviors of people in groups, using observation, interviews, and review of documents.",0.2813,0.125,0.1563,0.09380000000000001,0.3125,0.0313,0.0
Collect data through surveys or experimentation.,0.3789,0.10529999999999999,0.0842,0.2842,0.1474,0.0,0.0
"Collect information about clients through interviews, observation, or tests.",0.2332,0.287,0.0617,0.1099,0.302,0.0063,0.0
"Collect information about clients, using techniques such as testing, interviewing, discussion, or observation.",0.24960000000000002,0.2753,0.049800000000000004,0.1275,0.2924,0.0054,0.0
"Collect information about individuals or clients, using interviews, case histories, observational techniques, and other assessment methods.",0.22219999999999998,0.3319,0.1326,0.1421,0.1631,0.008,0.0
"Collect information and make judgments through observation, interviews, and review of documents.",0.32299999999999995,0.1898,0.0669,0.20379999999999998,0.1977,0.0189,0.0
"Collect supplementary information needed to assist client, such as employment records, medical records, or school reports.",0.3636,0.1515,0.060599999999999994,0.0909,0.3333,0.0,0.0
"Collect, analyze, and interpret data, such as election results and public opinion surveys, reporting on findings, recommendations, and conclusions.",0.2994,0.0825,0.28600000000000003,0.030699999999999998,0.22460000000000002,0.0768,0.0
"Collect, compile, or integrate Geographic Information Systems (GIS) data, such as remote sensing or cartographic data for inclusion in map manuscripts.",0.47369999999999995,0.36840000000000006,0.0,0.0,0.15789999999999998,0.0,0.0
"Collect, record, and maintain patient information, such as medical histories, reports, or examination results.",0.5714,0.1429,0.047599999999999996,0.047599999999999996,0.1905,0.0,0.0
Combine secondary data sources with keyword research to more accurately profile and satisfy user intent.,0.4918,0.12300000000000001,0.040999999999999995,0.008199999999999999,0.3197,0.016399999999999998,0.0
Comfort and reassure patients.,0.0146,0.1678,0.1264,0.5954,0.023,0.0728,0.0
"Communicate examination results or diagnostic information to referring physicians, patients, or families.",0.4225,0.08449999999999999,0.3521,0.0141,0.0986,0.0282,0.0
Communicate likely outcomes of medical diseases or traumatic conditions to patients or their representatives.,0.0851,0.13699999999999998,0.7051999999999999,0.0143,0.035699999999999996,0.0227,0.0
"Communicate project information through presentations, technical reports, or white papers.",0.2948,0.0767,0.019,0.0138,0.5905,0.0052,0.0
"Communicate test results or technical information to patients, physicians, family members, or researchers.",0.3129,0.1769,0.415,0.013600000000000001,0.0748,0.0068000000000000005,0.0
"Communicate with children's parents or guardians about daily activities, behaviors, and related issues.",0.2588,0.1353,0.4412,0.0471,0.0353,0.0824,0.0
"Communicate with clients to build rapport, acknowledge their progress, or reflect upon their reactions to musical experiences.",0.0,0.1176,0.1765,0.5882000000000001,0.0,0.1176,0.0
"Communicate with customers and vendors to exchange information regarding products, materials, and services.",0.3212,0.051399999999999994,0.318,0.07919999999999999,0.1478,0.0824,0.0
"Communicate with customers regarding orders, comments, and complaints.",0.387,0.1109,0.0063,0.043899999999999995,0.4414,0.0105,0.0
"Communicate with customers, employees, and other individuals to answer questions, disseminate or explain information, take orders, and address complaints.",0.24960000000000002,0.4372,0.0277,0.1011,0.168,0.0163,0.0
"Communicate with or monitor service providers, such as ocean carriers, air freight forwarders, global consolidators, customs brokers, or trucking companies.",0.8519,0.11109999999999999,0.0,0.037000000000000005,0.0,0.0,0.0
"Communicate with readers, viewers, advertisers, or the general public via mail, email, or telephone.",0.36590000000000006,0.048799999999999996,0.0,0.0060999999999999995,0.5732,0.0060999999999999995,0.0
Communicate with staff or clients to understand specific system requirements.,0.0808,0.3636,0.0202,0.0101,0.5253,0.0,0.0
Communicate with system users to ensure accounts are set up properly or to diagnose and solve operational problems.,0.055999999999999994,0.768,0.128,0.024,0.024,0.0,0.0
Compare a property with similar properties that have recently sold to determine its competitive market price.,0.4706,0.1324,0.0441,0.0,0.3235,0.0294,0.0
"Compare colors, shapes, textures, or grades of products or materials with color charts, templates, or samples to verify conformance to standards.",0.38299999999999995,0.1277,0.0426,0.0851,0.23399999999999999,0.1277,0.0
"Compare data with source documents, or re-enter data in verification format to detect errors.",0.3287,0.2572,0.0163,0.0038,0.33630000000000004,0.057699999999999994,0.0
Compare encoded tapes or computer printouts with original part specifications and blueprints to verify accuracy of instructions.,0.3611,0.0694,0.0139,0.0139,0.1389,0.4028,0.0
"Compare information or figures on one record against same data on other records, or with original copy, to detect errors.",0.3829,0.1971,0.0229,0.0086,0.3057,0.08289999999999999,0.0
"Compare liquidity, profitability, and credit histories of establishments being evaluated with those of similar establishments in the same industries and geographic locations.",0.5408,0.0102,0.1531,0.0,0.2347,0.061200000000000004,0.0
"Compare logic element configuration on display screen with engineering schematics and calculate figures to convert, redesign, or modify element.",0.7905,0.027000000000000003,0.0338,0.0,0.1149,0.0338,0.0
"Compare models using statistical performance metrics, such as loss functions or proportion of explained variance.",0.20559999999999998,0.3111,0.2,0.0,0.25,0.0333,0.0
"Compare prices, specifications, and delivery dates to determine the best bid among potential suppliers.",0.2873,0.2486,0.0387,0.0,0.40880000000000005,0.0166,0.0
Compare suppliers' bills with bids and purchase orders to verify accuracy.,0.5625,0.0625,0.0,0.0,0.3125,0.0625,0.0
Compare survey computations with applicable standards to determine adequacy of data.,0.3478,0.087,0.0217,0.0217,0.1304,0.39130000000000004,0.0
Compile and analyze accounting records and other data to determine the financial resources required to implement a program.,0.5091,0.0182,0.0545,0.0727,0.3273,0.0182,0.0
Compile and analyze credit information gathered by investigation.,0.354,0.1491,0.1925,0.0062,0.2547,0.0435,0.0
Compile and analyze data obtained from monitoring or diagnostic tests.,0.303,0.2121,0.41409999999999997,0.0,0.050499999999999996,0.0202,0.0
Compile and analyze molecular or cellular experimental data and adjust experimental designs as necessary.,0.21050000000000002,0.31579999999999997,0.0526,0.0526,0.21050000000000002,0.15789999999999998,0.0
Compile and analyze test information to determine process or equipment operating efficiency or to diagnose malfunctions.,0.20739999999999997,0.5082,0.10869999999999999,0.0072,0.1381,0.030299999999999997,0.0
Compile and format image data to increase its usefulness.,0.39649999999999996,0.0649,0.013600000000000001,0.0108,0.5102,0.004,0.0
Compile and interpret results of tests and analyses.,0.32280000000000003,0.1534,0.2259,0.0115,0.2249,0.061500000000000006,0.0
"Compile and maintain records documenting engineering schematics, installed equipment, installation or operational problems, resources used, repairs, or corrective action performed.",0.2586,0.3276,0.0862,0.0345,0.2759,0.0172,0.0
Compile and maintain records of food use and expenditures.,0.2366,0.5484,0.0,0.0,0.2043,0.0108,0.0
Compile and maintain regulatory documentation databases or systems.,0.7304,0.1217,0.0174,0.0087,0.1217,0.0,0.0
"Compile and prepare documentation related to production sequences, transportation, personnel schedules, or purchase, maintenance, or repair orders.",0.4286,0.09519999999999999,0.0,0.0,0.47619999999999996,0.0,0.0
Compile and prepare reports and documents pertaining to personnel activities.,0.5507,0.057999999999999996,0.0072,0.014499999999999999,0.3696,0.0,0.0
"Compile and record medical charts, reports, or correspondence, using typewriter or personal computer.",0.5588000000000001,0.06860000000000001,0.0196,0.0098,0.3431,0.0,0.0
Compile and record operational data on forms or in log books.,0.6523,0.1386,0.005600000000000001,0.0106,0.1911,0.0017000000000000001,0.0
"Compile and study occupational, educational, and economic information to assist counselees in determining and carrying out vocational and educational objectives.",0.2328,0.1121,0.34869999999999995,0.0083,0.2789,0.0192,0.0
"Compile and write documentation of program development and subsequent revisions, inserting comments in the coded instructions so others can understand the program.",0.4046,0.3624,0.013300000000000001,0.0040999999999999995,0.2065,0.0091,0.0
"Compile budget data and documents, based on estimated revenues and expenses and previous budgets.",0.32,0.04,0.08,0.04,0.52,0.0,0.0
Compile data from records to prepare periodic reports.,0.7906,0.0509,0.0038,0.0,0.1547,0.0,0.0
"Compile employee time, production, and payroll data from time sheets and other records.",0.6667000000000001,0.125,0.0,0.0,0.20829999999999999,0.0,0.0
"Compile information about flights from flight plans, pilot reports, radar, or observations.",0.44439999999999996,0.0556,0.0,0.0,0.5,0.0,0.0
"Compile information about new accounts, enter account information into computers, and file related forms or other documents.",0.6535,0.2079,0.0,0.019799999999999998,0.1188,0.0,0.0
Compile information on content and context of information to be translated and on intended audience.,0.7125,0.075,0.0375,0.0125,0.1625,0.0,0.0
"Compile information, such as production rates and progress, materials inventories, materials used, or customer information, so that status reports can be completed.",0.5517,0.0862,0.0,0.0345,0.3103,0.0172,0.0
Compile laboratory test data and perform appropriate analyses.,0.3439,0.1267,0.1041,0.0045000000000000005,0.38909999999999995,0.0317,0.0
Compile lists describing product or service offerings.,0.4991,0.0642,0.0018,0.0070999999999999995,0.4207,0.0070999999999999995,0.0
"Compile operational or personnel records, such as time and production records, inventory data, repair or maintenance statistics, or test results.",0.5256000000000001,0.2564,0.0,0.0128,0.2051,0.0,0.0
Compile or develop materials to submit to granting or other funding organizations.,0.35259999999999997,0.0405,0.0173,0.0116,0.578,0.0,0.0
"Compile or maintain records of system operation, performance, and maintenance.",0.9573999999999999,0.016200000000000003,0.0,0.024300000000000002,0.002,0.0,0.0
"Compile reports of cost factors, such as labor, production, storage, and equipment.",0.34119999999999995,0.0353,0.0059,0.0059,0.6059,0.0059,0.0
"Compile reports, charts, or graphs that describe and interpret findings of analyses.",0.5789,0.0538,0.015700000000000002,0.0034000000000000002,0.3427,0.005600000000000001,0.0
"Compile scripts, program notes, and other material related to productions.",0.5758,0.11359999999999999,0.0076,0.0,0.2879,0.0152,0.0
"Compile statistical, financial, accounting, or auditing reports and tables pertaining to such matters as cash receipts, expenditures, accounts payable and receivable, and profits and losses.",0.59,0.0805,0.015300000000000001,0.0077,0.2989,0.0077,0.0
"Compile statistics from source materials, such as production or sales records, quality-control or test records, time sheets, or survey sheets.",0.5652,0.1304,0.0,0.014499999999999999,0.2754,0.014499999999999999,0.0
"Compile terminology and information to be used in translations, including technical terms such as those for legal or medical material.",0.6071,0.0643,0.0143,0.021400000000000002,0.2857,0.0070999999999999995,0.0
"Compile, administer, and grade examinations or assign this work to others.",0.5989,0.07139999999999999,0.0385,0.011000000000000001,0.2527,0.0275,0.0
"Compile, administer, and grade examinations, or assign this work to others.",0.524,0.07690000000000001,0.024,0.0048,0.34130000000000005,0.0288,0.0
"Compile, analyze, and report data to explain economic phenomena and forecast market trends, applying mathematical models and statistical techniques.",0.3898,0.0508,0.25420000000000004,0.0169,0.2373,0.0508,0.0
"Compile, copy, sort, and file records of office activities, business transactions, and other activities.",0.7739,0.1456,0.0,0.0192,0.0613,0.0,0.0
"Compile, log, or record testing or operational data for review and further analysis.",0.6635,0.2669,0.009399999999999999,0.0019,0.0489,0.009399999999999999,0.0
"Compile, record, and code results or data from interview or survey, using computer or specified form.",0.5984,0.0718,0.0,0.0053,0.3191,0.0053,0.0
"Compile, record, and evaluate personal and financial data to verify completeness and accuracy, and to determine eligibility status.",0.40630000000000005,0.2188,0.0,0.0313,0.3125,0.0313,0.0
"Compile, sort, and verify the accuracy of data before it is entered.",0.5494,0.1329,0.0063,0.0089,0.2924,0.0101,0.0
"Compile, transcribe, and distribute minutes of meetings.",0.7456999999999999,0.039,0.0067,0.0095,0.19519999999999998,0.0038,0.0
Complete accident reports when necessary.,0.2,0.15,0.0,0.0,0.65,0.0,0.0
"Complete and maintain accurate records or reports regarding the patients' histories and progress, services provided, or other required information.",0.4286,0.2095,0.019,0.0095,0.32380000000000003,0.0095,0.0
Complete and maintain time and attendance forms and inventory lists.,0.23809999999999998,0.09519999999999999,0.047599999999999996,0.0,0.619,0.0,0.0
Complete baggage insurance forms.,0.5349,0.0291,0.0,0.14529999999999998,0.2907,0.0,0.0
"Complete expense reports, sales reports, or other paperwork.",0.4189,0.08109999999999999,0.0,0.0,0.5,0.0,0.0
Complete form letters in response to requests or problems identified by correspondence.,0.6392,0.10310000000000001,0.0,0.0,0.2577,0.0,0.0
Complete forms in accordance with company procedures.,0.3171,0.3171,0.024399999999999998,0.0,0.34149999999999997,0.0,0.0
Complete laboratory projects prior to assigning them to students so that any needed modifications can be made.,0.4375,0.2188,0.0313,0.0,0.2813,0.0313,0.0
"Complete models and simulations, using manual or automated tools, to analyze or predict system performance under different operating conditions.",0.2967,0.1648,0.1648,0.0,0.35159999999999997,0.022000000000000002,0.0
"Complete production reports, purchase orders, and material, tool, and equipment lists.",0.4167,0.0,0.0,0.0208,0.5625,0.0,0.0
Complete reports and forms required to finalize cases.,0.3333,0.09880000000000001,0.0123,0.0,0.5556,0.0,0.0
"Complete reports related to project status, progress, or other work details, using computer software.",0.6825,0.157,0.0042,0.0034999999999999996,0.1485,0.0042,0.0
Complete sales order tickets and submit for processing of client-requested transactions.,0.6429,0.35710000000000003,0.0,0.0,0.0,0.0,0.0
"Complete work schedules, manage calendars, and arrange appointments.",0.5922,0.1751,0.0092,0.0622,0.159,0.0023,0.0
Compose and edit scripts or provide screenwriters with story outlines from which scripts can be written.,0.2181,0.0311,0.0139,0.0055000000000000005,0.7193,0.012199999999999999,0.0
"Compose business correspondence for supervisors, managers, and professionals.",0.3958,0.0492,0.0215,0.0069,0.511,0.015700000000000002,0.0
"Compose descriptions of merchandise for posting to online storefront, auction sites, or other shopping Web sites.",0.3458,0.1013,0.0126,0.0096,0.5249,0.0058,0.0
Compose explanatory summaries of contents of books and other reference materials.,0.43799999999999994,0.0072,0.054900000000000004,0.0048,0.4854,0.0096,0.0
"Compose images of products, using video or still cameras, lighting equipment, props, or photo or video editing software.",0.2635,0.1959,0.013500000000000002,0.0,0.527,0.0,0.0
"Compose letters in reply to correspondence concerning such items as requests for merchandise, damage claims, credit information requests, delinquent accounts, incorrect billing, or unsatisfactory service.",0.413,0.1268,0.0169,0.0051,0.4304,0.0079,0.0
Compose songs or create vocal arrangements.,0.4299,0.0125,0.0125,0.009300000000000001,0.5296,0.0062,0.0
"Compose, type, and mail customer statements and other correspondence related to issues such as discrepancies and outstanding unpaid items.",0.42340000000000005,0.0219,0.0,0.0073,0.5328,0.0146,0.0
"Compress, digitize, duplicate, and store audio and video data.",0.6815000000000001,0.1401,0.0,0.0064,0.1656,0.0064,0.0
"Compute and analyze data, using statistical formulas and computers or calculators.",0.2894,0.21309999999999998,0.07,0.0021,0.40619999999999995,0.0192,0.0
Compute and compare costs of services.,0.2902,0.17379999999999998,0.0902,0.0033,0.377,0.06559999999999999,0.0
Compute and record totals of transactions.,0.26530000000000004,0.1429,0.0204,0.0,0.5714,0.0,0.0
"Compute and verify totals on report forms, requisitions, or bills, using adding machine or calculator.",0.469,0.0782,0.021099999999999997,0.0074,0.35240000000000005,0.07200000000000001,0.0
Compute cost estimates for labor and materials.,0.35409999999999997,0.09630000000000001,0.0425,0.005699999999999999,0.48729999999999996,0.014199999999999999,0.0
"Compute cost of travel and accommodations, using calculator, computer, carrier tariff books, and hotel rate books, or quote package tour's costs.",0.3043,0.1304,0.0,0.0,0.5652,0.0,0.0
Compute costs of labor and materials to determine production costs of products and articles.,0.2089,0.1582,0.0633,0.0,0.5316,0.038,0.0
"Compute customer's installation or production costs and estimate savings from new services, products, or equipment.",0.1875,0.0625,0.1875,0.0,0.4375,0.125,0.0
"Compute design specifications for implementation of conservation practices, using survey or field information, technical guides or engineering manuals.",0.4,0.0,0.25,0.0,0.35,0.0,0.0
"Compute dimensions, areas, volumes, and weights.",0.5302,0.0779,0.043899999999999995,0.0088,0.3063,0.0329,0.0
"Compute estimates and actual costs of factors such as materials, labor, or outside contractors.",0.3333,0.066,0.050300000000000004,0.0063,0.5094,0.0346,0.0
"Compute figures such as balances, totals, or commissions.",0.4867,0.08990000000000001,0.06860000000000001,0.0088,0.3246,0.021400000000000002,0.0
"Compute final estimation of property values, taking into account such factors as depreciation, replacement costs, value comparisons of similar properties, and income potential.",0.4432,0.1477,0.0227,0.0,0.35229999999999995,0.0341,0.0
"Compute financial fees, interest, and service charges.",0.38270000000000004,0.0748,0.13269999999999998,0.0085,0.3895,0.011899999999999999,0.0
"Compute mathematical formulas to develop and design detailed specifications for components or machinery, using computer-assisted equipment.",0.2562,0.08460000000000001,0.2612,0.0025,0.3557,0.0398,0.0
"Compute moisture or salt content, percentages of ingredients, formulas, or other product factors, using mathematical and chemical procedures.",0.32,0.04,0.24,0.0,0.4,0.0,0.0
Compute payment schedules.,0.625,0.0179,0.035699999999999996,0.0179,0.2857,0.0179,0.0
Compute prices of items or groups of items.,0.4421,0.0974,0.05,0.0105,0.38159999999999994,0.0184,0.0
"Compute reporting metrics, such as on-time delivery rates, order fulfillment rates, or inventory turns.",0.4542,0.1208,0.0667,0.0208,0.30829999999999996,0.0292,0.0
"Compute total holdings, dividends, interest, transfer taxes, brokerage fees, or commissions and allocate appropriate payments to customers.",0.45189999999999997,0.0962,0.1635,0.0096,0.2788,0.0,0.0
"Compute wages and deductions, and enter data into computers.",0.34850000000000003,0.08839999999999999,0.0354,0.0076,0.5126,0.0076,0.0
"Compute, record, and proofread data and other information, such as records or reports.",0.35090000000000005,0.10529999999999999,0.0088,0.0,0.24559999999999998,0.2895,0.0
"Compute, withhold, and account for all payroll deductions.",0.4094,0.058499999999999996,0.09359999999999999,0.0058,0.39770000000000005,0.0351,0.0
"Conceptualize and help design interfaces for multimedia games, products, and devices.",0.2384,0.0745,0.037200000000000004,0.0242,0.6034,0.0223,0.0
"Conduct agricultural research, analyze data, and prepare research reports.",0.6818000000000001,0.0227,0.0227,0.0,0.2727,0.0,0.0
"Conduct analyses to determine the maximum amount of work that can be accomplished for a given amount of energy in a system, such as industrial production systems and waste treatment systems.",0.1739,0.0435,0.2609,0.0,0.39130000000000004,0.1304,0.0
"Conduct classes or demonstrations, or train other workers.",0.0933,0.3134,0.3619,0.011200000000000002,0.19030000000000002,0.029900000000000003,0.0
"Conduct cost-benefit analyses for the construction of water supply systems, runoff collection networks, water and wastewater treatment plants, or wastewater collection systems.",0.2143,0.10710000000000001,0.1429,0.0,0.4286,0.10710000000000001,0.0
Conduct economic or commercial surveys to identify potential markets for products or services.,0.3846,0.0897,0.0513,0.0513,0.42310000000000003,0.0,0.0
Conduct historical analyses of test results.,0.5682,0.0682,0.0455,0.0,0.3182,0.0,0.0
"Conduct historical research, and publish or present findings and theories.",0.1855,0.0565,0.5,0.008100000000000001,0.1935,0.0565,0.0
Conduct inspections to determine crop maturity or condition or to detect disease or insect infestation.,0.4545,0.3636,0.0682,0.0,0.0,0.11359999999999999,0.0
Conduct investigations of information security breaches to identify vulnerabilities and evaluate the damage.,0.0968,0.6129,0.129,0.0,0.0968,0.0645,0.0
"Conduct logical analyses of business, scientific, engineering, and other technical problems, formulating mathematical models of problems for solution by computers.",0.3077,0.1346,0.32689999999999997,0.0,0.23079999999999998,0.0,0.0
"Conduct logistics studies or analyses, such as time studies, zero-base analyses, rate analyses, network analyses, flow-path analyses, or supply chain analyses.",0.5861999999999999,0.0,0.1379,0.0,0.2759,0.0,0.0
"Conduct market research analysis to identify search query trends, real-time search and news media activity, popular social media topics, electronic commerce trends, market opportunities, or competitor performance.",0.43829999999999997,0.1481,0.0646,0.0034999999999999996,0.33020000000000005,0.015300000000000001,0.0
Conduct market research and analyze industry trends.,0.4844,0.08310000000000001,0.0463,0.0069,0.36810000000000004,0.0113,0.0
Conduct needs assessments and strategic learning assessments to develop the basis for curriculum development or to update curricula.,0.5333,0.0667,0.0667,0.1333,0.2,0.0,0.0
"Conduct needs assessments or surveys to determine interest in, or satisfaction with, wellness and fitness programs, events, or services.",0.4286,0.1286,0.0,0.0857,0.35710000000000003,0.0,0.0
"Conduct network and security system audits, using established criteria.",0.38909999999999995,0.38130000000000003,0.0895,0.0039000000000000003,0.10890000000000001,0.027200000000000002,0.0
"Conduct nutritional assessments of individuals, including obtaining and evaluating individuals' dietary histories, to plan nutritional programs.",0.0819,0.5661,0.0931,0.0019,0.2365,0.020499999999999997,0.0
"Conduct personal background investigations, such as pre-employment checks, to obtain information about an individual's character, financial status, or personal history.",0.5294,0.1765,0.0196,0.0392,0.2353,0.0,0.0
Conduct predictive or reactive analyses on security measures to support cyber security initiatives.,0.21789999999999998,0.25670000000000004,0.3632,0.0121,0.08960000000000001,0.0605,0.0
Conduct presentations of analytic findings.,0.486,0.0279,0.2458,0.005600000000000001,0.2291,0.005600000000000001,0.0
Conduct primary patient assessments that include information from prior medical care.,0.3182,0.40909999999999996,0.0909,0.0,0.1818,0.0,0.0
Conduct quality analyses of data inputs and resulting analyses or predictions.,0.1959,0.3558,0.0587,0.0062,0.3114,0.07200000000000001,0.0
"Conduct reference searches, using printed materials and in-house and online databases.",0.4294,0.0645,0.16390000000000002,0.0175,0.3015,0.0232,0.0
"Conduct research in a particular field of knowledge and present findings in professional journals, books, electronic media, or at professional conferences.",0.2361,0.0139,0.3056,0.0139,0.43060000000000004,0.0,0.0
"Conduct research in a particular field of knowledge and publish findings in books, professional journals, or electronic media.",0.5152,0.0,0.2121,0.0,0.2727,0.0,0.0
"Conduct research in a particular field of knowledge and publish findings in professional journals, books, or electronic media.",0.32630000000000003,0.0263,0.3895,0.0,0.2421,0.0158,0.0
"Conduct research in a particular field of knowledge and publish findings in scholarly journals, books, or electronic media.",0.3286,0.0286,0.3143,0.0286,0.27140000000000003,0.0286,0.0
"Conduct research on cell organization and function, including mechanisms of gene expression, cellular bioinformatics, cell signaling, or cell differentiation.",0.1852,0.0,0.6667000000000001,0.0,0.1481,0.0,0.0
"Conduct research on consumer opinions and buying habits, and identify target audiences for products, services, or technologies.",0.4318,0.0732,0.0429,0.0025,0.447,0.0025,0.0
"Conduct research on the structures and properties of materials, such as metals, alloys, polymers, and ceramics, to obtain information that could be used to develop new products or enhance existing ones.",0.22219999999999998,0.0,0.44439999999999996,0.0278,0.22219999999999998,0.0833,0.0
"Conduct research to determine best methods of planting, spraying, cultivating, harvesting, storing, processing, or transporting horticultural products.",0.35,0.1,0.4167,0.0333,0.1,0.0,0.0
"Conduct research to develop methodologies, instrumentation, and procedures for medical application, analyzing data and presenting findings to the scientific audience and general public.",0.2857,0.0,0.5832999999999999,0.0,0.10710000000000001,0.023799999999999998,0.0
"Conduct research to develop methodologies, instrumentation, and procedures for medical application, analyzing data and presenting findings.",0.3478,0.10869999999999999,0.2826,0.0435,0.21739999999999998,0.0,0.0
"Conduct research to obtain factual information and authentic detail, using sources such as newspaper accounts, diaries, and interviews.",0.1282,0.07690000000000001,0.2821,0.1026,0.3333,0.07690000000000001,0.0
"Conduct research, compile data, and prepare papers for consideration and presentation by executives, committees, and boards of directors.",0.49700000000000005,0.029900000000000003,0.0209,0.0,0.4482,0.004,0.0
"Conduct research, data analysis, systems design, or support for software such as Geographic Information Systems (GIS) or Global Positioning Systems (GPS) mapping software.",0.15,0.35,0.275,0.0,0.225,0.0,0.0
Conduct safety training or education programs and demonstrate the use of safety equipment.,0.6744,0.0233,0.13949999999999999,0.0,0.0698,0.09300000000000001,0.0
"Conduct searches to find needed information, using such sources as the Internet.",0.5661,0.1245,0.0791,0.0368,0.17850000000000002,0.015,0.0
Conduct seminars and training sessions for sales agents to improve sales techniques.,0.44439999999999996,0.1481,0.3333,0.0,0.0741,0.0,0.0
Conduct social research.,0.5143,0.0,0.2857,0.0571,0.1143,0.0286,0.0
"Conduct statistical analyses to quantify risk, using statistical analysis software or econometric models.",0.3103,0.10339999999999999,0.0345,0.0,0.5517,0.0,0.0
"Conduct surveys and collect data, using methods such as interviews, questionnaires, focus groups, market analysis surveys, public opinion polls, literature reviews, and file reviews.",0.34600000000000003,0.1266,0.135,0.2743,0.11810000000000001,0.0,0.0
Conduct trial runs of programs and software applications to be sure they will produce the desired information and that the instructions are correct.,0.4765,0.4079,0.0108,0.0108,0.0542,0.0397,0.0
Conduct user research to determine design requirements and analyze user feedback to improve design quality.,0.3448,0.0966,0.0345,0.0759,0.43450000000000005,0.0138,0.0
"Confer or correspond with establishment representatives to rectify problems, such as damages, shortages, or nonconformance to specifications.",0.5,0.2143,0.0,0.0,0.25,0.035699999999999996,0.0
"Confer with board members, organization officials, or staff members to discuss issues, coordinate activities, or resolve problems.",0.3519,0.22219999999999998,0.018500000000000003,0.0741,0.3148,0.018500000000000003,0.0
Confer with clients regarding the nature of the information processing or computation needs a computer program is to address.,0.0435,0.45649999999999996,0.0217,0.0217,0.43479999999999996,0.0217,0.0
"Confer with clients to determine objectives, budget, background information, and presentation approaches, styles, and techniques.",0.3455,0.0754,0.0116,0.2577,0.3065,0.0033,0.0
"Confer with clients to develop strategies for their careers, and to explain actions taken on their behalf.",0.0833,0.1389,0.0278,0.0,0.7222,0.0278,0.0
Confer with clients to discuss and determine layout design.,0.2651,0.0783,0.0,0.1084,0.5482,0.0,0.0
"Confer with clients to restructure debt, refinance debt, or raise new debt.",0.10310000000000001,0.2825,0.14800000000000002,0.0,0.4305,0.0359,0.0
"Confer with clients, editors, publishers, or producers to discuss changes or revisions to written material.",0.11109999999999999,0.0,0.0,0.018500000000000003,0.7222,0.1481,0.0
"Confer with clients, editors, writers, art directors, and other interested parties regarding the nature and content of artwork to be produced.",0.0,0.5385,0.0,0.0,0.46149999999999997,0.0,0.0
"Confer with co-workers to obtain information about orders, processes, or problems.",0.2963,0.1481,0.037000000000000005,0.2593,0.1481,0.11109999999999999,0.0
Confer with colleagues to formulate positions and strategies pertaining to pending issues.,0.3125,0.2188,0.0,0.0625,0.375,0.0313,0.0
"Confer with company officials to develop methods and procedures to increase sales, expand markets, and promote business.",0.2039,0.1612,0.066,0.0097,0.5534,0.0058,0.0
"Confer with coworkers to obtain information about orders, processes, or problems.",0.303,0.060599999999999994,0.030299999999999997,0.39390000000000003,0.1818,0.030299999999999997,0.0
Confer with customers and engineers to assess equipment needs and to determine system requirements.,0.4138,0.10339999999999999,0.069,0.2759,0.1379,0.0,0.0
"Confer with customers by telephone or in person to provide information about products or services, take or enter orders, cancel accounts, or obtain details of complaints.",0.2311,0.0407,0.5483,0.0493,0.09970000000000001,0.030899999999999997,0.0
"Confer with customers or supervising personnel to address questions, problems, or requests for service or equipment.",0.1159,0.7391,0.028999999999999998,0.07730000000000001,0.038599999999999995,0.0,0.0
Confer with customers to assess customer needs or obtain feedback.,0.2584,0.09,0.0263,0.3778,0.2451,0.0025,0.0
Confer with customers to determine how to tailor materials to their needs.,0.128,0.1306,0.0225,0.1107,0.5804,0.0277,0.0
Confer with customers to determine project requirements or to provide cost estimates.,0.31579999999999997,0.0,0.0,0.0,0.6842,0.0,0.0
Confer with customers to determine the nature of malfunctions.,0.2418,0.2747,0.011000000000000001,0.41759999999999997,0.033,0.022000000000000002,0.0
Confer with customers to determine the nature of problems or to explain repairs.,0.23309999999999997,0.1656,0.0552,0.4294,0.09820000000000001,0.0184,0.0
Confer with department supervisors or other personnel to assess progress and discuss needed changes.,0.3182,0.2727,0.0455,0.1364,0.2045,0.0227,0.0
"Confer with engineers or other personnel to implement operating procedures, resolve system malfunctions, or provide technical information.",0.09519999999999999,0.6667000000000001,0.09519999999999999,0.047599999999999996,0.047599999999999996,0.047599999999999996,0.0
"Confer with management and conduct surveys to identify training needs based on projected production processes, changes, and other factors.",0.40909999999999996,0.1364,0.0455,0.0909,0.3182,0.0,0.0
Confer with network users about solutions to existing system problems.,0.0553,0.7839,0.1231,0.0126,0.0176,0.0075,0.0
Confer with parents and staff to discuss educational activities and policies and students' behavioral or learning problems.,0.2632,0.21050000000000002,0.36840000000000006,0.0,0.15789999999999998,0.0,0.0
"Confer with parents and staff to discuss educational activities, policies, and student behavior or learning problems.",0.21739999999999998,0.1739,0.39130000000000004,0.0435,0.1739,0.0,0.0
"Confer with personnel, such as management, engineering, quality control, customer, or union workers' representatives, to coordinate work activities, resolve employee grievances, or identify and review resource needs.",0.4,0.2,0.0,0.0667,0.3333,0.0,0.0
"Confer with potential customers regarding equipment needs, and advise customers on types of equipment to purchase.",0.1557,0.25,0.3768,0.0183,0.1635,0.0356,0.0
Confer with project personnel to identify and resolve problems.,0.1,0.85,0.0,0.0,0.05,0.0,0.0
"Confer with staff, users, and management to establish requirements for new systems or modifications.",0.0,0.4,0.0,0.025,0.575,0.0,0.0
"Confer with systems analysts, engineers, programmers and others to design systems and to obtain information on project limitations and capabilities, performance requirements and interfaces.",0.0484,0.35479999999999995,0.0645,0.0161,0.5,0.0161,0.0
"Confer with taxpayers or their representatives to discuss the issues, laws, and regulations involved in returns, and to resolve problems with returns.",0.0862,0.4885,0.2874,0.0,0.10339999999999999,0.0345,0.0
"Confer with users to analyze, configure, or troubleshoot applications.",0.0669,0.735,0.0674,0.0174,0.09939999999999999,0.0139,0.0
"Confer with users to discuss issues such as computer data access needs, security violations, and programming changes.",0.1575,0.6027,0.06849999999999999,0.041100000000000005,0.1096,0.020499999999999997,0.0
"Configure and define parameters for installation or testing of local area network (LAN), wide area network (WAN), hubs, routers, switches, controllers, multiplexers, or related networking equipment.",0.29969999999999997,0.44299999999999995,0.12380000000000001,0.0,0.12050000000000001,0.013000000000000001,0.0
Configure information systems to incorporate principles of least functionality and least access.,0.1059,0.45880000000000004,0.0588,0.0118,0.3529,0.0118,0.0
Configure security settings or access permissions for groups or individuals.,0.3346,0.4397,0.07780000000000001,0.015600000000000001,0.1206,0.011699999999999999,0.0
Configure servers to meet functional specifications.,0.25,0.5987,0.06849999999999999,0.0318,0.049400000000000006,0.0016,0.0
Configure wide area network (WAN) or local area network (LAN) routers or related equipment.,0.24789999999999998,0.5299,0.0684,0.0085,0.14529999999999998,0.0,0.0
"Consider such factors as ensemble size and abilities, availability of scores, and the need for musical variety, to select music to be performed.",0.2059,0.1176,0.0,0.0,0.6765000000000001,0.0,0.0
"Construct historical, scientific, and nature visitor-center displays.",0.45280000000000004,0.0189,0.1509,0.0377,0.3396,0.0,0.0
Consult classification manuals to locate information about disease processes.,0.5143,0.0,0.4286,0.0,0.0286,0.0286,0.0
Consult reference books or secure aid of readers to check references with rules of grammar and composition.,0.2069,0.0,0.1379,0.0,0.3448,0.3103,0.0
"Consult sources, such as rate books, manuals, or insurance company representatives, to determine specific charges or information such as rules, regulations, or government tax and tariff information.",0.3625,0.0875,0.2375,0.0125,0.2875,0.0125,0.0
"Consult with advertising agencies or staff to arrange promotional campaigns in all types of media for products, organizations, or individuals.",0.16670000000000001,0.3333,0.09519999999999999,0.0,0.381,0.023799999999999998,0.0
"Consult with and advise government officials, civic bodies, research agencies, the media, political parties, and others concerned with political issues.",0.2232,0.0089,0.4286,0.035699999999999996,0.2321,0.07139999999999999,0.0
"Consult with and advise individuals such as administrators, social workers, and legislators regarding social issues and policies, as well as the implications of research findings.",0.15380000000000002,0.0385,0.4744,0.1026,0.1026,0.1282,0.0
"Consult with and advise physicians, educators, researchers, and others regarding medical applications of physics, biology, and chemistry.",0.20149999999999998,0.0075,0.6119,0.0,0.1119,0.0672,0.0
"Consult with and advise physicians, educators, researchers, government health officials and others regarding medical applications of sciences, such as physics, biology, and chemistry.",0.1852,0.0074,0.6222,0.0148,0.0889,0.0815,0.0
Consult with clients after sales or contract signings to resolve problems and provide ongoing support.,0.054000000000000006,0.5661999999999999,0.115,0.006999999999999999,0.2195,0.0383,0.0
Consult with clients after sales or contract signings to resolve problems and to provide ongoing support.,0.08380000000000001,0.5276,0.1104,0.0123,0.22699999999999998,0.038900000000000004,0.0
Consult with clients to determine functional or spatial requirements of structures.,0.25,0.1,0.0,0.15,0.5,0.0,0.0
"Consult with company officials, sales departments, and advertising agencies to develop promotional plans.",0.15789999999999998,0.0526,0.0,0.0,0.7368000000000001,0.0526,0.0
"Consult with customers or other departments on project status, proposals, or technical issues, such as software system design or maintenance.",0.1656,0.2774,0.20600000000000002,0.0659,0.2547,0.0305,0.0
Consult with end users regarding problems in accessing electronic content.,0.23929999999999998,0.4493,0.1477,0.1263,0.0302,0.0070999999999999995,0.0
"Consult with or provide consultation to other doctors, therapists, or clinicians regarding patient care.",0.24670000000000003,0.0849,0.4562,0.0159,0.1512,0.0451,0.0
"Consult with researchers to analyze problems, recommend technology-based solutions, or determine computational strategies.",0.1343,0.21989999999999998,0.2847,0.0248,0.3194,0.0168,0.0
Contact applicants or creditors to resolve questions about applications or to assist with completion of paperwork.,0.5263,0.0526,0.0,0.0,0.4211,0.0,0.0
Contact carriers for rates or schedules.,0.7033,0.07690000000000001,0.022000000000000002,0.011000000000000001,0.17579999999999998,0.011000000000000001,0.0
Contact customers to respond to inquiries or to notify them of claim investigation results or any planned adjustments.,0.7092,0.0319,0.0,0.1912,0.0677,0.0,0.0
Contact job applicants to inform them of the status of their applications.,0.6711,0.0658,0.0395,0.0263,0.18420000000000003,0.0132,0.0
Contact new or existing customers to discuss how specific products or services can meet their needs.,0.5875,0.1009,0.0059,0.003,0.30269999999999997,0.0,0.0
Contact prospective customers to present information and explain available services.,0.5826,0.1304,0.0,0.0087,0.2783,0.0,0.0
Contact prospective or existing customers to discuss how services can meet their needs.,0.5929,0.125,0.0,0.0070999999999999995,0.275,0.0,0.0
Contribute to the development or implementation of business unit strategic and operating plans.,0.3165,0.15380000000000002,0.0652,0.0273,0.41869999999999996,0.018500000000000003,0.0
"Converse with customer to determine destination, mode of transportation, travel dates, financial considerations, and accommodations required.",0.1967,0.235,0.0055000000000000005,0.32789999999999997,0.235,0.0,0.0
Converse with customers to determine details of equipment problems.,0.1641,0.18969999999999998,0.0564,0.5128,0.0462,0.0308,0.0
"Convert various types of files for printing or for the Internet, using computer software.",0.5805,0.0725,0.009399999999999999,0.0053,0.33030000000000004,0.0019,0.0
Convert video and audio recordings into digital formats for editing or archiving.,0.7776000000000001,0.0942,0.008100000000000001,0.011399999999999999,0.10710000000000001,0.0016,0.0
Coordinate activities with other supervisory personnel or with other work units or departments.,0.6667000000000001,0.1333,0.0,0.0,0.2,0.0,0.0
Coordinate and link the computer systems within an organization to increase compatibility so that information can be shared.,0.3214,0.39289999999999997,0.0,0.25,0.035699999999999996,0.0,0.0
Coordinate the look and function of product lines.,0.19149999999999998,0.0638,0.0426,0.0213,0.617,0.0638,0.0
"Coordinate with developers to optimize Web site architecture, server configuration, or page construction for search engine consumption and optimal visibility.",0.09519999999999999,0.23809999999999998,0.047599999999999996,0.047599999999999996,0.5714,0.0,0.0
Coordinate work assignment preparation and completion with other workers.,0.4545,0.24239999999999998,0.030299999999999997,0.060599999999999994,0.1818,0.030299999999999997,0.0
"Coordinate, monitor, or revise complaint procedures to ensure timely processing and review of complaints.",0.8946999999999999,0.10529999999999999,0.0,0.0,0.0,0.0,0.0
"Coordinate, prepare, or review regulatory submissions for domestic or international projects.",0.39890000000000003,0.1124,0.005600000000000001,0.005600000000000001,0.4635,0.013999999999999999,0.0
Correct errors by making appropriate changes and rechecking the program to ensure that the desired results are produced.,0.1748,0.5627,0.025699999999999997,0.0040999999999999995,0.20149999999999998,0.0311,0.0
"Correct or record omissions, errors, or inconsistencies found.",0.2768,0.0452,0.0131,0.0039000000000000003,0.2766,0.38439999999999996,0.0
"Correct testing-identified problems, or recommend actions for their resolution.",0.0795,0.6662,0.0643,0.003,0.1226,0.0643,0.0
"Correspond with customers and confer with coworkers to answer inquiries, discuss market fluctuations, or resolve account problems.",0.2857,0.1429,0.0,0.0,0.5238,0.047599999999999996,0.0
"Correspond with online customers via electronic mail, telephone, or other electronic messaging to address questions or complaints about products, policies, or shipping methods.",0.39640000000000003,0.1492,0.0067,0.0022,0.4365,0.0089,0.0
Counsel and encourage patients to develop leisure activities.,0.2609,0.3043,0.21739999999999998,0.0,0.1739,0.0435,0.0
"Counsel and provide guidance to students regarding personal, academic, vocational, or behavioral issues.",0.1704,0.1421,0.2747,0.0285,0.3386,0.045700000000000005,0.0
"Counsel clients in individual or group sessions to assist them in dealing with substance abuse, mental or physical illness, poverty, unemployment, or physical abuse.",0.0302,0.3664,0.3362,0.1595,0.055999999999999994,0.051699999999999996,0.0
"Counsel clients on concerns, such as unsatisfactory relationships, divorce and separation, child rearing, home management, or financial difficulties.",0.0788,0.3308,0.19579999999999997,0.0791,0.21280000000000002,0.1027,0.0
"Counsel clients on personal and family financial problems, such as excessive spending or borrowing of funds.",0.11130000000000001,0.3739,0.1449,0.0246,0.3234,0.022000000000000002,0.0
"Counsel employees in work-related activities, personal growth, or career development.",0.1661,0.2214,0.1956,0.07200000000000001,0.262,0.083,0.0
"Counsel individuals and groups on basic rules of good nutrition, healthy eating habits, and nutrition monitoring to improve their quality of life.",0.1641,0.31079999999999997,0.27,0.0079,0.2119,0.0353,0.0
"Counsel individuals or groups concerning their spiritual, emotional, or personal needs.",0.25980000000000003,0.1401,0.2828,0.0708,0.20350000000000001,0.0429,0.0
"Counsel individuals or groups to help them understand and overcome personal, social, or behavioral problems affecting their educational or vocational situations.",0.122,0.2854,0.23440000000000003,0.0776,0.2087,0.0719,0.0
"Counsel individuals regarding interpersonal, health, financial, or religious problems.",0.1039,0.2695,0.25370000000000004,0.0839,0.19,0.099,0.0
"Counsel individuals, groups, families, or communities regarding issues including mental health, poverty, unemployment, substance abuse, physical abuse, rehabilitation, social adjustment, child care, or medical care.",0.10039999999999999,0.1875,0.5036999999999999,0.0915,0.0774,0.0394,0.0
"Counsel individuals, groups, or families to help them understand problems, deal with crisis situations, define goals, and develop realistic action plans.",0.0738,0.2427,0.36939999999999995,0.1586,0.0986,0.056900000000000006,0.0
Counsel outpatients or other patients during office visits.,0.1165,0.1845,0.5437,0.048499999999999995,0.0291,0.07769999999999999,0.0
"Counsel patients about drug regimens and possible side effects or interactions with other substances, such as food supplements, over-the-counter (OTC) medications, or herbal remedies.",0.1091,0.1857,0.5914,0.0105,0.0642,0.0392,0.0
"Counsel patients about nutrition, exercise, sleeping habits, stress management, or other matters.",0.1772,0.285,0.3703,0.030299999999999997,0.1149,0.0222,0.0
"Counsel patients on topics such as the need for annual dermatologic screenings, sun protection, skin cancer awareness, or skin and lymph node self-examinations.",0.2857,0.07139999999999999,0.4286,0.07139999999999999,0.023799999999999998,0.11900000000000001,0.0
"Counsel patients or others on the background of neurological disorders including risk factors, or genetic or environmental concerns.",0.0659,0.0329,0.8382999999999999,0.012,0.0269,0.024,0.0
"Counsel student athletes on academic, athletic, and personal issues.",0.20629999999999998,0.1905,0.20629999999999998,0.11109999999999999,0.22219999999999998,0.0635,0.0
"Counsel students in the handling of issues such as family, financial, and educational problems.",0.09359999999999999,0.1305,0.18719999999999998,0.3177,0.1059,0.165,0.0
"Counsel students regarding educational issues, such as course and program selection, class scheduling and registration, school adjustment, truancy, study habits, and career planning.",0.14859999999999998,0.10710000000000001,0.4929,0.0171,0.2157,0.018600000000000002,0.0
Counsel students with adjustment or academic problems.,0.18780000000000002,0.2302,0.20629999999999998,0.0741,0.1693,0.1323,0.0
Counsel women regarding the nutritional requirements of pregnancy.,0.1582,0.1266,0.49369999999999997,0.0063,0.1646,0.0506,0.0
Counsel workers about job and career-related issues.,0.1119,0.30820000000000003,0.24170000000000003,0.0925,0.1655,0.0803,0.0
"Count, weigh, measure, or organize materials.",0.5885,0.08259999999999999,0.045700000000000005,0.0059,0.2699,0.0074,0.0
"Create Web models or prototypes that include physical, interface, logical, or data models.",0.15560000000000002,0.15560000000000002,0.0444,0.0,0.6444,0.0,0.0
Create and explore new cuisines.,0.43729999999999997,0.055,0.07339999999999999,0.021400000000000002,0.4006,0.012199999999999999,0.0
"Create and modify maps, graphs, or diagrams, using geographical information software and related equipment, and principles of cartography, such as coordinate systems, longitude, latitude, elevation, topography, and map scales.",0.5097999999999999,0.1176,0.0196,0.0,0.3529,0.0,0.0
"Create basic designs, drawings, and illustrations for product labels, cartons, direct mail, or television.",0.5640999999999999,0.042699999999999995,0.0,0.0256,0.3675,0.0,0.0
"Create billing documents, shipping labels, credit memorandums, or credit forms.",0.37020000000000003,0.0649,0.0095,0.0134,0.5401,0.0019,0.0
"Create business intelligence tools or systems, including design of related databases, spreadsheets, or outputs.",0.3973,0.10880000000000001,0.019,0.0068000000000000005,0.46799999999999997,0.0,0.0
Create client presentations of plan details.,0.4493,0.0,0.0652,0.0072,0.46380000000000005,0.014499999999999999,0.0
"Create core game features, including storylines, role-play mechanics, and character biographies for a new video game or game franchise.",0.32289999999999996,0.09140000000000001,0.025699999999999997,0.034300000000000004,0.5171,0.0086,0.0
Create custom illustrations or other graphic elements.,0.6667000000000001,0.0,0.0,0.0,0.2963,0.037000000000000005,0.0
"Create debt management plans, spending plans, or budgets to assist clients to meet financial goals.",0.2375,0.1477,0.0339,0.008,0.5669,0.006,0.0
"Create designs, concepts, and sample layouts, based on knowledge of layout principles and esthetic design concepts.",0.5318999999999999,0.0327,0.012,0.011200000000000002,0.40590000000000004,0.0064,0.0
Create developmentally appropriate lesson plans.,0.4238,0.0321,0.0365,0.0176,0.48729999999999996,0.0027,0.0
"Create diagrams to communicate environmental remediation planning, using geographic information systems (GIS), computer-aided design (CAD), or other mapping or diagramming software.",0.3636,0.0273,0.0818,0.0545,0.4727,0.0,0.0
Create drink recipes.,0.3821,0.0895,0.0782,0.0151,0.43,0.005,0.0
Create embedded software design programs.,0.2325,0.3044,0.052300000000000006,0.0075,0.39590000000000003,0.0075,0.0
"Create graphs, charts, or other visualizations to convey the results of data analysis using specialized software.",0.3715,0.0518,0.0438,0.0064,0.5207999999999999,0.005699999999999999,0.0
"Create marketing or outreach media, such as brochures or Web sites, to communicate sustainability issues, procedures, or objectives.",0.3293,0.0424,0.0242,0.0242,0.5677,0.0121,0.0
Create novel computational approaches and analytical tools as required by research goals.,0.22949999999999998,0.38409999999999994,0.0867,0.0,0.2927,0.006999999999999999,0.0
Create or administer training and awareness presentations or materials.,0.48560000000000003,0.0165,0.028900000000000002,0.0025,0.4633,0.0033,0.0
"Create or distribute offline promotional material, such as brochures, pamphlets, business cards, stationary, or signage.",0.2975,0.0373,0.0097,0.0097,0.6408,0.0049,0.0
"Create or implement security standards, policies, and procedures.",0.49479999999999996,0.0825,0.0155,0.0103,0.3918,0.0052,0.0
"Create or interpret engineering drawings, schematic diagrams, formulas, or blueprints for management or engineering staff.",0.2377,0.0144,0.5306000000000001,0.0083,0.19,0.019,0.0
Create or maintain database of customer accounts.,0.6798000000000001,0.1139,0.0248,0.053,0.1285,0.0,0.0
"Create or maintain formal engineering documents, such as schematics, bills of materials, components or materials specifications, or packaging requirements.",0.2809,0.1364,0.0326,0.004699999999999999,0.5408,0.004699999999999999,0.0
Create or review technical design documentation to ensure the accurate development of reporting solutions.,0.395,0.1133,0.0166,0.0055000000000000005,0.45299999999999996,0.0166,0.0
"Create or revise user instructions, procedures, or manuals.",0.5246,0.0747,0.015700000000000002,0.0118,0.3674,0.0059,0.0
Create project status presentations for delivery to customers or project personnel.,0.3725,0.0588,0.0196,0.0,0.5489999999999999,0.0,0.0
Create sales or service contracts for products or services.,0.3795,0.020499999999999997,0.020499999999999997,0.0103,0.5640999999999999,0.0051,0.0
Create signs to advertise store products or events.,0.23809999999999998,0.023799999999999998,0.0,0.0,0.7381,0.0,0.0
"Create special effects such as vignettes, mosaics, and image combining, and add elements such as sound and animation to electronic publications.",0.3846,0.0916,0.0018,0.0037,0.5183,0.0,0.0
Create specialty dishes and develop recipes to be used in dining facilities.,0.5036999999999999,0.055999999999999994,0.0432,0.0134,0.379,0.004699999999999999,0.0
"Create supporting documentation, such as metadata and diagrams of entity relationships, business processes, and process flow.",0.391,0.0416,0.0369,0.0106,0.507,0.013000000000000001,0.0
"Create three-dimensional or interactive representations of designs, using computer-assisted design software.",0.40340000000000004,0.1597,0.0168,0.0,0.4202,0.0,0.0
"Create two-dimensional and three-dimensional images depicting objects in motion or illustrating a process, using computer animation or modeling programs.",0.4608,0.08529999999999999,0.040999999999999995,0.0068000000000000005,0.4061,0.0,0.0
"Create visual representations of geospatial data, using complex procedures such as analytical modeling, three-dimensional renderings, or plot creation.",0.2903,0.0968,0.0323,0.0323,0.5484,0.0,0.0
"Create, analyze, report, convert, or transfer data, using specialized applications program software.",0.4758,0.159,0.0206,0.0058,0.3345,0.0043,0.0
"Create, maintain, and enter information into databases.",0.6349,0.18789999999999998,0.0092,0.0073,0.1598,0.001,0.0
"Create, populate, or maintain databases for tracking validation activities, test results, or validated systems.",0.8889,0.0556,0.0,0.0556,0.0,0.0,0.0
Cut and edit film or tape to integrate component parts into desired sequences.,0.3889,0.2778,0.0333,0.0111,0.2889,0.0,0.0
"Debit, credit, and total accounts on computer spreadsheets and databases, using specialized accounting software.",0.43229999999999996,0.1805,0.0075,0.0038,0.3722,0.0038,0.0
"Define and analyze objectives, scope, issues, or organizational impact of information systems.",0.1333,0.0333,0.0667,0.0667,0.7,0.0,0.0
"Define data requirements, and gather and validate information, applying judgment and statistical tests.",0.34979999999999994,0.2466,0.044800000000000006,0.031400000000000004,0.3004,0.0269,0.0
"Define instructional, learning, or performance objectives.",0.2766,0.009899999999999999,0.034,0.0355,0.6142,0.0298,0.0
Define or recommend model specifications or data collection methods.,0.091,0.12,0.3208,0.0055000000000000005,0.4047,0.057999999999999996,0.0
Define the goals of the system and devise flow charts and diagrams describing logical operational steps of programs.,0.39030000000000004,0.0449,0.0864,0.013000000000000001,0.4499,0.0155,0.0
Deliver messages and run errands.,0.7681999999999999,0.0199,0.0,0.1722,0.0397,0.0,0.0
Deliver oral or written presentations of the results of mathematical modeling and data analysis to management or other end users.,0.6667000000000001,0.0,0.22219999999999998,0.0556,0.0,0.0556,0.0
Demonstrate correct use of exercise equipment or performance of exercise routines.,0.375,0.1118,0.2895,0.016399999999999998,0.2039,0.0033,0.0
"Demonstrate equipment to customers and explain its use, responding to any inquiries or complaints.",0.2057,0.0587,0.6154999999999999,0.0256,0.0762,0.0184,0.0
"Demonstrate equipment to customers, and explain functioning of equipment.",0.1967,0.08199999999999999,0.623,0.016399999999999998,0.08199999999999999,0.0,0.0
Demonstrate how to clean and care for skin properly and recommend skin-care regimens.,0.2639,0.1425,0.30870000000000003,0.0158,0.20579999999999998,0.0633,0.0
"Demonstrate or explain products, methods, or services to persuade customers to purchase products or use services.",0.26789999999999997,0.0,0.375,0.07139999999999999,0.2857,0.0,0.0
"Demonstrate systems for customers and explain details, such as the causes and consequences of false alarms.",0.13849999999999998,0.0288,0.7078,0.0248,0.0713,0.0288,0.0
Describe and express observations and conclusions in mathematical terms.,0.4104,0.029300000000000003,0.12050000000000001,0.006500000000000001,0.4039,0.029300000000000003,0.0
"Describe artifacts' physical properties or attributes, such as the materials from which artifacts are made and their size, shape, function, and decoration.",0.48210000000000003,0.2143,0.1429,0.0,0.10710000000000001,0.0536,0.0
"Describe merchandise and explain use, operation, and care of merchandise to customers.",0.21960000000000002,0.12710000000000002,0.5052,0.0143,0.11109999999999999,0.022799999999999997,0.0
"Describe tour points of interest to group members, and respond to questions.",0.2263,0.1594,0.261,0.1016,0.2194,0.0323,0.0
Design and administer training programs for new employees and continuing education for existing employees.,0.44439999999999996,0.11109999999999999,0.0556,0.0,0.3889,0.0,0.0
"Design and apply bioinformatics algorithms including unsupervised and supervised machine learning, dynamic programming, or graphic algorithms.",0.25,0.45,0.075,0.0,0.225,0.0,0.0
Design and create special programs for tasks such as statistical analysis and data entry and cleaning.,0.22649999999999998,0.3864,0.044800000000000006,0.0018,0.33390000000000003,0.006500000000000001,0.0
"Design and edit promotional publications, such as brochures.",0.2827,0.036000000000000004,0.004,0.0083,0.6618,0.0070999999999999995,0.0
Design and implement dashboard and data visualizations to meet customer reporting needs.,0.253,0.182,0.0414,0.0059,0.513,0.004699999999999999,0.0
Design and implement data repositories to integrate data.,0.3333,0.375,0.0,0.0,0.2917,0.0,0.0
Design and implement efforts to publicize events and promote sponsorships.,0.2427,0.050199999999999995,0.010700000000000001,0.0043,0.6873,0.0048,0.0
Design and implement warehouse database structures.,0.375,0.25,0.0417,0.0,0.25,0.0833,0.0
"Design and produce displays and materials that can be used to decorate windows, interior displays, or event locations, such as streets and fairgrounds.",0.39130000000000004,0.0217,0.0,0.0217,0.5652,0.0,0.0
Design classes and programs to meet the needs of special students.,0.4789,0.0,0.0,0.0,0.5211,0.0,0.0
"Design cognitive aids, such as procedural storyboards or decision support systems.",0.2742,0.0,0.0161,0.0161,0.6934999999999999,0.0,0.0
"Design complex graphics and animation, using independent judgment, creativity, and computer equipment.",0.4604,0.060700000000000004,0.0152,0.0084,0.45530000000000004,0.0,0.0
"Design custom clothing and accessories for individuals, retailers, or theatrical, television, or film productions.",0.5,0.0,0.0,0.0513,0.4487,0.0,0.0
"Design customer interface of online storefront, using web programming or e-commerce software.",0.174,0.19820000000000002,0.0154,0.011000000000000001,0.5991,0.0022,0.0
"Design database applications, such as interfaces, data transfer mechanisms, global temporary tables, data partitions, and function-based indexes to enable efficient access of the generic database structure.",0.20350000000000001,0.146,0.13269999999999998,0.031,0.4558,0.031,0.0
"Design databases to support business applications, ensuring system scalability, security, performance, and reliability.",0.3375,0.2872,0.0529,0.0,0.31489999999999996,0.0076,0.0
"Design databases to support healthcare applications, ensuring security, performance and reliability.",0.5,0.1364,0.0455,0.0,0.3182,0.0,0.0
"Design electronic components, software, products, or systems for commercial, industrial, medical, military, or scientific applications.",0.2181,0.215,0.16510000000000002,0.0125,0.3489,0.0405,0.0
Design equipment configurations to meet personnel needs.,0.16670000000000001,0.16670000000000001,0.3333,0.0,0.3333,0.0,0.0
Design instructional aids for stand-alone or instructor-led classroom or online use.,0.5214,0.030699999999999998,0.0174,0.0032,0.4254,0.0019,0.0
"Design learning products, including Web-based aids or electronic performance support systems.",0.5781000000000001,0.0521,0.0219,0.011000000000000001,0.3342,0.0027,0.0
"Design or coordinate successive phases of problem analysis, solution proposals, or testing.",0.18100000000000002,0.1267,0.054299999999999994,0.0181,0.6018,0.0181,0.0
Design or develop information databases that include geographic or topographic data.,0.23809999999999998,0.2963,0.0159,0.0212,0.4286,0.0,0.0
"Design or prepare graphic representations of Geographic Information Systems (GIS) data, using GIS hardware or software applications.",0.2,0.0833,0.05,0.0,0.6667000000000001,0.0,0.0
"Design or produce materials such as posters, Web sites, or newsletters to promote, market, or advertise fundraising events.",0.3398,0.048,0.0067,0.006,0.5989,0.0007000000000000001,0.0
Design or use assessments to monitor student learning outcomes.,0.5493,0.0235,0.0516,0.011699999999999999,0.3592,0.004699999999999999,0.0
Design patient education programs that include information required to make informed health care and treatment decisions.,0.3667,0.0,0.0333,0.0,0.6,0.0,0.0
"Design research projects that apply valid scientific techniques, and use information obtained from baselines or historical data to structure uncompromised and efficient analyses.",0.24719999999999998,0.06570000000000001,0.0816,0.0143,0.5783,0.0129,0.0
"Design research studies in collaboration with physicians, life scientists, or other professionals.",0.16390000000000002,0.0492,0.08199999999999999,0.0,0.6884999999999999,0.016399999999999998,0.0
"Design sets, lighting, costumes, and other artistic elements of productions, in collaboration with cast members.",0.1875,0.0,0.125,0.0,0.625,0.0625,0.0
"Design software to control robotic systems for applications, such as military defense or manufacturing.",0.28809999999999997,0.28809999999999997,0.0678,0.0169,0.322,0.0169,0.0
"Design specialized or customized equipment, machines, or structures.",0.25,0.1389,0.0741,0.0,0.5278,0.009300000000000001,0.0
Design surveys to assess health issues.,0.25,0.0385,0.0385,0.0192,0.6537999999999999,0.0,0.0
Design tests of finished products or process capabilities to establish standards or validate process requirements.,0.2609,0.1304,0.0435,0.0,0.5652,0.0,0.0
"Design validation study features, such as sampling, testing, or analytical methodologies.",0.1956,0.08839999999999999,0.1139,0.0085,0.5731,0.0204,0.0
"Design, analyze, and decipher encryption systems designed to transmit military, political, financial, or law-enforcement-related information in code.",0.625,0.3125,0.0,0.0,0.0625,0.0,0.0
"Design, build, or maintain Web sites, using authoring or scripting languages, content creation tools, management tools, and digital media.",0.36700000000000005,0.16219999999999998,0.0151,0.009300000000000001,0.4445,0.0018,0.0
"Design, develop and modify software systems, using scientific analysis and mathematical models to predict and measure outcomes and consequences of design.",0.2481,0.1679,0.0687,0.0115,0.4924,0.0115,0.0
"Design, develop, and implement computer applications for use in mining operations such as mine design, modeling, or mapping or for monitoring mine conditions.",0.3063,0.1802,0.027000000000000003,0.036000000000000004,0.4414,0.009000000000000001,0.0
"Design, develop, select, test, implement, and evaluate new or modified informatics solutions, data structures, and decision-support mechanisms to support patients, health care professionals, and their information management and human-computer and human-technology interactions within health care contexts.",0.2963,0.037000000000000005,0.037000000000000005,0.037000000000000005,0.5926,0.0,0.0
"Design, evaluate, recommend, and approve changes of forms and reports.",0.475,0.05,0.0069,0.018600000000000002,0.4239,0.0255,0.0
"Design, implement, maintain, or improve electrical instruments, equipment, facilities, components, products, or systems for commercial, industrial, or domestic purposes.",0.2564,0.16670000000000001,0.11539999999999999,0.0128,0.4487,0.0,0.0
"Design, implement, or establish requirements for security systems, video surveillance, motion detection, or closed-circuit television systems to ensure proper installation and operation.",0.3077,0.1923,0.0,0.0,0.46149999999999997,0.0385,0.0
"Design, plan, organize, or direct orientation and training programs for employees or customers.",0.4301,0.0175,0.0105,0.0034999999999999996,0.5385,0.0,0.0
"Design, program, or model Geographic Information Systems (GIS) applications or procedures.",0.2451,0.402,0.0196,0.0,0.3333,0.0,0.0
"Determine a published or broadcasted story's emphasis, length, and format, organizing material accordingly.",0.23870000000000002,0.050499999999999996,0.013999999999999999,0.0043,0.6502,0.042300000000000004,0.0
"Determine advertising medium to be used, and prepare sample advertisements within the selected medium for presentation to customers.",0.2259,0.1265,0.0392,0.006,0.5993999999999999,0.003,0.0
Determine and set product prices.,0.175,0.15,0.075,0.0,0.525,0.075,0.0
"Determine and specify details of survey projects, including sources of information, procedures to be used, and the design of survey instruments and materials.",0.31579999999999997,0.0105,0.0158,0.0,0.6368,0.021099999999999997,0.0
Determine appropriate methods for fabricating and joining materials.,0.2414,0.4483,0.10339999999999999,0.0,0.18969999999999998,0.0172,0.0
"Determine campaign strategies for media advertising, positions on issues, and public appearances.",0.26,0.02,0.04,0.0,0.68,0.0,0.0
"Determine conditions under which tests are to be conducted, as well as sequences and phases of test operations.",0.262,0.1618,0.0809,0.0231,0.4509,0.0212,0.0
Determine customers' financial services needs and prepare proposals to sell services that address these needs.,0.1852,0.0,0.0,0.0,0.8148000000000001,0.0,0.0
"Determine desired images and picture composition, selecting and adjusting subjects, equipment, and lighting to achieve desired effects.",0.1444,0.2556,0.0222,0.0,0.5778,0.0,0.0
"Determine formats, approaches, content, levels, and mediums to effectively meet objectives within budgetary constraints, using research, knowledge, and training.",0.23120000000000002,0.2286,0.0661,0.0151,0.44920000000000004,0.0098,0.0
Determine guidelines that specify which source material is acceptable for use.,0.2394,0.056299999999999996,0.0704,0.0282,0.5775,0.0282,0.0
Determine how food should be presented and create decorative food displays.,0.35090000000000005,0.10529999999999999,0.0263,0.0,0.5175,0.0,0.0
"Determine if inventory quantities are sufficient for needs, ordering more materials when necessary.",0.3043,0.0435,0.0,0.0,0.6522,0.0,0.0
Determine location for product listings to maximize exposure to online traffic.,0.18420000000000003,0.21050000000000002,0.0658,0.0,0.5395,0.0,0.0
"Determine map content and layout, as well as production specifications such as scale, size, projection, and colors, and direct production to ensure that specifications are followed.",0.5714,0.1143,0.0286,0.0,0.2857,0.0,0.0
Determine materials needed to complete the job and place orders accordingly.,0.2,0.12,0.0,0.04,0.64,0.0,0.0
"Determine or coordinate treatment plans by requesting laboratory services, reviewing genetics or counseling literature, and considering histories or diagnostic data.",0.2553,0.21280000000000002,0.23399999999999999,0.0,0.2553,0.0426,0.0
"Determine procedures and instructions to be followed, according to design specifications and quantity of required materials.",0.25420000000000004,0.39549999999999996,0.0904,0.0169,0.2316,0.0113,0.0
Determine project material or equipment needs.,0.1852,0.1481,0.11109999999999999,0.037000000000000005,0.5185,0.0,0.0
"Determine requirements for treatment, such as type, method and duration of therapy, precautions to be taken, or medication and dosages, compatible with physicians' orders.",0.4167,0.2917,0.125,0.0,0.125,0.0417,0.0
"Determine root causes of failures or recommend changes in designs, tolerances, or processing methods, using statistical procedures.",0.23370000000000002,0.36090000000000005,0.16269999999999998,0.0385,0.1598,0.0444,0.0
"Determine scope, timing, and direction of investigations.",0.3115,0.45899999999999996,0.016399999999999998,0.032799999999999996,0.1311,0.0492,0.0
"Determine size and arrangement of illustrative material and copy, and select style and size of type.",0.40159999999999996,0.105,0.0079,0.0079,0.47240000000000004,0.0052,0.0
"Determine sources of Web page or server problems, and take action to correct such problems.",0.1732,0.7487999999999999,0.0073,0.0024,0.0683,0.0,0.0
"Determine specific network hardware or software requirements, such as platforms, interfaces, bandwidths, or routine schemas.",0.16670000000000001,0.3125,0.20829999999999999,0.0208,0.2917,0.0,0.0
"Determine supplementary virtual features, such as currency, item catalog, menu design, and audio direction.",0.3436,0.1472,0.0,0.0245,0.47240000000000004,0.0123,0.0
Determine the specific audio and visual effects and music necessary to complete films.,0.2783,0.1217,0.012,0.0043,0.5771999999999999,0.006500000000000001,0.0
Determine training needs of students or workers.,0.2162,0.1351,0.3243,0.1351,0.1216,0.0676,0.0
"Determine voices, instruments, harmonic structures, rhythms, tempos, and tone balances required to achieve the effects desired in a musical composition.",0.2961,0.08380000000000001,0.005600000000000001,0.011200000000000002,0.5866,0.0168,0.0
Determine whether objects need repair and choose the safest and most effective method of repair.,0.2917,0.4167,0.0833,0.0,0.125,0.0833,0.0
"Determine whether statistical methods are appropriate, based on user needs or research questions of interest.",0.1065,0.1213,0.4645,0.0296,0.19820000000000002,0.0799,0.0
Determine which products or colors will improve clients' skin quality and appearance.,0.3636,0.1259,0.0839,0.006999999999999999,0.3776,0.042,0.0
"Determine which products should be featured in advertising, the advertising medium to be used, or when the ads should be run.",0.2486,0.165,0.0344,0.0125,0.5293,0.0102,0.0
Determine work assignments and procedures.,0.3898,0.1017,0.0508,0.0678,0.3898,0.0,0.0
"Develop Web site maps, application models, image templates, or page templates that meet project goals, user needs, or industry standards.",0.4925,0.0716,0.0177,0.0062,0.4103,0.0018,0.0
Develop Web sites.,0.33740000000000003,0.17550000000000002,0.0281,0.010700000000000001,0.44689999999999996,0.0015,0.0
"Develop a maintainable code base using object-oriented design principles, practices, or patterns.",0.3958,0.21109999999999998,0.08349999999999999,0.0027,0.2919,0.0149,0.0
Develop advertising and other informational materials to be used in subject recruitment.,0.32799999999999996,0.0344,0.0106,0.0,0.619,0.0079,0.0
"Develop advertising campaigns for a wide range of clients, working with an advertising agency's creative director and art director to determine the best way to present advertising information.",0.17120000000000002,0.1164,0.0137,0.0137,0.6644,0.020499999999999997,0.0
Develop an understanding of customers' needs and take actions to ensure that such needs are met.,0.3821,0.1776,0.0504,0.1502,0.2346,0.0049,0.0
"Develop and administer compensation programs, such as merit or incentive pay.",0.16670000000000001,0.0,0.0,0.0,0.8332999999999999,0.0,0.0
"Develop and apply time and cost networks to plan, control, and review large projects.",0.3936,0.10640000000000001,0.0426,0.0,0.45740000000000003,0.0,0.0
Develop and coordinate educational programs for residents.,0.4386,0.0,0.0877,0.0,0.47369999999999995,0.0,0.0
"Develop and distribute newsletters, brochures, or other printed materials to share information with patients or medical staff.",0.5537,0.0092,0.0322,0.0077,0.3957,0.0015,0.0
Develop and document database architectures.,0.32020000000000004,0.191,0.0711,0.004,0.40049999999999997,0.0132,0.0
"Develop and document security procedures, policies, or standards.",0.23079999999999998,0.11539999999999999,0.07690000000000001,0.0,0.5769,0.0,0.0
Develop and document style guidelines for Web site content.,0.242,0.1217,0.0361,0.0027,0.5856,0.012,0.0
Develop and implement behavioral management and care plans for clients.,0.2768,0.13390000000000002,0.0446,0.0179,0.5,0.0268,0.0
"Develop and implement individualized treatment plans addressing family relationship problems, destructive patterns of behavior, and other personal issues.",0.2917,0.0833,0.0208,0.0,0.6042000000000001,0.0,0.0
Develop and implement organizational policies and procedures for the facility or medical unit.,0.4286,0.09519999999999999,0.0,0.0,0.47619999999999996,0.0,0.0
Develop and implement policies and procedures for the operation of a department or establishment.,0.3981,0.0509,0.0231,0.0,0.5231,0.0046,0.0
Develop and implement procedures for identifying advertising needs.,0.212,0.10279999999999999,0.10060000000000001,0.0407,0.531,0.0128,0.0
"Develop and implement purchasing and contract management instructions, policies, and procedures.",0.4167,0.0417,0.0,0.0,0.5417000000000001,0.0,0.0
Develop and implement treatment plans based on clinical experience and knowledge.,0.35100000000000003,0.11699999999999999,0.047400000000000005,0.0,0.4763,0.0084,0.0
"Develop and interpret organizational goals, policies, and procedures.",0.2673,0.0425,0.046,0.014199999999999999,0.6195,0.0106,0.0
Develop and maintain Web sites for online courses.,0.4643,0.1429,0.0,0.035699999999999996,0.35710000000000003,0.0,0.0
"Develop and maintain computerized record management systems to store and process data, such as personnel activities and information, and to produce reports.",0.2725,0.29100000000000004,0.0361,0.0046,0.39299999999999996,0.0028000000000000004,0.0
"Develop and maintain design level documentation, including mechanics, guidelines, and mission outlines.",0.2539,0.1865,0.0219,0.0044,0.5254,0.0079,0.0
Develop and maintain log of surveillance observations.,0.8267,0.0933,0.0,0.0,0.08,0.0,0.0
Develop and maintain standard operating procedures or local working practices.,0.3053,0.1035,0.0298,0.0088,0.5456,0.006999999999999999,0.0
"Develop and maintain the company's corporate image and identity, which includes the use of logos and signage.",0.17850000000000002,0.0541,0.0144,0.0042,0.7428,0.0059,0.0
Develop and manage work breakdown structure (WBS) of information technology projects.,0.3962,0.1635,0.0409,0.0346,0.3616,0.0031,0.0
"Develop and organize training manuals, multimedia visual aids, and other educational materials.",0.5602,0.0268,0.040999999999999995,0.0037,0.365,0.0033,0.0
"Develop and test experimental designs, sampling techniques, and analytical methods.",0.16399999999999998,0.0901,0.09699999999999999,0.0069,0.6282,0.0139,0.0
"Develop and use multimedia course materials and other current technology, such as online courses.",0.381,0.047599999999999996,0.047599999999999996,0.0,0.5238,0.0,0.0
Develop application-specific software.,0.2625,0.2546,0.0409,0.0070999999999999995,0.43170000000000003,0.0031,0.0
Develop applied software for the analysis and interpretation of geological data.,0.2857,0.5238,0.047599999999999996,0.0,0.1429,0.0,0.0
"Develop briefings, brochures, multimedia presentations, web pages, promotional products, technical illustrations, and computer artwork for use in products, technical manuals, literature, newsletters, and slide shows.",0.5325,0.0325,0.0148,0.0059,0.41119999999999995,0.003,0.0
"Develop business methods and procedures, including accounting systems, file systems, office systems, logistics systems, and production schedules.",0.2447,0.23399999999999999,0.1011,0.0106,0.39890000000000003,0.0106,0.0
"Develop calibration methodologies, test methodologies, or tools.",0.1404,0.193,0.1754,0.0,0.4561,0.0351,0.0
"Develop client relationships and communicate with clients to explain proposals, present research findings, establish specifications, or discuss project status.",0.2143,0.09179999999999999,0.13269999999999998,0.0816,0.41840000000000005,0.061200000000000004,0.0
"Develop client treatment plans based on research, clinical experience, and client histories.",0.2562,0.1655,0.048,0.0036,0.5214,0.0053,0.0
"Develop communications materials, advertisements, presentations, or public relations initiatives to promote awareness of products and services.",0.26739999999999997,0.0479,0.0084,0.0048,0.6655,0.006,0.0
Develop computational methods for solving problems that occur in areas of science and engineering or that come from applications in business or industry.,0.2768,0.2457,0.0346,0.0,0.436,0.0069,0.0
"Develop computer information resources, providing for data security and control, strategic computing, and disaster recovery.",0.2632,0.2697,0.1045,0.0103,0.34840000000000004,0.0039000000000000003,0.0
Develop computer programs to collect meteorological data or to present meteorological information.,0.35850000000000004,0.28300000000000003,0.0943,0.0189,0.24530000000000002,0.0,0.0
Develop concepts or creative ideas for craft objects.,0.21059999999999998,0.0757,0.037599999999999995,0.0381,0.5747,0.0632,0.0
Develop conceptual designs of security systems.,0.3333,0.23809999999999998,0.09519999999999999,0.0,0.3333,0.0,0.0
"Develop conceptual, logical, or physical network designs.",0.1887,0.0755,0.24530000000000002,0.0189,0.4717,0.0,0.0
Develop contingency plans to deal with emergencies.,0.44439999999999996,0.11109999999999999,0.0556,0.0278,0.3611,0.0,0.0
Develop cost reduction strategies and savings plans.,0.22460000000000002,0.1377,0.1014,0.0072,0.5072,0.0217,0.0
Develop criteria for survey methods and procedures.,0.4242,0.060599999999999994,0.0,0.0,0.5152,0.0,0.0
Develop criteria for the design and modification of survey instruments.,0.0526,0.0,0.0,0.0,0.8946999999999999,0.0526,0.0
Develop curricula and plan course content and methods of instruction.,0.3479,0.0308,0.061500000000000006,0.0285,0.5245000000000001,0.0068000000000000005,0.0
"Develop curricula, and recommend curricula revisions and additions.",0.16949999999999998,0.07629999999999999,0.0508,0.0085,0.6695,0.0254,0.0
"Develop customer documentation, such as performance specifications, training manuals, or operating instructions.",0.3946,0.11470000000000001,0.0202,0.0152,0.45530000000000004,0.0,0.0
"Develop data model describing data elements and their use, following procedures and using pen, template or computer software.",0.1333,0.1333,0.0333,0.0333,0.6667000000000001,0.0,0.0
"Develop data models describing data elements and how they are used, following procedures and using pen, template, or computer software.",0.1852,0.037000000000000005,0.1481,0.0,0.6296,0.0,0.0
"Develop data models for applications, metadata tables, views or related database structures.",0.23079999999999998,0.2051,0.0897,0.0,0.4744,0.0,0.0
Develop databases that support Web applications and Web sites.,0.3629,0.379,0.0323,0.0,0.2177,0.008100000000000001,0.0
"Develop defense plans or tactics, using intelligence and other information.",0.12240000000000001,0.5714,0.0408,0.0,0.1837,0.0816,0.0
Develop department and course schedules.,0.3256,0.09300000000000001,0.0,0.04650000000000001,0.5349,0.0,0.0
"Develop design criteria for aeronautical or aerospace products or systems, including testing methods, production costs, quality standards, environmental standards, or completion dates.",0.25,0.05,0.25,0.05,0.4,0.0,0.0
"Develop design specifications and functional requirements for residential, commercial, or industrial solar energy systems or components.",0.2353,0.1176,0.1765,0.0,0.4706,0.0,0.0
Develop engineering specifications or cost estimates for automotive design concepts.,0.23809999999999998,0.09519999999999999,0.09519999999999999,0.0,0.5238,0.047599999999999996,0.0
Develop environmental educational programs and curricula for schools.,0.36840000000000006,0.0,0.0526,0.0526,0.5263,0.0,0.0
"Develop exercise programs to improve participant strength, flexibility, endurance, or circulatory functioning, in accordance with exercise science standards, regulatory requirements, and credentialing requirements.",0.2699,0.1434,0.0694,0.0070999999999999995,0.5015,0.0087,0.0
"Develop factors such as themes, plots, characterizations, psychological analyses, historical environments, action, and dialogue to create material.",0.24710000000000001,0.11810000000000001,0.0085,0.009000000000000001,0.6057,0.0115,0.0
"Develop graphics and layouts for product illustrations, company logos, and Web sites.",0.37310000000000004,0.044800000000000006,0.0,0.0,0.5821000000000001,0.0,0.0
Develop ideas for programs and features that a station could produce.,0.2421,0.0799,0.026600000000000002,0.014499999999999999,0.6247,0.0121,0.0
Develop ideas or plans for merchandise displays or window decorations.,0.44439999999999996,0.0741,0.0,0.037000000000000005,0.44439999999999996,0.0,0.0
Develop individual treatment plans and strategies.,0.43479999999999996,0.0435,0.0,0.0,0.5217,0.0,0.0
"Develop instructional materials, such as lesson plans, handouts, or examinations.",0.49979999999999997,0.0302,0.032400000000000005,0.0045000000000000005,0.42840000000000006,0.0046,0.0
"Develop internal control policies, guidelines, and procedures for activities, such as budget administration, cash and credit management, and accounting.",0.375,0.0833,0.0,0.0,0.5417000000000001,0.0,0.0
"Develop job specifications, job descriptions, or work schedules.",0.2683,0.024399999999999998,0.0209,0.006999999999999999,0.6794,0.0,0.0
"Develop manuals, texts, workbooks, or related materials for use in conjunction with production materials or for training.",0.5159,0.0401,0.059500000000000004,0.0040999999999999995,0.3757,0.004699999999999999,0.0
Develop marketing campaigns to promote a healthy lifestyle or participation in fitness or wellness programs.,0.21559999999999999,0.0958,0.021,0.006,0.6496999999999999,0.012,0.0
"Develop marketing materials, proposals, or presentations to generate new work opportunities.",0.6315999999999999,0.0526,0.0526,0.0,0.2632,0.0,0.0
Develop marketing or strategic plans for sales territories.,0.38170000000000004,0.071,0.023700000000000002,0.0059,0.5118,0.0059,0.0
Develop marketing strategies to compete with other individuals or companies who sell insurance.,0.29410000000000003,0.0588,0.0588,0.0392,0.5294,0.0196,0.0
"Develop master course documentation or manuals according to applicable accreditation, certification, or other requirements.",0.4777,0.061900000000000004,0.0012,0.0037,0.4517,0.0037,0.0
Develop measurement tools to evaluate the effectiveness of instruction or training interventions.,0.2778,0.0,0.0556,0.0556,0.5556,0.0556,0.0
"Develop methods to improve employment policies, processes, and practices, and recommend changes to management.",0.2873,0.051,0.0851,0.0151,0.5425,0.0189,0.0
Develop new analytical techniques or sensor systems.,0.12,0.12,0.08,0.0,0.68,0.0,0.0
"Develop new business by contacting potential clients, making sales presentations, and writing proposals.",0.1875,0.2708,0.0,0.0208,0.5207999999999999,0.0,0.0
Develop new recipes for baked goods.,0.27399999999999997,0.13949999999999999,0.0647,0.0131,0.49950000000000006,0.0091,0.0
Develop new software applications or customize existing applications to meet specific scientific project needs.,0.20129999999999998,0.4607,0.059000000000000004,0.0036,0.26739999999999997,0.008,0.0
Develop new visual design concepts and modify concepts based on stakeholder feedback.,0.1503,0.0394,0.0067,0.0025,0.7973,0.0038,0.0
Develop or analyze information to assess the current or future financial status of firms.,0.5,0.1,0.05,0.05,0.25,0.05,0.0
"Develop or approve project plans, schedules, or budgets.",0.32770000000000005,0.1307,0.0116,0.0169,0.5058,0.0074,0.0
Develop or assist in the development of transportation-related computer software or computer processes.,0.2328,0.4065,0.0382,0.005699999999999999,0.31489999999999996,0.0019,0.0
Develop or direct development of offering documents or marketing materials.,0.23989999999999997,0.044199999999999996,0.0088,0.0062,0.696,0.0048,0.0
Develop or direct study courses or religious education programs within congregations.,0.2586,0.0345,0.0862,0.0,0.5861999999999999,0.0345,0.0
Develop or document style guidelines for Web site content.,0.2621,0.1117,0.0262,0.0083,0.5807,0.011000000000000001,0.0
Develop or implement data analysis algorithms.,0.2576,0.261,0.078,0.0068000000000000005,0.3864,0.0102,0.0
"Develop or implement human performance research, investigation, or analysis protocols.",0.2607,0.028399999999999998,0.047400000000000005,0.023700000000000002,0.6256,0.014199999999999999,0.0
Develop or implement marketing strategies.,0.26649999999999996,0.08810000000000001,0.034300000000000004,0.0028000000000000004,0.6017,0.0066,0.0
Develop or implement operating methods or procedures.,0.36829999999999996,0.1866,0.051,0.0072,0.37829999999999997,0.0086,0.0
"Develop or implement plans for facility modification or expansion, such as equipment purchase or changes in space allocation or structural design.",0.2716,0.0926,0.030899999999999997,0.0,0.6049,0.0,0.0
"Develop or implement policies, standards, or procedures for engineering and technical work.",0.2059,0.2059,0.1471,0.0,0.4412,0.0,0.0
Develop or implement procedures for ongoing Web site revision.,0.23620000000000002,0.3574,0.0368,0.0077,0.35119999999999996,0.010700000000000001,0.0
"Develop or implement product-marketing strategies, including advertising campaigns or sales promotions.",0.2875,0.1273,0.032400000000000005,0.0045000000000000005,0.542,0.0062,0.0
"Develop or implement production tracking or quality control systems, analyzing production, quality control, maintenance, or other operational reports to detect production problems.",0.35,0.15,0.1,0.05,0.35,0.0,0.0
Develop or implement quality control programs.,0.4595,0.027000000000000003,0.0,0.0,0.4865,0.027000000000000003,0.0
"Develop or implement research methodologies or statistical analysis plans to test and evaluate developmental prototypes used in new products or processes, such as cockpit designs, user workstations, or computerized human models.",0.4048,0.023799999999999998,0.09519999999999999,0.0,0.4524,0.023799999999999998,0.0
"Develop or implement software tools to assist in the detection, prevention, and analysis of security threats.",0.2664,0.4018,0.050499999999999996,0.0034000000000000002,0.2732,0.0046,0.0
Develop or implement strategies to meet the needs of students with a variety of disabilities.,0.5861999999999999,0.0,0.0,0.0,0.3448,0.069,0.0
"Develop or install software, such as firewalls and data encryption programs, to protect sensitive information.",0.2546,0.3176,0.055099999999999996,0.0394,0.3307,0.0026,0.0
Develop or integrate control feature requirements.,0.1316,0.1711,0.0526,0.0395,0.6053000000000001,0.0,0.0
"Develop or maintain applications that process biologically based data into searchable databases for purposes of analysis, calculation, or presentation.",0.4,0.15,0.0,0.0,0.45,0.0,0.0
"Develop or maintain cost estimates, forecasts, or cost models.",0.37439999999999996,0.1231,0.0564,0.0128,0.4154,0.0179,0.0
Develop or maintain internal or external company Web sites.,0.1928,0.3803,0.0172,0.0074,0.402,0.0003,0.0
Develop or maintain online help documentation.,0.40759999999999996,0.1286,0.058600000000000006,0.0115,0.3892,0.0046,0.0
Develop or review specifications for design or construction of security systems.,0.2843,0.10779999999999999,0.10779999999999999,0.0098,0.4608,0.0294,0.0
"Develop or revise business plans for online business, emphasizing factors such as product line, pricing, inventory, or marketing strategy.",0.287,0.0947,0.0801,0.0078000000000000005,0.5195000000000001,0.011000000000000001,0.0
"Develop or specify standards, methods, or procedures to determine product quality or release readiness.",0.36840000000000006,0.0526,0.0,0.0526,0.5263,0.0,0.0
Develop or teach strategies to promote client wellness and independence.,0.2697,0.011200000000000002,0.5393,0.011200000000000002,0.1461,0.0225,0.0
"Develop or test models of alternate designs or processing methods to assess feasibility, sustainability, operating condition effects, potential new applications, or necessity of modification.",0.20329999999999998,0.0935,0.1382,0.0,0.5163,0.048799999999999996,0.0
"Develop or update procedures, policies, or standards.",0.3618,0.0362,0.0207,0.0052,0.5659000000000001,0.0103,0.0
"Develop or update project plans for information technology projects including information such as project objectives, technologies, systems, information specifications, schedules, funding, and staffing.",0.461,0.2279,0.027200000000000002,0.0316,0.2463,0.0059,0.0
"Develop or update project plans including information such as objectives, technologies, schedules, funding, and staffing.",0.3871,0.13140000000000002,0.0292,0.0381,0.4102,0.0040999999999999995,0.0
"Develop or validate product-specific test protocols, acceptance thresholds, or inspection tools for quality control testing or performance measurement.",0.32049999999999995,0.1282,0.0513,0.0,0.4744,0.0256,0.0
Develop or write Individualized Education Programs (IEPs) for students.,0.3333,0.0,0.0333,0.0,0.6333,0.0,0.0
"Develop performance standards, and evaluate work in light of established standards.",0.27149999999999996,0.0596,0.0265,0.0,0.6424,0.0,0.0
"Develop plans or materials to communicate organizational activities that are beneficial to the environment, public safety, or other important social issues.",0.3513,0.0248,0.0127,0.0032,0.6004,0.0076,0.0
"Develop product packaging, display, and pricing strategies.",0.2078,0.1142,0.050199999999999995,0.011399999999999999,0.5913,0.025099999999999997,0.0
Develop program plans for individuals or assist in plan development.,0.3443,0.056100000000000004,0.0889,0.0115,0.48700000000000004,0.0123,0.0
"Develop project budgets for approval, estimating time lines and material costs.",0.2888,0.07690000000000001,0.0508,0.0116,0.5631,0.0087,0.0
Develop promotions for current programs and specials.,0.24559999999999998,0.1771,0.032400000000000005,0.0125,0.5136999999999999,0.0187,0.0
Develop proposals that include documentation for estimates.,0.2642,0.0398,0.014199999999999999,0.0,0.6818000000000001,0.0,0.0
Develop proposed project objectives and targets and report to management on progress in attaining them.,0.22219999999999998,0.0833,0.0278,0.0,0.6667000000000001,0.0,0.0
Develop prospect lists.,0.6179,0.122,0.0040999999999999995,0.0040999999999999995,0.252,0.0,0.0
"Develop recipes and menus to address special nutrition needs, such as low glycemic, low histamine, or gluten- or allergen-free.",0.2903,0.08789999999999999,0.0508,0.0095,0.5572,0.0042,0.0
"Develop rehabilitation plans that fit clients' aptitudes, education levels, physical abilities, and career goals.",0.12,0.12,0.08,0.0,0.68,0.0,0.0
Develop sales plans to introduce products in new markets.,0.3063,0.1204,0.0416,0.0131,0.5164,0.0022,0.0
Develop sales presentations or proposals to explain service specifications.,0.289,0.0542,0.0108,0.008199999999999999,0.63,0.0078000000000000005,0.0
"Develop set designs, based on evaluation of scripts, budgets, research information, and available locations.",0.165,0.0291,0.0291,0.0194,0.7379000000000001,0.0194,0.0
Develop software to control electrical systems.,0.1826,0.4201,0.050199999999999995,0.0046,0.32420000000000004,0.0183,0.0
Develop specialized computer software routines to customize and integrate image analysis.,0.198,0.45539999999999997,0.0594,0.0,0.2822,0.005,0.0
"Develop specifications for equipment, tools, facility layouts, or material-handling systems.",0.3259,0.0696,0.0728,0.0032,0.5253,0.0032,0.0
Develop staff service or retail goals and guide staff in goal achievement.,0.27140000000000003,0.0143,0.0571,0.0,0.6570999999999999,0.0,0.0
"Develop statistical models or simulations, using statistical or modeling software.",0.3187,0.17579999999999998,0.07690000000000001,0.0,0.42310000000000003,0.0055000000000000005,0.0
Develop story lines for broadcasts.,0.19030000000000002,0.0929,0.0084,0.0046,0.6922,0.0115,0.0
"Develop story or content ideas, considering reader or audience appeal.",0.2316,0.0617,0.019799999999999998,0.0165,0.6408,0.0296,0.0
Develop strategies to advertise green products or merchandise to consumers.,0.31370000000000003,0.0392,0.25489999999999996,0.0392,0.31370000000000003,0.0392,0.0
Develop strategies to encourage new or increased contributions.,0.23420000000000002,0.0721,0.0901,0.0541,0.5495,0.0,0.0
"Develop system engineering, software engineering, system integration, or distributed system architectures.",0.23329999999999998,0.1401,0.1957,0.0144,0.4032,0.0134,0.0
Develop system interaction or sequence diagrams.,0.3389,0.040999999999999995,0.0863,0.0161,0.504,0.0137,0.0
"Develop teaching aids, such as instructional software, multimedia visual aids, or study materials.",0.6204999999999999,0.0335,0.0194,0.0034999999999999996,0.32299999999999995,0.0,0.0
"Develop teaching materials, such as syllabi, visual aids, answer keys, supplementary notes, or course Web sites.",0.5011,0.0256,0.0418,0.0028000000000000004,0.42460000000000003,0.004,0.0
"Develop teaching or training materials, such as handouts, study materials, or quizzes.",0.5145000000000001,0.027000000000000003,0.049,0.0042,0.40020000000000006,0.0051,0.0
"Develop the technical portions of legal documents, administrative orders, or consent decrees.",0.35969999999999996,0.07919999999999999,0.019799999999999998,0.0,0.5347,0.0066,0.0
"Develop therapeutic and treatment plans based on clients' interests, abilities, or needs.",0.3521,0.1972,0.1268,0.0141,0.2676,0.042300000000000004,0.0
Develop training programs or routines designed to improve athletic performance.,0.223,0.18309999999999998,0.0583,0.0060999999999999995,0.5186999999999999,0.010700000000000001,0.0
"Develop transactional Web applications, using Web programming software and knowledge of programming languages, such as hypertext markup language (HTML) and extensible markup language (XML).",0.3369,0.1855,0.0069,0.0062,0.4645,0.0,0.0
Develop treatment goals for individuals based on their assessments.,0.2443,0.1494,0.0351,0.0,0.5624,0.0088,0.0
"Develop treatment plan to meet needs of patient, based on needs assessment, patient interests, and objectives of therapy.",0.2667,0.0667,0.0,0.0,0.6667000000000001,0.0,0.0
Develop work or security procedures.,0.28800000000000003,0.29059999999999997,0.0471,0.0131,0.3298,0.031400000000000004,0.0
"Develop work plans, including writing specifications or establishing material, manpower, or facilities needs.",0.5249,0.10339999999999999,0.0217,0.0434,0.2989,0.0077,0.0
"Develop, conduct, support, or assist in governmental reviews, internal corporate evaluations, or assessments of the overall effectiveness of facility and personnel security processes.",0.43479999999999996,0.087,0.0,0.0,0.39130000000000004,0.087,0.0
"Develop, direct, and participate in training programs for staff and students.",0.413,0.0435,0.0652,0.0217,0.43479999999999996,0.0217,0.0
"Develop, document, or maintain standards, best practices, or system usage procedures.",0.44770000000000004,0.17379999999999998,0.0242,0.0176,0.3245,0.0121,0.0
"Develop, implement, and evaluate methods of data collection, such as questionnaires or interviews.",0.35479999999999995,0.0323,0.129,0.0,0.4839,0.0,0.0
"Develop, implement, and revise departmental policies and procedures.",0.30329999999999996,0.0433,0.013300000000000001,0.005,0.6283,0.0067,0.0
"Develop, maintain, or analyze budgets, preparing periodic reports that compare budgeted costs to actual costs.",0.3942,0.08650000000000001,0.08650000000000001,0.0,0.40380000000000005,0.0288,0.0
"Develop, or contribute to the development of, educational or outreach programs on the environment or climate change.",0.24239999999999998,0.060599999999999994,0.060599999999999994,0.0,0.6364,0.0,0.0
"Develop, present, or respond to proposals for specific customer requirements, including request for proposal responses and industry-specific solutions.",0.3109,0.0461,0.0092,0.0076,0.6202000000000001,0.006,0.0
"Develop, recommend, or manage security procedures for operations or processes, such as security call centers, access control, and reporting tools.",0.4,0.1333,0.0667,0.0,0.4,0.0,0.0
"Develop, validate, and document test routines and schedules to ensure that test cases mimic external interfaces and address all browser and device types.",0.5222,0.1778,0.0222,0.0444,0.22219999999999998,0.0111,0.0
"Devise missions, challenges, or puzzles to be encountered in game play.",0.2887,0.12369999999999999,0.051500000000000004,0.0103,0.5257999999999999,0.0,0.0
"Devise or evaluate methods and procedures for collecting data, such as surveys, opinion polls, and questionnaires.",0.2704,0.0126,0.0629,0.0126,0.3899,0.2516,0.0
Devise scenario analyses reflecting possible severe market events.,0.2917,0.125,0.19579999999999997,0.0083,0.35,0.0292,0.0
Devise testing methods to evaluate the effects of various conditions on particular materials.,0.1702,0.0213,0.1702,0.0426,0.5532,0.0426,0.0
"Devise, select, or purchase domain name and web address.",0.1153,0.1121,0.013999999999999999,0.0031,0.7476999999999999,0.0078000000000000005,0.0
Diagnose acute or chronic conditions that could result in rapid physiological deterioration or life-threatening instability.,0.36840000000000006,0.4211,0.10529999999999999,0.0,0.0526,0.0526,0.0
Diagnose and repair vehicle heating and cooling systems.,0.1124,0.6568,0.1953,0.0059,0.023700000000000002,0.0059,0.0
"Diagnose and treat skin conditions such as acne, dandruff, athlete's foot, moles, psoriasis, or skin cancer.",0.3333,0.4,0.2,0.0,0.0667,0.0,0.0
"Diagnose faults or malfunctions to determine required repairs, using engine diagnostic equipment such as computerized test equipment and calibration devices.",0.10300000000000001,0.7091,0.17579999999999998,0.0060999999999999995,0.0060999999999999995,0.0,0.0
"Diagnose health conditions, based on patients' symptoms and health histories, laboratory and diagnostic radiology test results, or other physiological measurements, such as electrocardiograms and electroencephalographs.",0.42590000000000006,0.2963,0.16670000000000001,0.0,0.0926,0.018500000000000003,0.0
"Diagnose illnesses, using examinations, tests, and reports.",0.4,0.2,0.08,0.0,0.28,0.04,0.0
"Diagnose mechanical problems and determine how to correct them, checking blueprints, repair manuals, or parts catalogs, as necessary.",0.11779999999999999,0.6394,0.1779,0.0144,0.0168,0.0337,0.0
"Diagnose medical conditions of patients, using records, reports, test results, or examination information.",0.2778,0.22219999999999998,0.3889,0.0,0.0,0.11109999999999999,0.0
"Diagnose neurological conditions based on interpretation of examination findings, histories, or test results.",0.3529,0.3529,0.1765,0.0,0.0588,0.0588,0.0
"Diagnose or treat acute health care problems, such as illnesses, infections, or injuries.",0.22219999999999998,0.44439999999999996,0.2963,0.0,0.0,0.037000000000000005,0.0
Diagnose or treat disorders of the musculoskeletal system.,0.3333,0.3333,0.22219999999999998,0.0556,0.0556,0.0,0.0
"Diagnose or treat performance-related conditions, such as sports injuries or repetitive-motion injuries.",0.0588,0.6470999999999999,0.2353,0.0,0.0588,0.0,0.0
Diagnose performance problems by reviewing reports or documentation from customers or field engineers or by inspecting malfunctioning or damaged products.,0.2609,0.4783,0.1014,0.0507,0.0725,0.0362,0.0
Diagnose problems with installed equipment.,0.11560000000000001,0.7287,0.0774,0.0137,0.045700000000000005,0.0191,0.0
"Diagnose, troubleshoot, and resolve hardware, software, or other network and system problems, and replace defective components when necessary.",0.0818,0.8829,0.0192,0.0027,0.011899999999999999,0.0014000000000000002,0.0
"Direct and execute pre-production activities, such as creating moodboards or storyboards and establishing a project timeline.",0.303,0.0817,0.0095,0.008100000000000001,0.5952000000000001,0.0026,0.0
"Direct daily operations of department, analyzing workflow, establishing priorities, developing standards and setting deadlines.",0.7872,0.0851,0.0213,0.0,0.10640000000000001,0.0,0.0
"Direct daily operations of departments, coordinating project activities with other departments.",0.3333,0.5128,0.0,0.0256,0.1282,0.0,0.0
"Direct marketing, advertising, or other customer recruitment efforts.",0.4583,0.0833,0.125,0.0833,0.25,0.0,0.0
Direct or conduct studies or research on issues affecting areas of responsibility.,0.4706,0.0941,0.1176,0.0118,0.3059,0.0,0.0
Direct or participate in emergency management and contingency planning.,0.31370000000000003,0.0588,0.0392,0.0196,0.5686,0.0,0.0
Direct the compilation of summary sheets that show wager amounts and payoffs for races or events.,0.5556,0.22219999999999998,0.0,0.0,0.22219999999999998,0.0,0.0
Direct the development or implementation of policies and procedures related to compliance throughout an organization.,0.47619999999999996,0.047599999999999996,0.047599999999999996,0.047599999999999996,0.381,0.0,0.0
"Discard or reject products, materials, or equipment not meeting specifications.",0.5238,0.09519999999999999,0.047599999999999996,0.0,0.2857,0.047599999999999996,0.0
Discuss data presentation requirements with clients.,0.3772,0.12279999999999999,0.0,0.0877,0.41229999999999994,0.0,0.0
"Discuss emerging compliance issues to ensure that management and employees are informed about compliance reporting systems, policies, and practices.",0.23579999999999998,0.0652,0.34600000000000003,0.0178,0.2927,0.042699999999999995,0.0
Discuss financial options with clients and keep them informed about transactions.,0.0919,0.13949999999999999,0.6133,0.0063,0.13,0.019,0.0
Discuss illnesses and treatments with patients and family members.,0.1553,0.16079999999999997,0.594,0.013600000000000001,0.06269999999999999,0.013600000000000001,0.0
"Discuss medical health of pets with clients, such as post-operative status.",0.1765,0.29410000000000003,0.5294,0.0,0.0,0.0,0.0
Discuss production requirements with clients.,0.2637,0.1393,0.005,0.08960000000000001,0.4975,0.005,0.0
Discuss test results and analyses with customers.,0.16670000000000001,0.3333,0.0833,0.0417,0.2917,0.0833,0.0
"Discuss use and features of various parts, based on knowledge of machines or equipment.",0.1543,0.16899999999999998,0.49450000000000005,0.0147,0.1297,0.0378,0.0
Discuss with clients their pets' grooming needs.,0.23079999999999998,0.07690000000000001,0.0256,0.4359,0.23079999999999998,0.0,0.0
"Discuss with the client the product, advertising themes and methods, and any changes that should be made in advertising copy.",0.08449999999999999,0.0,0.0,0.056299999999999996,0.8592,0.0,0.0
"Dispense herbal formulas and inform patients of dosages and frequencies, treatment duration, possible side effects, and drug interactions.",0.2121,0.1818,0.4242,0.0,0.1818,0.0,0.0
"Dispense medical devices or drugs, and calculate dosages and provide instructions as necessary.",0.6607,0.06849999999999999,0.0446,0.0089,0.17859999999999998,0.0387,0.0
"Distinguish between physiologically- and psychologically-based disorders, and diagnose appropriately.",0.087,0.21739999999999998,0.6304,0.0,0.0217,0.0435,0.0
"Document account activities, generate reports, and keep records of business transactions with customers and suppliers.",0.49229999999999996,0.1231,0.0,0.0154,0.36920000000000003,0.0,0.0
"Document all aspects of formal game design, using mock-up screenshots, sample menu layouts, gameplay flowcharts, and other graphical devices.",0.3,0.1,0.0333,0.0,0.5667,0.0,0.0
"Document and communicate database schemas, using accepted notations.",0.2487,0.4286,0.0265,0.0,0.29100000000000004,0.0053,0.0
Document application and Web site changes or change procedures.,0.4932,0.3151,0.0137,0.0274,0.1507,0.0,0.0
"Document design specifications, installation instructions, and other system-related information.",0.3741,0.11349999999999999,0.0277,0.013000000000000001,0.4656,0.0060999999999999995,0.0
"Document evaluations, treatment plans, case summaries, or progress or other reports related to individual clients or client groups.",0.3876,0.0482,0.0275,0.0046,0.5229,0.0092,0.0
"Document findings of study and prepare recommendations for implementation of new systems, procedures, or organizational changes.",0.2717,0.0883,0.08960000000000001,0.0129,0.5206000000000001,0.0169,0.0
Document help desk requests and resolutions.,0.6857,0.0857,0.0,0.0286,0.2,0.0,0.0
Document individuals' progress toward meeting their treatment goals.,0.3185,0.1852,0.0074,0.0074,0.4704,0.0111,0.0
Document inspection and test results and work performed or to be performed.,0.4179,0.2217,0.0192,0.0064,0.322,0.0128,0.0
Document installation or configuration procedures to allow maintenance and repetition.,0.3594,0.4844,0.0313,0.0,0.125,0.0,0.0
Document methods used and write technical reports containing information collected.,0.4792,0.0625,0.0625,0.0,0.375,0.0208,0.0
Document or review patients' histories.,0.40630000000000005,0.125,0.0625,0.1563,0.25,0.0,0.0
"Document patient information including session notes, progress notes, recommendations, and treatment plans.",0.0625,0.75,0.0,0.0,0.1875,0.0,0.0
"Document patient information, such as notes on their progress.",0.36700000000000005,0.1437,0.0291,0.0097,0.43689999999999996,0.013600000000000001,0.0
Document penetration test findings.,0.3358,0.2948,0.0149,0.0075,0.3396,0.0075,0.0
"Document software defects, using a bug tracking system, and report defects to software developers.",0.3611,0.16670000000000001,0.0,0.0278,0.44439999999999996,0.0,0.0
Document technical functions and specifications for new or proposed content management systems.,0.29510000000000003,0.0902,0.0246,0.0,0.5902000000000001,0.0,0.0
Document technical specifications and operating standards for telecommunications equipment.,0.41859999999999997,0.0698,0.0698,0.0,0.44189999999999996,0.0,0.0
"Document test plans, testing procedures, or test results.",0.32520000000000004,0.41100000000000003,0.0123,0.0060999999999999995,0.22699999999999998,0.0184,0.0
Document test procedures to ensure replicability and compliance with standards.,0.3256,0.3837,0.0349,0.0,0.24420000000000003,0.0116,0.0
"Document user support activity, such as system problems, corrective actions, resolution status, and completed equipment installations.",0.39189999999999997,0.4054,0.013500000000000002,0.0541,0.1216,0.013500000000000002,0.0
"Document, and ensure communication of, key risks.",0.2667,0.0444,0.0222,0.0,0.6444,0.0222,0.0
Draft and type office memos.,0.4752,0.0248,0.0,0.0149,0.4851,0.0,0.0
Draft detailed dimensional drawings and design layouts for projects to ensure conformance to specifications.,0.4,0.04,0.04,0.0,0.52,0.0,0.0
"Draft working drawings, wiring diagrams, wiring connection specifications, or cross-sections of underground cables, as required for instructions to installation crew.",0.3429,0.0,0.0286,0.0571,0.5714,0.0,0.0
"Draw and print charts, graphs, illustrations, and other artwork, using computer.",0.5,0.0556,0.0556,0.0278,0.3333,0.0278,0.0
Draw building diagrams and record dimensions.,0.3978,0.043,0.0108,0.0215,0.5268999999999999,0.0,0.0
"Draw charts and graphs, using computer spreadsheets, to illustrate technical reports.",0.2857,0.07139999999999999,0.0,0.0,0.6429,0.0,0.0
"Draw conclusions or make predictions, based on data summaries or statistical analyses.",0.3832,0.1177,0.17620000000000002,0.0068000000000000005,0.2779,0.0382,0.0
Draw sketches to illustrate specified materials or assembly sequence.,0.5,0.07139999999999999,0.10710000000000001,0.035699999999999996,0.2857,0.0,0.0
"Edit broadcast material electronically, using computers.",0.5472,0.1509,0.0,0.0,0.3019,0.0,0.0
"Edit films and videotapes to insert music, dialogue, and sound effects, to arrange films into sequences, and to correct errors, using editing equipment.",0.38780000000000003,0.1837,0.0,0.0408,0.36729999999999996,0.0204,0.0
"Edit graphics and photos, using pixel or bitmap editing, airbrushing, masking, or image retouching.",0.5012,0.0705,0.0037,0.0048,0.4189,0.0009,0.0
"Edit instructional materials, such as books, simulation exercises, lesson plans, instructor guides, and tests.",0.5089,0.0843,0.0069,0.0069,0.38189999999999996,0.0109,0.0
"Edit or rewrite existing written material as necessary, and submit written material for approval by supervisor, editor, or publisher.",0.259,0.0192,0.0127,0.0048,0.6689,0.0354,0.0
"Edit video for broadcast productions, including non-linear editing.",0.6389,0.0278,0.0,0.0556,0.25,0.0278,0.0
Edit videotapes by erasing and removing portions of programs and adding video or sound as required.,0.6264,0.0989,0.0,0.022000000000000002,0.2527,0.0,0.0
"Edit, standardize, or make changes to material prepared by other writers or establishment personnel.",0.31920000000000004,0.0227,0.0131,0.0046,0.5710999999999999,0.0694,0.0
"Educate athletes or coaches on techniques to improve athletic performance, such as heart rate monitoring, recovery techniques, hydration strategies, or training limits.",0.1452,0.281,0.3023,0.013500000000000002,0.20679999999999998,0.0513,0.0
"Educate patients about diagnoses, prognoses, or treatments.",0.12119999999999999,0.1591,0.6727,0.0076,0.0212,0.0182,0.0
Educate patients about health care management.,0.2286,0.12380000000000001,0.5047999999999999,0.0286,0.047599999999999996,0.0667,0.0
Educate patients about maintenance and promotion of healthy vision.,0.15130000000000002,0.10529999999999999,0.6776000000000001,0.0461,0.0197,0.0,0.0
"Educate patients and family members about mental health and medical conditions, preventive health measures, medications, or treatment plans.",0.09480000000000001,0.19829999999999998,0.6552,0.0,0.0259,0.0259,0.0
"Educate patients and family members regarding prenatal, intrapartum, postpartum, newborn, or interconception care.",0.18239999999999998,0.1852,0.546,0.0178,0.0302,0.0384,0.0
"Educate patients regarding treatment plans, physiological reactions to treatment, or post-treatment care.",0.09960000000000001,0.2116,0.6,0.009000000000000001,0.0513,0.0286,0.0
"Educate, prepare, and reassure patients and their families by answering questions, providing physical assistance, and reinforcing physicians' advice regarding treatment reactions or post-treatment care.",0.0755,0.3019,0.5660000000000001,0.0,0.0189,0.0377,0.0
"Electronically sort and compile text and numerical data, retrieving, updating, and merging documents as required.",0.5616,0.068,0.0083,0.004,0.35590000000000005,0.0022,0.0
Emphasize or recommend service features based on knowledge of customers' needs and vendor capabilities and limitations.,0.2813,0.1336,0.1949,0.0305,0.34299999999999997,0.0167,0.0
"Emphasize product features, based on analyses of customers' needs and on technical knowledge of product capabilities and limitations.",0.18469999999999998,0.0774,0.5285,0.0138,0.17190000000000003,0.023700000000000002,0.0
Employ financial models to develop solutions to financial problems or to assess the financial or capital impact of transactions.,0.3725,0.052300000000000006,0.11109999999999999,0.006500000000000001,0.42479999999999996,0.0327,0.0
"Encourage clients to express their feelings and discuss what is happening in their lives, helping them to develop insight into themselves or their relationships.",0.0513,0.2415,0.2994,0.1911,0.1364,0.08039999999999999,0.0
"Encourage clients with special needs and circumstances to acquire new skills and get involved in health-promoting leisure activities, such as sports, games, arts and crafts, and gardening.",0.3226,0.2065,0.0645,0.2903,0.0516,0.0645,0.0
Encourage individuals and family members to develop and use skills and strategies for confronting their problems in a constructive manner.,0.18309999999999998,0.2113,0.493,0.0,0.1127,0.0,0.0
Encourage participants to develop their own activities and leadership skills through group discussions.,0.1405,0.059500000000000004,0.2811,0.3297,0.0919,0.0973,0.0
"Encourage patients to develop work skills and to participate in social, recreational, or other therapeutic activities that enhance interpersonal skills or develop social relationships.",0.2938,0.20850000000000002,0.0758,0.34600000000000003,0.047400000000000005,0.028399999999999998,0.0
Encourage students to explore learning opportunities or persevere with challenging tasks to prepare them for later grades.,0.44439999999999996,0.1481,0.1852,0.0741,0.0741,0.0741,0.0
Encrypt data transmissions and erect firewalls to conceal confidential information as it is being transmitted and to keep out tainted digital transfers.,0.4,0.4667,0.0,0.0,0.0667,0.0667,0.0
Enhance the cultural sensitivity of elementary and secondary curricula and classroom interactions in collaboration with educators and teachers.,0.3889,0.0556,0.0556,0.0556,0.3889,0.0556,0.0
Enter and update patrons' records on computers.,0.65,0.25,0.0,0.0,0.1,0.0,0.0
Enter commands and observe system functioning to verify correct operations and detect errors.,0.4938,0.4568,0.0,0.0062,0.0062,0.037000000000000005,0.0
"Enter computer commands to store or retrieve parts patterns, graphic displays, or programs that transfer data to other media.",0.75,0.125,0.0,0.0,0.125,0.0,0.0
Enter customers' transactions into computers to record transactions and issue computer-generated receipts.,0.6939,0.26530000000000004,0.0,0.0,0.0408,0.0,0.0
Enter data into computers for use in analyses or reports.,0.5241,0.1454,0.013300000000000001,0.0053,0.3106,0.0013,0.0
"Enter information into computerized court calendar, filing, or case management systems.",0.5652,0.39130000000000004,0.0,0.0,0.0435,0.0,0.0
Enter insurance- and claims-related information into database systems.,0.619,0.23809999999999998,0.0,0.0,0.11900000000000001,0.023799999999999998,0.0
Enter into record-keeping systems appropriate data needed to create new title records or to update existing ones.,0.5623,0.2095,0.0159,0.018600000000000002,0.191,0.0027,0.0
Enter logistics-related data into databases.,0.6502,0.22260000000000002,0.0212,0.0,0.106,0.0,0.0
"Enter or retrieve information from structural databases, protein sequence motif databases, mutation databases, genomic databases or gene expression databases.",0.25,0.3,0.2,0.0,0.25,0.0,0.0
"Enter text into computer keyboard and select the size and style of type, column width, and appropriate spacing for printed materials.",0.4707,0.0397,0.0063,0.0042,0.47909999999999997,0.0,0.0
"Enter, store, and retrieve information on computer-aided equipment.",0.7227,0.20170000000000002,0.0,0.0252,0.0504,0.0,0.0
Establish and maintain relationships with individual or business customers or provide assistance with problems these customers may encounter.,0.0701,0.0828,0.0605,0.742,0.035,0.0096,0.0
Establish and maintain relationships with individuals who are credible sources of information.,0.3333,0.0,0.22219999999999998,0.16670000000000001,0.2778,0.0,0.0
"Establish and prepare product construction directions and locations and information on required tools, materials, equipment, numbers of workers needed, and cost projections.",0.3872,0.0471,0.030299999999999997,0.013500000000000002,0.5185,0.0034000000000000002,0.0
Establish appropriate server directory trees.,0.40909999999999996,0.5227,0.0455,0.0,0.0227,0.0,0.0
Establish fundraising or participation goals for special events or specified time periods.,0.3125,0.0,0.0313,0.0313,0.625,0.0,0.0
Establish new computer accounts.,0.45,0.4,0.025,0.05,0.075,0.0,0.0
Establish objectives and evaluative or operational criteria for units managed.,0.2959,0.030600000000000002,0.030600000000000002,0.0102,0.6327,0.0,0.0
"Establish operational policies and procedures and make any necessary modifications, based on analysis of operations, demographics, and other research information.",0.2481,0.124,0.0155,0.0,0.6124,0.0,0.0
"Establish or implement departmental policies, goals, objectives, or procedures in conjunction with board members, organization officials, or staff members.",0.3218,0.023,0.046,0.023,0.5747,0.0115,0.0
Establish pace of programs and sequences of scenes according to time requirements and cast and set accessibility.,0.5,0.0455,0.0,0.0,0.40909999999999996,0.0455,0.0
Establish production or quality control standards.,0.2321,0.0625,0.0536,0.0,0.6429,0.0089,0.0
Establish system operating or training requirements to ensure optimized human-machine interfaces.,0.23329999999999998,0.0333,0.0833,0.0167,0.6,0.0333,0.0
Establish tables of accounts and assign entries to proper accounts.,0.5571,0.1429,0.0429,0.0,0.2571,0.0,0.0
"Establish work schedules and assignments for staff, according to workload, space, and equipment availability.",0.1176,0.1765,0.0,0.0,0.7059000000000001,0.0,0.0
"Estimate amounts and costs of required supplies, such as food and ingredients.",0.3061,0.061200000000000004,0.0,0.0204,0.5918,0.0204,0.0
Estimate cost of restoration work.,0.3372,0.20929999999999999,0.1047,0.0233,0.3023,0.0233,0.0
Estimate costs for system or component implementation and operation.,0.2281,0.0526,0.0877,0.0,0.6315999999999999,0.0,0.0
Estimate costs of repairs based on parts and labor requirements.,0.35,0.25,0.2,0.0,0.2,0.0,0.0
Estimate costs of vehicle repair.,0.40909999999999996,0.3182,0.1364,0.0,0.1364,0.0,0.0
"Estimate costs, production times, or staffing requirements for new designs.",0.3714,0.1,0.0571,0.0,0.4286,0.0429,0.0
Estimate ingredients and supplies required to prepare a recipe.,0.4947,0.0947,0.0,0.0,0.36840000000000006,0.0421,0.0
Estimate material or worker requirements to complete jobs.,0.3178,0.1318,0.062,0.0,0.4806,0.0078000000000000005,0.0
"Estimate material requirements and costs, and present design to client for approval.",0.2561,0.0789,0.0684,0.0088,0.5737,0.013999999999999999,0.0
"Estimate material, time, and staffing requirements for a given project, based on work orders, job specifications, and experience.",0.30670000000000003,0.08,0.0667,0.04,0.49329999999999996,0.013300000000000001,0.0
"Estimate or quote prices, credit or contract terms, warranties, and delivery dates.",0.33490000000000003,0.1674,0.0721,0.009300000000000001,0.3884,0.0279,0.0
"Estimate parts and labor to repair damage, using standard automotive labor and parts cost manuals and knowledge of automotive repair.",0.3043,0.3696,0.2391,0.0,0.0435,0.0435,0.0
Estimate patients' due dates and re-evaluate as necessary based on examination results.,0.16,0.36,0.36,0.0,0.08,0.04,0.0
"Estimate quantities and cost of materials, equipment, or labor to determine project feasibility.",0.3556,0.0222,0.15560000000000002,0.0222,0.42219999999999996,0.0222,0.0
"Estimate the amounts, types, or costs of needed materials.",0.31079999999999997,0.1351,0.08779999999999999,0.0045000000000000005,0.4347,0.027000000000000003,0.0
"Estimate the costs and benefits of municipal projects, such as hydroelectric power plants, irrigation systems, and wastewater treatment facilities.",0.2059,0.0294,0.2647,0.0294,0.4412,0.0294,0.0
"Estimate the costs of requested products or services such as custom footwear or footwear repair, and receive payment from customers.",0.5,0.07139999999999999,0.035699999999999996,0.07139999999999999,0.3214,0.0,0.0
Estimate time and materials needed to complete projects.,0.32799999999999996,0.1216,0.1376,0.0176,0.368,0.027200000000000002,0.0
"Estimate time for debt repayment, given amount of debt, interest rates, and available funds.",0.6087,0.0,0.0435,0.0,0.3043,0.0435,0.0
Estimate transportation project costs.,0.4706,0.0294,0.0294,0.0,0.4412,0.0294,0.0
Evaluate advertising and promotion programs for compatibility with public relations efforts.,0.3,0.0667,0.0,0.0,0.2,0.43329999999999996,0.0
Evaluate analytical methods and procedures to determine how they might be improved.,0.23120000000000002,0.0925,0.1329,0.0116,0.23120000000000002,0.3006,0.0
"Evaluate and grade examinations, assignments, or papers, and record grades.",0.4347,0.042800000000000005,0.021400000000000002,0.0,0.23550000000000001,0.2655,0.0
"Evaluate and grade students' class work, assignments, and papers.",0.2782,0.0332,0.0634,0.0034000000000000002,0.2643,0.3575,0.0
"Evaluate and grade students' class work, assignments, papers, and oral presentations.",0.2985,0.044800000000000006,0.029900000000000003,0.0149,0.4179,0.19399999999999998,0.0
"Evaluate and grade students' class work, laboratory work, assignments, and papers.",0.406,0.07519999999999999,0.0301,0.0,0.30829999999999996,0.1805,0.0
"Evaluate and grade students' class work, laboratory work, projects, assignments, and papers.",0.47369999999999995,0.0877,0.0351,0.0,0.31579999999999997,0.0877,0.0
"Evaluate and grade students' class work, performances, projects, assignments, and papers.",0.44439999999999996,0.0556,0.0,0.0,0.5,0.0,0.0
Evaluate and manage chronic pain conditions.,0.0,0.4,0.4667,0.0,0.1333,0.0,0.0
Evaluate athletes' readiness to play and provide participation clearances when necessary and warranted.,0.25,0.6667000000000001,0.0,0.0,0.0833,0.0,0.0
Evaluate athletes' skills and review performance records to determine their fitness and potential in a particular area of athletics.,0.3761,0.11109999999999999,0.07690000000000001,0.0256,0.2564,0.15380000000000002,0.0
Evaluate business operations to identify risk areas for fraud.,0.3607,0.0984,0.2459,0.032799999999999996,0.1475,0.1148,0.0
Evaluate capital needs of clients and assess market conditions to inform structuring of financial packages.,0.24359999999999998,0.0513,0.1282,0.0,0.5640999999999999,0.0128,0.0
"Evaluate clients' physical or mental condition, based on review of client information.",0.2955,0.09759999999999999,0.11349999999999999,0.039599999999999996,0.30870000000000003,0.1451,0.0
"Evaluate code to ensure that it is valid, is properly structured, meets industry standards, and is compatible with browsers, devices, or operating systems.",0.44880000000000003,0.23620000000000002,0.0079,0.0079,0.055099999999999996,0.2441,0.0
Evaluate complaint and emergency-request information to determine response requirements.,0.5303,0.24239999999999998,0.0152,0.0758,0.0909,0.0455,0.0
Evaluate costs and revenue of agreements to determine continued profitability.,0.1026,0.15380000000000002,0.1026,0.0,0.5897,0.0513,0.0
"Evaluate current or emerging technologies to consider factors such as cost, portability, compatibility, or usability.",0.2843,0.0626,0.3926,0.023700000000000002,0.1709,0.066,0.0
"Evaluate customer records and recommend payment plans, based on earnings, savings data, payment history, and purchase activity.",0.1245,0.33909999999999996,0.0601,0.0043,0.4721,0.0,0.0
Evaluate data pertaining to costs to plan budgets.,0.20629999999999998,0.14429999999999998,0.046799999999999994,0.0034000000000000002,0.5827,0.0165,0.0
Evaluate data processing proposals to assess project feasibility and requirements.,0.22219999999999998,0.0,0.11109999999999999,0.0556,0.3889,0.22219999999999998,0.0
Evaluate employee performance.,0.3333,0.0317,0.047599999999999996,0.0159,0.5556,0.0159,0.0
"Evaluate existing systems to determine effectiveness, and suggest changes to meet organizational requirements.",0.2193,0.24350000000000002,0.1361,0.0105,0.306,0.08470000000000001,0.0
"Evaluate feasibility of design ideas, based on factors such as appearance, safety, function, serviceability, budget, production costs/methods, and market characteristics.",0.2357,0.1057,0.051500000000000004,0.0183,0.2784,0.3105,0.0
"Evaluate financial reporting systems, accounting or collection procedures, or investment activities and make recommendations for changes to procedures, operating systems, budgets, or other financial control functions.",0.2611,0.1465,0.1815,0.0064,0.3312,0.0732,0.0
Evaluate findings and develop strategies and arguments in preparation for presentation of cases.,0.317,0.0727,0.094,0.005,0.4799,0.0313,0.0
Evaluate fitness and wellness programs to determine their effectiveness.,0.1226,0.0516,0.0774,0.0258,0.3419,0.38060000000000005,0.0
"Evaluate hearing or speech and language test results, barium swallow results, or medical or background information to diagnose and plan treatment for speech, language, fluency, voice, or swallowing disorders.",0.3333,0.1333,0.2,0.0,0.2,0.1333,0.0
"Evaluate instructor performance and the effectiveness of training programs, providing recommendations for improvement.",0.2165,0.0316,0.0219,0.0049,0.3139,0.41119999999999995,0.0
Evaluate machining procedures and recommend changes or modifications for improved efficiency or adaptability.,0.1467,0.04,0.28,0.0667,0.3333,0.1333,0.0
Evaluate manufactured products according to specifications and quality standards.,0.3803,0.0726,0.053399999999999996,0.0128,0.188,0.2927,0.0
Evaluate marketing or sales alternatives for products.,0.18780000000000002,0.11130000000000001,0.0713,0.012199999999999999,0.5739,0.0435,0.0
Evaluate mortgage options to help clients obtain financing at the best prevailing rates and terms.,0.1,0.2,0.15,0.0,0.5,0.05,0.0
Evaluate needs for procurement of funds and investment of surpluses and make appropriate recommendations.,0.1,0.3,0.05,0.0,0.55,0.0,0.0
"Evaluate new and existing programming to assess suitability and the need for changes, using information such as audience surveys and feedback.",0.1412,0.15289999999999998,0.0412,0.0176,0.4235,0.2235,0.0
Evaluate new emerging media or technologies and make recommendations for their application within Internet marketing or search marketing campaigns.,0.2735,0.2256,0.1607,0.0051,0.3009,0.0342,0.0
Evaluate new products for usefulness and suitability.,0.2151,0.086,0.0269,0.0269,0.2527,0.3925,0.0
Evaluate new technologies and methods to make recommendations regarding their use.,0.1677,0.0968,0.4736,0.0252,0.21660000000000001,0.0202,0.0
Evaluate new technologies to enhance or complement current research.,0.36479999999999996,0.044000000000000004,0.2579,0.0377,0.18239999999999998,0.11320000000000001,0.0
Evaluate new testing and sampling methodologies or technologies to determine usefulness.,0.3333,0.11109999999999999,0.22219999999999998,0.0,0.0833,0.25,0.0
Evaluate or recommend server hardware or software.,0.2826,0.10869999999999999,0.3043,0.0217,0.2609,0.0217,0.0
Evaluate or recommend software for testing or bug tracking.,0.2917,0.125,0.3542,0.0,0.20829999999999999,0.0208,0.0
Evaluate patients' behavior to formulate diagnoses or assess treatments.,0.2778,0.1333,0.3111,0.0,0.2556,0.0222,0.0
Evaluate patients' progress and prepare reports that detail progress.,0.5,0.25,0.0,0.0,0.25,0.0,0.0
Evaluate patients' vital signs or laboratory data to determine emergency intervention needs and priority of treatment.,0.26530000000000004,0.2959,0.2347,0.0,0.1837,0.0204,0.0
"Evaluate processes and technologies, and suggest revisions to increase productivity and efficiency.",0.18280000000000002,0.19820000000000002,0.23440000000000003,0.015300000000000001,0.30670000000000003,0.0626,0.0
"Evaluate product data or design from inspections or reports for conformance to engineering principles, customer requirements, environmental regulations, or quality standards.",0.3325,0.0987,0.08779999999999999,0.009300000000000001,0.2,0.2717,0.0
Evaluate project plans and proposals to assess feasibility issues.,0.2984,0.0538,0.078,0.0108,0.2984,0.2608,0.0
"Evaluate sources of information to determine any limitations, in terms of reliability or usability.",0.3323,0.07150000000000001,0.0731,0.0175,0.25120000000000003,0.2544,0.0
"Evaluate staff performance, recording evaluations on appropriate forms.",0.4375,0.0,0.0,0.0,0.5625,0.0,0.0
"Evaluate students' or individuals' abilities, interests, and personality characteristics, using tests, records, interviews, or professional sources.",0.3492,0.1258,0.15839999999999999,0.0412,0.2668,0.058600000000000006,0.0
"Evaluate subcontractors or subcontractor bids for quality, cost, and reliability.",0.3488,0.1423,0.0747,0.0,0.4093,0.024900000000000002,0.0
Evaluate technical specifications and economic factors relating to process or product design objectives.,0.2626,0.0809,0.2716,0.009000000000000001,0.2104,0.1655,0.0
Evaluate the effectiveness of counseling programs on clients' progress in resolving identified problems and moving towards defined objectives.,0.0667,0.0,0.0,0.0,0.1333,0.8,0.0
"Evaluate the financial aspects of product development, such as budgets, expenditures, research and development appropriations, or return-on-investment and profit-loss projections.",0.16519999999999999,0.13390000000000002,0.1563,0.0,0.5179,0.0268,0.0
"Evaluate the organization's technology use and needs and recommend improvements, such as hardware and software upgrades.",0.2366,0.0753,0.22579999999999997,0.0538,0.3978,0.0108,0.0
"Evaluate the potential of new product developments or market opportunities, according to factors such as business plans, technologies, or market potential.",0.3937,0.1,0.1198,0.009000000000000001,0.2973,0.0802,0.0
Evaluate the quality and effectiveness of nursing practice or organizational systems.,0.36840000000000006,0.0526,0.0,0.0,0.47369999999999995,0.10529999999999999,0.0
"Evaluate the statistical methods and procedures used to obtain data to ensure validity, applicability, efficiency, and accuracy.",0.0702,0.2982,0.2632,0.0175,0.1754,0.1754,0.0
"Evaluate the structure, efficiency, activities, and performance of government agencies.",0.44,0.12,0.0,0.0,0.36,0.08,0.0
"Evaluate training materials prepared by instructors, such as outlines, text, or handouts.",0.1752,0.0127,0.0414,0.0064,0.32170000000000004,0.44270000000000004,0.0
Evaluate transportation project needs or costs.,0.25,0.0208,0.1458,0.0208,0.5,0.0625,0.0
Evaluate workers' performance and prepare written performance evaluations.,0.3214,0.059500000000000004,0.0,0.023799999999999998,0.5952000000000001,0.0,0.0
Examine accounting systems and records to determine whether accounting methods used were appropriate and in compliance with statutory provisions.,0.4,0.0,0.12,0.04,0.4,0.04,0.0
"Examine and analyze data from ground surveys, reports, aerial photographs, and satellite images to prepare topographic maps, aerial-photograph mosaics, and related charts.",0.4667,0.2444,0.0889,0.0667,0.1333,0.0,0.0
"Examine and evaluate financial and information systems, recommending controls to ensure system reliability and data integrity.",0.381,0.23809999999999998,0.09519999999999999,0.0,0.2857,0.0,0.0
Examine animals to detect behavioral changes or clinical symptoms that could indicate illness or injury.,0.2041,0.48979999999999996,0.1429,0.0,0.0204,0.1429,0.0
"Examine city directories and public records to verify residence property ownership, bankruptcies, liens, arrest record, or unpaid taxes of applicants.",0.5238,0.09519999999999999,0.09519999999999999,0.0,0.23809999999999998,0.047599999999999996,0.0
"Examine clients' skin, using magnifying lamps or visors when necessary, to evaluate skin condition and appearance.",0.38,0.16,0.1,0.04,0.22,0.1,0.0
"Examine documentation such as mortgages, liens, judgments, easements, plat books, maps, contracts, and agreements to verify factors such as properties' legal descriptions, ownership, or restrictions.",0.3636,0.0455,0.2273,0.0,0.3636,0.0,0.0
"Examine documents to determine degree of risk from factors such as applicant health, financial standing and value, and condition of property.",0.4667,0.0,0.0667,0.0667,0.3333,0.0667,0.0
"Examine documents, materials, or products and monitor work processes to assess completeness, accuracy, and conformance to standards and specifications.",0.32020000000000004,0.0864,0.027000000000000003,0.0089,0.2168,0.3407,0.0
Examine employee files to answer inquiries and provide information for personnel actions.,0.4375,0.1875,0.0,0.0,0.375,0.0,0.0
Examine incoming or outgoing mail to ensure conformance with regulations.,0.9355,0.0323,0.0,0.0,0.0,0.0323,0.0
Examine legal data to determine advisability of defending or prosecuting lawsuit.,0.3814,0.1441,0.0932,0.0,0.35590000000000005,0.0254,0.0
Examine legal documents submitted to courts for adherence to laws or court procedures.,0.34,0.05,0.03,0.01,0.3,0.27,0.0
"Examine news items of local, national, and international significance to determine topics to address, or obtain assignments from editorial staff members.",0.4839,0.0753,0.0108,0.0,0.4194,0.0108,0.0
Examine objects to be included in exhibits to plan where and how to display them.,0.3,0.05,0.0,0.0,0.6,0.05,0.0
Examine products purchased for resale or received for storage to assess the condition of each product or item.,0.3333,0.359,0.0256,0.0,0.07690000000000001,0.2051,0.0
Examine products purchased for resale or received for storage to determine product condition.,0.2632,0.36840000000000006,0.10529999999999999,0.0526,0.0526,0.15789999999999998,0.0
Examine records to locate links in chains of evidence or information.,0.40909999999999996,0.1364,0.0455,0.0,0.40909999999999996,0.0,0.0
Examine societal issues and their relationship with both technical systems and the environment.,0.19510000000000002,0.0,0.5854,0.09759999999999999,0.0732,0.048799999999999996,0.0
Expand or modify system to serve new purposes or improve work flow.,0.3356,0.35200000000000004,0.0118,0.0021,0.297,0.0015,0.0
"Experiment with different sounds, and types and pieces of music, using synthesizers and computers as necessary to test and evaluate ideas.",0.2857,0.23809999999999998,0.047599999999999996,0.047599999999999996,0.381,0.0,0.0
Explain and demonstrate safety procedures and safety equipment use.,0.6383,0.0426,0.21280000000000002,0.0213,0.0638,0.0213,0.0
"Explain and demonstrate the use of sports and training equipment, such as trampolines or weights.",0.1429,0.4048,0.1905,0.0,0.2619,0.0,0.0
Explain and demonstrate work tasks to new workers or assign training tasks to experienced workers.,0.2143,0.07139999999999999,0.4643,0.0,0.17859999999999998,0.07139999999999999,0.0
"Explain and interpret house rules, such as game rules or betting limits, for patrons.",0.0748,0.0467,0.7476999999999999,0.027999999999999997,0.0748,0.027999999999999997,0.0
Explain assembly procedures or techniques to other workers.,0.1765,0.5294,0.1765,0.0,0.1176,0.0,0.0
Explain changes in contract provisions to customers.,0.1304,0.1594,0.1594,0.0,0.5507,0.0,0.0
"Explain company personnel policies, benefits, and procedures to employees or job applicants.",0.1727,0.0935,0.5036,0.0072,0.1727,0.0504,0.0
Explain company policies and procedures to staff using oral or written communication.,0.29410000000000003,0.0294,0.3382,0.0294,0.2353,0.0735,0.0
Explain design specifications to integration or test engineers.,0.0926,0.5185,0.0741,0.0556,0.2593,0.0,0.0
Explain drawings to production or construction teams and provide adjustments as necessary.,0.1195,0.0629,0.45909999999999995,0.0,0.2767,0.0818,0.0
"Explain drawings to production or construction teams and provide adjustments, as necessary.",0.0803,0.073,0.4891,0.0073,0.2774,0.073,0.0
Explain economic impact of policies to the public.,0.22329999999999997,0.0033,0.6067,0.0067,0.1367,0.0233,0.0
"Explain features, advantages, and disadvantages of various policies to promote sale of insurance plans.",0.16670000000000001,0.16670000000000001,0.5667,0.0,0.1,0.0,0.0
Explain federal and state tax laws to individuals and companies.,0.1852,0.10310000000000001,0.5878,0.0048,0.08529999999999999,0.0338,0.0
"Explain general financial topics to clients, such as credit report ratings, bankruptcy laws, consumer protection laws, wage attachments, or collection actions.",0.0625,0.0118,0.8598,0.0051,0.045599999999999995,0.0152,0.0
"Explain goals, policies, or procedures to staff members.",0.40630000000000005,0.0313,0.13019999999999998,0.026000000000000002,0.36979999999999996,0.0365,0.0
"Explain loan information to clients, such as available loan types, eligibility requirements, or loan restrictions.",0.1795,0.0513,0.5385,0.0,0.23079999999999998,0.0,0.0
"Explain magnetic resonance imaging (MRI) procedures to patients, patient representatives, or family members.",0.22219999999999998,0.0741,0.5926,0.0,0.037000000000000005,0.0741,0.0
Explain medical instructions to patients or family members.,0.1613,0.0705,0.6823,0.009899999999999999,0.049,0.027000000000000003,0.0
"Explain policies, procedures, or services to patients using medical or administrative knowledge.",0.2788,0.0636,0.49700000000000005,0.0121,0.1152,0.0333,0.0
"Explain principles, techniques, and safety procedures to participants in recreational activities and demonstrate use of materials and equipment.",0.2611,0.11109999999999999,0.4972,0.0111,0.11109999999999999,0.0083,0.0
Explain procedures and discuss test results or prescribed treatments with patients and parents or guardians.,0.1752,0.1168,0.635,0.0,0.06570000000000001,0.0073,0.0
Explain procedures and discuss test results or prescribed treatments with patients.,0.22149999999999997,0.0981,0.6008,0.0053,0.051699999999999996,0.0225,0.0
"Explain procedures to patients, family members, staff members or others.",0.31679999999999997,0.039599999999999996,0.604,0.009899999999999999,0.019799999999999998,0.009899999999999999,0.0
Explain products or services and prices and demonstrate use of products.,0.1752,0.0073,0.708,0.0146,0.0876,0.0073,0.0
"Explain products or services and prices, and answer questions from customers.",0.19649999999999998,0.045,0.6122,0.0326,0.09789999999999999,0.0159,0.0
Explain proper operation of vehicle systems to customers.,0.16140000000000002,0.1211,0.6502,0.013500000000000002,0.0404,0.013500000000000002,0.0
"Explain proposed solutions to customers, management, or other interested parties through written proposals and oral presentations.",0.3323,0.0368,0.0527,0.0129,0.5582,0.006999999999999999,0.0
Explain real and personal property taxes to property owners.,0.1818,0.0833,0.5909,0.0076,0.1288,0.0076,0.0
"Explain recommendations, policies, procedures, requirements, or other related information to residents or building owners.",0.31670000000000004,0.10830000000000001,0.3375,0.025,0.1833,0.0292,0.0
"Explain rental fees, policies, and procedures.",0.1081,0.08109999999999999,0.5946,0.027000000000000003,0.1081,0.08109999999999999,0.0
"Explain rules established by owner or management, such as sanitation or maintenance requirements or parking regulations.",0.2576,0.1364,0.43939999999999996,0.0152,0.1515,0.0,0.0
"Explain services or policies to clients, such as debt management program rules, advantages and disadvantages of using services, or creditor concession policies.",0.2562,0.1232,0.4335,0.0148,0.1576,0.0148,0.0
Explain sociological research to the general public.,0.1753,0.0,0.6574,0.0239,0.1315,0.012,0.0
Explain stock market terms or trading practices to clients.,0.0674,0.015300000000000001,0.8576,0.0077,0.0291,0.023,0.0
Explain survey objectives and procedures to interviewees and interpret survey questions to help interviewees' comprehension.,0.22219999999999998,0.0556,0.5556,0.0,0.11109999999999999,0.0556,0.0
"Explain testing procedures to patients, answering questions or reassuring patients, as needed.",0.12960000000000002,0.16670000000000001,0.5926,0.018500000000000003,0.018500000000000003,0.0741,0.0
Explain to claimants how they can appeal rulings that go against them.,0.16449999999999998,0.15789999999999998,0.2763,0.0,0.38159999999999994,0.0197,0.0
Explain to customers how specific types of advertising will help promote their products or services in the most effective way possible.,0.1573,0.0674,0.5618,0.011200000000000002,0.1461,0.0562,0.0
"Explain treatment procedures, medications, diets, or physicians' instructions to patients.",0.1716,0.0907,0.6661,0.0092,0.047400000000000005,0.015,0.0
Explore and develop musical ideas based on sources such as imagination or sounds in the environment.,0.2609,0.087,0.0435,0.0435,0.39130000000000004,0.1739,0.0
"Extend existing software programs, web-based interactive tools, or database queries as sequence management and analysis needs evolve.",0.127,0.27390000000000003,0.0126,0.004,0.5815,0.001,0.0
Facilitate organizational development and change.,0.20579999999999998,0.0851,0.0942,0.0174,0.5636,0.0339,0.0
Feed and water animals according to schedules and feeding instructions.,0.1333,0.3333,0.4,0.0667,0.0667,0.0,0.0
File and maintain records.,0.8539,0.1074,0.0032,0.0075,0.0279,0.0,0.0
"File and retrieve corporate documents, records, and reports.",0.8,0.15380000000000002,0.0,0.0154,0.0308,0.0,0.0
"File and store completed documents on computer hard drive or disk, or maintain a computer filing system to store, retrieve, update, and delete documents.",0.9523999999999999,0.047599999999999996,0.0,0.0,0.0,0.0,0.0
"File data and related information, and maintain and update databases.",0.7487,0.1572,0.0027,0.008,0.0817,0.0018,0.0
"Fill out and maintain client-related paperwork, including federal- and state-mandated forms, client diagnostic records, and progress notes.",0.4286,0.11900000000000001,0.0,0.0,0.4524,0.0,0.0
"Find, retrieve, and make copies of information from files in response to requests and deliver information to authorized users.",0.6279,0.1199,0.04650000000000001,0.0346,0.16010000000000002,0.011000000000000001,0.0
"Forecast and track marketing and sales trends, analyzing collected data.",0.3306,0.08990000000000001,0.20329999999999998,0.0097,0.332,0.0346,0.0
Forecast material costs or develop standard cost lists.,0.5,0.125,0.025,0.0,0.35,0.0,0.0
"Forecast political, economic, and social trends.",0.1771,0.0391,0.5437,0.037599999999999995,0.1112,0.0913,0.0
"Formulate and implement training programs, applying principles of learning and individual differences.",0.26530000000000004,0.051,0.102,0.0,0.551,0.030600000000000002,0.0
"Formulate basic layout design or presentation approach and specify material details, such as style and size of type, photographs, graphics, animation, video, and sound.",0.3458,0.10550000000000001,0.0203,0.011200000000000002,0.5091,0.008100000000000001,0.0
Formulate general rules that describe and predict the development and behavior of cultures and social institutions.,0.1008,0.0189,0.3214,0.0462,0.4307,0.0819,0.0
"Formulate mathematical models or other methods of computer analysis to develop, evaluate, or modify design, according to customer engineering requirements.",0.2894,0.1245,0.1026,0.0183,0.45049999999999996,0.0147,0.0
"Formulate mathematical or simulation models of problems, relating constants and variables, restrictions, alternatives, conflicting objectives, and their numerical parameters.",0.2821,0.0775,0.1564,0.0073,0.44770000000000004,0.028900000000000002,0.0
Formulate or implement regulatory affairs policies and procedures to ensure that regulatory compliance is maintained or enhanced.,0.5,0.10529999999999999,0.0526,0.0,0.3421,0.0,0.0
Formulate or modify recipes for specific kinds of food products.,0.1429,0.2,0.0286,0.0,0.6286,0.0,0.0
"Formulate policies, procedures and programs for recruitment, testing, placement, classification, orientation, benefits and compensation, and labor and industrial relations.",0.4286,0.0286,0.0,0.0,0.5428999999999999,0.0,0.0
"Formulate predictions by interpreting environmental data, such as meteorological, atmospheric, oceanic, paleoclimate, climate, or related information.",0.2979,0.0851,0.45740000000000003,0.0,0.1383,0.0213,0.0
"Formulate recommendations, policies, or plans to solve economic problems or to interpret markets.",0.125,0.0625,0.4375,0.0,0.375,0.0,0.0
"Formulate sampling procedures and designs and develop forms and instructions for recording, evaluating, and reporting quality and reliability data.",0.3123,0.0258,0.0287,0.0143,0.6103000000000001,0.0086,0.0
Formulate strategic plans for the institution.,0.3909,0.09140000000000001,0.0355,0.0,0.4772,0.0051,0.0
"Formulate, direct, or coordinate marketing activities or policies to promote products or services, working with advertising or promotion managers.",0.2651,0.0814,0.0341,0.0079,0.6037,0.0079,0.0
Furnish customers with information on events or activities.,0.44,0.12,0.04,0.04,0.36,0.0,0.0
Furnish taxpayers with sufficient information and advice to ensure correct tax form completion.,0.1678,0.3147,0.31679999999999997,0.0077,0.1469,0.0462,0.0
"Gather all relevant material for bid processes, and coordinate bidding and contract approval.",0.375,0.25,0.0,0.0,0.375,0.0,0.0
"Gather and analyze research data, such as statutes, decisions, and legal articles, codes, and documents.",0.3599,0.0504,0.2073,0.006999999999999999,0.3333,0.042,0.0
"Gather and compile data from hand count sheets, machine count tapes, or radar speed checks and code data for computer input.",0.6522,0.1304,0.0,0.0,0.21739999999999998,0.0,0.0
Gather and organize information on problems or procedures.,0.7572,0.13419999999999999,0.0106,0.0287,0.0679,0.0015,0.0
"Gather client information from sources such as case documentation, client observation, or interviews of client or family members.",0.375,0.25,0.0625,0.125,0.1875,0.0,0.0
Gather cyber intelligence to identify vulnerabilities.,0.2564,0.6409999999999999,0.0256,0.0,0.07690000000000001,0.0,0.0
"Gather data on competitors and analyze their prices, sales, and method of marketing and distribution.",0.325,0.0924,0.1285,0.0091,0.42450000000000004,0.020499999999999997,0.0
"Gather diagnostic data from sources such as case documentation, observations of clients, or interviews with clients or family members.",0.3529,0.1765,0.1765,0.1176,0.1176,0.0588,0.0
Gather financial documents related to investigations.,0.3529,0.29410000000000003,0.0,0.0588,0.2353,0.0588,0.0
"Gather information and develop perspectives about news subjects through research, interviews, observation, and experience.",0.5333,0.0,0.0,0.0667,0.4,0.0,0.0
Gather information on patients' illnesses and medical history to guide the choice of diagnostic procedures for therapy.,0.375,0.1875,0.375,0.0625,0.0,0.0,0.0
"Gather records pertinent to specific problems, review them for completeness and accuracy, and attach records to correspondence as necessary.",0.3933,0.23600000000000002,0.011200000000000002,0.0225,0.3371,0.0,0.0
"Gather, analyze, or document user feedback to locate or resolve sources of problems.",0.243,0.3881,0.0667,0.0222,0.2415,0.0385,0.0
"Gather, register, and arrange the material to be typed, following instructions.",0.7039,0.0461,0.0066,0.0263,0.21710000000000002,0.0,0.0
"Generate data queries, based on validation checks or errors and omissions identified during data entry, to resolve identified problems.",0.261,0.5238,0.0123,0.0053,0.1905,0.0070999999999999995,0.0
"Generate standard or custom reports summarizing business, financial, or economic data for review by executives, managers, clients, and other stakeholders.",0.5584,0.0478,0.0159,0.0033,0.3703,0.0043,0.0
Give advice on sightseeing and shopping.,0.6067,0.1124,0.0562,0.0,0.22469999999999998,0.0,0.0
"Grade homework and tests, and compute and record results, using answer sheets or electronic marking devices.",0.6409999999999999,0.0513,0.0,0.0,0.15380000000000002,0.15380000000000002,0.0
Grade students' assignments and exams.,0.4351,0.051500000000000004,0.0165,0.0021,0.18350000000000002,0.31129999999999997,0.0
"Grade, classify, or sort products according to sizes, weights, colors, or other specifications.",0.7171,0.0592,0.0,0.0,0.18420000000000003,0.0395,0.0
Greet and register guests.,0.0506,0.0039000000000000003,0.011699999999999999,0.93,0.0039000000000000003,0.0,0.0
Greet customers and ascertain what each customer wants or needs.,0.31120000000000003,0.0944,0.0341,0.488,0.0723,0.0,0.0
Greet customers and make them feel welcome.,0.008100000000000001,0.0009,0.0,0.991,0.0,0.0,0.0
"Greet passengers, provide information, and answer questions concerning fares, schedules, transfers, and routings.",0.3926,0.2741,0.1407,0.0148,0.163,0.0148,0.0
"Grill, cook, and fry foods such as french fries, eggs, and pancakes.",0.619,0.09519999999999999,0.1905,0.0,0.047599999999999996,0.047599999999999996,0.0
Guide and counsel students with adjustment or academic problems or special academic interests.,0.1243,0.1343,0.2241,0.028999999999999998,0.4093,0.0789,0.0
Guide and counsel students with adjustment or academic problems or with special academic interests.,0.0935,0.1035,0.24780000000000002,0.0259,0.44780000000000003,0.0816,0.0
"Guide and counsel students with adjustment or academic problems, or special academic interests.",0.0949,0.1533,0.2409,0.0146,0.4526,0.0438,0.0
"Guide and counsel students with adjustments, academic problems, or special academic interests.",0.0333,0.0333,0.2,0.0333,0.6,0.1,0.0
Guide clients in the development of skills or strategies for dealing with their problems.,0.2205,0.1451,0.4526,0.0097,0.1605,0.0116,0.0
"Guide clients in the gathering of information, such as bank account records, income tax returns, life and disability insurance records, pension plans, or wills.",0.2545,0.3636,0.1127,0.0073,0.2582,0.0036,0.0
Guide design discussions between development teams.,0.25,0.5625,0.0,0.0625,0.125,0.0,0.0
"Guide or counsel students with adjustment problems, academic problems, or special academic interests.",0.1984,0.11900000000000001,0.20629999999999998,0.07139999999999999,0.35710000000000003,0.047599999999999996,0.0
Handle customer complaints and take appropriate action to resolve them.,0.3333,0.1333,0.0095,0.0095,0.5047999999999999,0.0095,0.0
Hear and resolve complaints from customers or the public.,0.1957,0.1848,0.0652,0.163,0.3804,0.0109,0.0
Help customers find the location of products.,0.6078,0.1434,0.0877,0.032,0.12560000000000002,0.0036,0.0
Identify and analyze industry or geographic trends with business strategy implications.,0.2852,0.0703,0.0859,0.0,0.5273,0.0313,0.0
"Identify and analyze public health issues related to foodborne parasitic diseases and their impact on public policies, scientific studies, or surveys.",0.43479999999999996,0.0435,0.21739999999999998,0.0,0.2609,0.0435,0.0
"Identify and classify documents or other electronic content according to characteristics such as security level, function, and metadata.",0.7552,0.1329,0.006999999999999999,0.006999999999999999,0.0909,0.006999999999999999,0.0
Identify and correct deviations from database development standards.,0.2273,0.4545,0.0,0.0,0.1818,0.1364,0.0
"Identify and develop commercial or technical specifications, such as usability, pricing, checkout, or data security, to promote transactional internet-enabled commerce functionality.",0.2345,0.16940000000000002,0.0537,0.0049,0.5293,0.008100000000000001,0.0
Identify and recommend energy savings strategies to achieve more energy-efficient operation.,0.3478,0.10869999999999999,0.21739999999999998,0.0,0.21739999999999998,0.10869999999999999,0.0
"Identify and resolve conflicts related to the meanings of words, concepts, practices, or behaviors.",0.1197,0.0196,0.5794,0.0311,0.1507,0.09949999999999999,0.0
Identify appropriate Key Performance Indicators (KPIs) and report key metrics from digital campaigns.,0.16670000000000001,0.0556,0.018500000000000003,0.0,0.7406999999999999,0.018500000000000003,0.0
"Identify factors that may affect patient management, such as age, gender, barriers to communication, and underlying disease.",0.2086,0.2446,0.3201,0.0108,0.1942,0.0216,0.0
Identify interested and qualified customers to provide them with additional information.,0.6957,0.21739999999999998,0.0,0.0,0.0435,0.0435,0.0
Identify issues for research and analysis.,0.1968,0.0285,0.0483,0.009899999999999999,0.7017,0.0149,0.0
"Identify key risks and mitigating factors of potential investments, such as asset types and values, legal and ownership structures, professional reputations, customer bases, or industry segments.",0.35609999999999997,0.10800000000000001,0.166,0.006,0.30579999999999996,0.0581,0.0
"Identify main client groups and audiences, determine the best way to communicate publicity information to them, and develop and implement a communication plan.",0.2289,0.10890000000000001,0.037599999999999995,0.0075,0.6073,0.0098,0.0
"Identify opportunities or develop plans for sustainability projects or programs to improve energy efficiency, minimize pollution or waste, or restore natural systems.",0.375,0.125,0.025,0.0,0.475,0.0,0.0
Identify or develop business rules or standard operating procedures to streamline operating processes.,0.375,0.0417,0.0417,0.0833,0.4583,0.0,0.0
Identify or implement solutions to information security problems.,0.2535,0.43810000000000004,0.1278,0.0345,0.10550000000000001,0.0406,0.0
Identify or maintain links to and from other Web sites and check links to ensure proper functioning.,0.4583,0.3125,0.0,0.0,0.22920000000000001,0.0,0.0
"Identify or monitor current and potential customers, using business intelligence tools.",0.5428000000000001,0.1152,0.037200000000000004,0.0037,0.3011,0.0,0.0
"Identify plants, pests, and weeds to determine the selection and application of pesticides and fertilizers.",0.3636,0.3636,0.2273,0.0,0.0455,0.0,0.0
"Identify problems uncovered by testing or customer feedback, and correct problems or refer problems to appropriate personnel for correction.",0.0592,0.813,0.0062,0.0006,0.1133,0.0078000000000000005,0.0
"Identify program deviance from standards, and suggest modifications to ensure compliance.",0.17989999999999998,0.2635,0.099,0.0039000000000000003,0.2404,0.2134,0.0
"Identify prospective customers, using business directories, leads from existing clients, participation in organizations, or trade show or conference attendance.",0.4286,0.2143,0.0,0.0,0.35710000000000003,0.0,0.0
"Identify protocol problems, inform investigators of problems, or assist in problem resolution efforts, such as protocol revisions.",0.1818,0.2273,0.1591,0.0227,0.34090000000000004,0.0682,0.0
Identify quality problems and recommend solutions.,0.1654,0.2293,0.15410000000000001,0.0113,0.2481,0.1917,0.0
Identify quality problems or areas for improvement and recommend solutions.,0.262,0.20120000000000002,0.0924,0.0108,0.35619999999999996,0.0774,0.0
"Identify relationships and trends in data, as well as any factors that could affect the results of research.",0.3517,0.0924,0.20370000000000002,0.0106,0.2894,0.0521,0.0
Identify relationships and trends or any factors that could affect the results of research.,0.2853,0.0583,0.3037,0.0060999999999999995,0.3037,0.0429,0.0
"Identify relevant guidance documents, international standards, or consensus standards.",0.344,0.0605,0.0832,0.005699999999999999,0.3743,0.1323,0.0
"Identify security system weaknesses, using penetration tests.",0.1307,0.6927,0.0917,0.0092,0.0528,0.0229,0.0
"Identify solutions to business problems, such as budgeting, staffing, and marketing decisions, using the results of data analysis.",0.3018,0.3056,0.0732,0.0101,0.2917,0.0177,0.0
"Identify staff vacancies and recruit, interview, and select applicants.",0.3243,0.027000000000000003,0.027000000000000003,0.0,0.6215999999999999,0.0,0.0
"Identify target markets for designs, looking at factors such as age, gender, and socioeconomic status.",0.23809999999999998,0.047599999999999996,0.047599999999999996,0.0,0.6667000000000001,0.0,0.0
Identify training and development needs.,0.3618,0.06480000000000001,0.1015,0.024399999999999998,0.39659999999999995,0.0508,0.0
Identify transaction mistakes when debits and credits do not balance.,0.3211,0.29359999999999997,0.0183,0.0,0.2569,0.1101,0.0
"Identify, analyze, and document problems with program function, output, online screen, or content.",0.1489,0.6529,0.036699999999999997,0.0051,0.1177,0.0387,0.0
"Identify, classify, and study structure, behavior, ecology, physiology, nutrition, culture, and distribution of plant and animal species.",0.39890000000000003,0.0993,0.4007,0.0126,0.0632,0.0253,0.0
"Identify, collect, record, or analyze data relevant to the nursing care of patients.",0.46149999999999997,0.1795,0.042699999999999995,0.0342,0.24789999999999998,0.0342,0.0
"Identify, develop, or evaluate marketing strategy, based on knowledge of establishment objectives, market characteristics, and cost and markup factors.",0.2669,0.1057,0.048,0.0087,0.5484,0.022400000000000003,0.0
"Identify, evaluate and recommend hardware or software technologies to achieve desired database performance.",0.25,0.0,0.6875,0.0,0.0625,0.0,0.0
"Implement Web site security measures, such as firewalls or message encryption.",0.32,0.44,0.04,0.0,0.2,0.0,0.0
"Implement business rules via stored procedures, middleware, or other technologies.",0.23170000000000002,0.37799999999999995,0.0447,0.0163,0.32520000000000004,0.0040999999999999995,0.0
"Implement changes to machine programs, and enter new specifications, using computers.",0.3636,0.40909999999999996,0.0,0.0,0.1818,0.0455,0.0
"Implement controls to provide security for operating systems, software, and data.",0.3529,0.4314,0.0784,0.0196,0.098,0.0196,0.0
"Implement grant-funded projects, monitoring and reporting progress in accordance with sponsoring agency requirements.",0.2,0.1333,0.0,0.0,0.6667000000000001,0.0,0.0
Implement online customer service processes to ensure positive and consistent user experiences.,0.3787,0.0916,0.07490000000000001,0.2751,0.1704,0.009300000000000001,0.0
"Implement or perform preventive maintenance, backup, or recovery procedures.",0.7692,0.1795,0.0,0.0128,0.0385,0.0,0.0
Implement or test design solutions.,0.3488,0.2712,0.0072,0.0008,0.368,0.004,0.0
"Import text and art elements, such as electronic clip art or electronic files from photographs that have been scanned or produced with a digital camera, using computer software.",0.3103,0.2069,0.0,0.0,0.4828,0.0,0.0
Incorporate research findings into practice as appropriate.,0.3333,0.1333,0.0,0.0,0.5333,0.0,0.0
"Incorporate technical considerations into Web site design plans, such as budgets, equipment, performance requirements, and legal issues including accessibility and privacy.",0.2065,0.21289999999999998,0.0645,0.0194,0.4968,0.0,0.0
"Incorporate technical considerations into Web site design plans, such as budgets, equipment, performance requirements, or legal issues including accessibility and privacy.",0.2034,0.2373,0.0373,0.0,0.5085000000000001,0.013600000000000001,0.0
"Inform Web site users of problems, problem resolutions, or application changes and updates.",0.209,0.2687,0.23879999999999998,0.11939999999999999,0.1493,0.0149,0.0
"Inform athletes about nutrition, hydration, dietary supplements, or uses and possible consequences of medication.",0.1316,0.3344,0.21280000000000002,0.008,0.2776,0.0356,0.0
Inform citizens of community services and recommend options to facilitate longer-term problem resolution.,0.35090000000000005,0.1509,0.3736,0.0415,0.056600000000000004,0.0264,0.0
"Inform clients of essential travel information, such as travel times, transportation connections, or medical and visa requirements.",0.1689,0.2365,0.4257,0.013500000000000002,0.1081,0.0473,0.0
"Inform clients of factors such as shipping options, timelines, transfers, or regulations affecting shipments.",0.17859999999999998,0.26789999999999997,0.4286,0.0,0.10710000000000001,0.0179,0.0
Inform company employees or other interested parties of environmental issues.,0.284,0.049400000000000006,0.4815,0.0123,0.1358,0.037000000000000005,0.0
"Inform customers about issues related to responsible use and disposal of products, such as waste reduction or product or byproduct recycling or disposal.",0.3478,0.1677,0.31679999999999997,0.018600000000000002,0.09939999999999999,0.049699999999999994,0.0
"Inform customers by mail or telephone of order information, such as unit prices, shipping dates, and any anticipated delays.",0.6667000000000001,0.0388,0.0,0.155,0.1318,0.0078000000000000005,0.0
"Inform customers of available options for advertisement artwork, and provide samples.",0.47369999999999995,0.0,0.0,0.0,0.5263,0.0,0.0
Inform customers of contracts or other information pertaining to purchased services.,0.1671,0.1384,0.27940000000000004,0.0078000000000000005,0.36810000000000004,0.0392,0.0
"Inform customers of estimated delivery schedules, service contracts, warranties, or other information pertaining to purchased products.",0.05,0.55,0.25,0.05,0.1,0.0,0.0
"Inform customers of procedures for applying for services, such as ATM cards, direct deposit of checks, and certificates of deposit.",0.2632,0.36840000000000006,0.15789999999999998,0.0526,0.10529999999999999,0.0526,0.0
Inform designated employees or departments of items loaded or problems encountered.,0.9571,0.0143,0.0,0.0286,0.0,0.0,0.0
"Inform financial decisions by analyzing financial information to forecast business, industry, or economic conditions.",0.2656,0.015600000000000001,0.1953,0.0,0.4844,0.0391,0.0
"Inform investment decisions by analyzing financial information to forecast business, industry, or economic conditions.",0.3385,0.0431,0.1815,0.0031,0.39380000000000004,0.04,0.0
"Inform management about problems, such as employee disputes.",0.5128,0.0256,0.0,0.0513,0.359,0.0513,0.0
"Inform personnel of changes in regulations and policies, implications of new or amended laws, and new techniques of police work.",0.15789999999999998,0.0526,0.31579999999999997,0.10529999999999999,0.2632,0.10529999999999999,0.0
"Inform students of the procedures for completing and submitting class work, such as lab reports.",0.2224,0.061,0.2278,0.0246,0.35950000000000004,0.1047,0.0
Inform survivors of benefits for which they may be eligible.,0.0,0.3478,0.3478,0.087,0.21739999999999998,0.0,0.0
"Inform the public of available services, and of postal laws and regulations.",0.19820000000000002,0.027000000000000003,0.6306,0.09910000000000001,0.027000000000000003,0.018000000000000002,0.0
"Initiate market research studies, or analyze their findings.",0.4264,0.0817,0.051399999999999994,0.004,0.4254,0.0111,0.0
"Initiate, facilitate, and moderate class discussions.",0.1698,0.0373,0.6059,0.012199999999999999,0.1215,0.0533,0.0
"Initiate, facilitate, and moderate classroom discussions.",0.18359999999999999,0.045599999999999995,0.5787,0.0085,0.12279999999999999,0.0608,0.0
"Initiate, review, or approve modifications to project plans.",0.1294,0.2666,0.0034000000000000002,0.005600000000000001,0.5861,0.009000000000000001,0.0
Input data into databases.,0.7078,0.20129999999999998,0.013000000000000001,0.0,0.0779,0.0,0.0
"Input data, such as file numbers, new or updated information, or document information codes into computer systems to support document and information retrieval.",0.6175,0.19519999999999998,0.004,0.008,0.17129999999999998,0.004,0.0
Inspect and test systems to verify system compliance with plans and specifications or to detect and locate malfunctions.,0.6857,0.2571,0.0,0.0,0.0286,0.0286,0.0
"Inspect completed work to ensure conformance to specifications, standards, and contract requirements.",0.4706,0.27449999999999997,0.0,0.0196,0.1373,0.098,0.0
"Inspect condition of premises, and arrange for necessary maintenance or notify owners of maintenance needs.",0.3019,0.22640000000000002,0.2642,0.0377,0.11320000000000001,0.056600000000000004,0.0
"Inspect crops, fields, or plant stock to determine conditions and need for cultivating, spraying, weeding, or harvesting.",0.23079999999999998,0.46149999999999997,0.1923,0.0,0.0,0.11539999999999999,0.0
"Inspect merchandise or products to determine quality, value, or yield.",0.5217,0.21739999999999998,0.054299999999999994,0.0326,0.0978,0.0761,0.0
Inspect plants and bud ties to assess quality.,0.2963,0.40740000000000004,0.037000000000000005,0.037000000000000005,0.0741,0.1481,0.0
Inspect work performed to ensure that it meets specifications and established standards.,0.3882,0.4353,0.0,0.0353,0.0941,0.0471,0.0
Install and configure recreations of software production environments to allow testing of software performance.,0.3333,0.47619999999999996,0.0635,0.0159,0.11109999999999999,0.0,0.0
"Install and perform minor repairs to hardware, software, or peripheral equipment, following design or installation specifications.",0.3992,0.5336,0.0217,0.011899999999999999,0.0316,0.002,0.0
"Install network software, including security or firewall software.",0.16,0.68,0.12,0.0,0.04,0.0,0.0
"Install new hardware or software systems or components, ensuring integration with existing network systems.",0.233,0.7055,0.022000000000000002,0.0242,0.0132,0.0022,0.0
"Install or configure Web server software or hardware to ensure that directory structure is well-defined, logical, and secure, and that files are named properly.",0.1912,0.6175999999999999,0.0294,0.0147,0.1471,0.0,0.0
Install or program computer hardware or machine or instrumentation software in microprocessor-based systems.,0.17,0.4852,0.046799999999999994,0.009899999999999999,0.2857,0.0025,0.0
"Instruct and counsel patients about prescribed therapeutic regimens, normal growth and development, family planning, emotional problems of daily living, and health maintenance.",0.07690000000000001,0.2389,0.5709000000000001,0.0121,0.07690000000000001,0.024300000000000002,0.0
Instruct and monitor students in the use and care of equipment and materials to prevent injuries and damage.,0.09519999999999999,0.6667000000000001,0.1429,0.0,0.09519999999999999,0.0,0.0
"Instruct coaches, athletes, parents, medical personnel, or community members in the care and prevention of athletic injuries.",0.1413,0.22829999999999998,0.4022,0.0326,0.1739,0.0217,0.0
Instruct customers in alteration of products.,0.2413,0.22030000000000002,0.1434,0.021,0.3182,0.0559,0.0
"Instruct customers in the installation, repair, or maintenance of products.",0.1966,0.3619,0.2626,0.009899999999999999,0.13570000000000002,0.0333,0.0
Instruct emergency medical response team about emergency interventions to ensure correct application of procedures.,0.29410000000000003,0.0,0.4706,0.0,0.1765,0.0588,0.0
Instruct individuals and groups on ways to preserve health and prevent disease.,0.341,0.0323,0.447,0.0184,0.1244,0.0369,0.0
"Instruct individuals in career development techniques, such as job search and application strategies, resume writing, and interview skills.",0.19440000000000002,0.125,0.125,0.0,0.5278,0.0278,0.0
"Instruct individuals or groups in sports rules, game strategies, and performance principles, such as specific ways of moving the body, hands, or feet, to achieve desired results.",0.2821,0.21789999999999998,0.1795,0.0256,0.2692,0.0256,0.0
"Instruct or advise clients on issues, such as household cleanliness, utilities, hygiene, nutrition, or infant care.",0.325,0.05,0.45,0.0,0.15,0.025,0.0
Instruct others in the selection and use of bioinformatics tools.,0.10529999999999999,0.36840000000000006,0.5263,0.0,0.0,0.0,0.0
Instruct participants in maintaining exertion levels to maximize benefits from exercise routines.,0.30469999999999997,0.17190000000000003,0.35159999999999997,0.0,0.1563,0.015600000000000001,0.0
"Instruct staff in work policies and procedures, and the use and maintenance of equipment.",0.3333,0.3,0.3,0.0,0.0667,0.0,0.0
Instruct staff on how to handle difficult and complicated sales.,0.23079999999999998,0.0385,0.3077,0.0,0.3846,0.0385,0.0
"Instruct students in the knowledge and skills required in a specific occupation or occupational field, using a systematic plan of lectures, discussions, audio-visual presentations, and laboratory, shop, and field studies.",0.19210000000000002,0.09359999999999999,0.6404000000000001,0.0197,0.0345,0.0197,0.0
"Instruct students individually and in groups, using teaching methods such as lectures, discussions, and demonstrations.",0.1401,0.061900000000000004,0.7199,0.0033,0.061900000000000004,0.013000000000000001,0.0
"Instruct students individually and in groups, using various teaching methods, such as lectures, discussions, and demonstrations.",0.1777,0.0574,0.6648999999999999,0.0106,0.07339999999999999,0.016,0.0
"Instruct vendors or contractors on quality guidelines, testing procedures, or ways to eliminate deficiencies.",0.2241,0.10339999999999999,0.37929999999999997,0.0345,0.2241,0.0345,0.0
"Integrate and develop visual elements, such as line, space, mass, color, and perspective, to produce desired effects, such as the illustration of ideas, emotions, or moods.",0.4225,0.0504,0.018600000000000002,0.018600000000000002,0.4767,0.013300000000000001,0.0
Integrate engineering elements into unified architectural designs.,0.1458,0.0208,0.125,0.0,0.6875,0.0208,0.0
Integrate online retailing strategy with physical or catalogue retailing operations.,0.2662,0.1331,0.0956,0.030699999999999998,0.4539,0.020499999999999997,0.0
Integrate remotely sensed data with other geospatial data.,0.40630000000000005,0.34380000000000005,0.0625,0.0625,0.125,0.0,0.0
"Interact with clients to assist them in gaining insight, defining goals, and planning action to achieve effective personal, social, educational, or vocational development and adjustment.",0.1272,0.16870000000000002,0.408,0.11,0.12789999999999999,0.0581,0.0
Interpret administrative and operating policies and procedures for employees.,0.2368,0.1184,0.5,0.0,0.1447,0.0,0.0
"Interpret and analyze policies, public issues, legislation, or the operations of governments, businesses, and organizations.",0.19940000000000002,0.027200000000000002,0.5710000000000001,0.0363,0.12689999999999999,0.0393,0.0
Interpret and communicate work procedures and company policies to staff.,0.25730000000000003,0.0702,0.4035,0.0058,0.2047,0.058499999999999996,0.0
"Interpret and explain human resources policies, procedures, laws, standards, or regulations.",0.1753,0.0694,0.5222,0.0,0.19079999999999997,0.0424,0.0
"Interpret and explain information such as eligibility requirements, application details, payment methods, and applicants' legal rights.",0.2048,0.18420000000000003,0.45539999999999997,0.011899999999999999,0.1107,0.0329,0.0
"Interpret and explain laws and regulations to travelers, prospective immigrants, shippers, and manufacturers.",0.23070000000000002,0.04650000000000001,0.6098,0.0158,0.061200000000000004,0.0359,0.0
"Interpret and explain plans and contract terms to representatives of the owner or developer, including administrative staff, workers, or clients.",0.31579999999999997,0.0263,0.4211,0.0,0.21050000000000002,0.0263,0.0
"Interpret and explain policies, rules, regulations, or laws to organizations, government or corporate officials, or individuals.",0.3657,0.029900000000000003,0.2985,0.0746,0.1642,0.0672,0.0
Interpret civil rights laws and equal opportunity regulations for individuals or employers.,0.3103,0.069,0.2414,0.069,0.2759,0.0345,0.0
Interpret clinical or diagnostic test results.,0.3821,0.12869999999999998,0.34909999999999997,0.008199999999999999,0.0999,0.0319,0.0
"Interpret data from traffic modeling software, geographic information systems, or associated databases.",0.5,0.1875,0.125,0.0625,0.125,0.0,0.0
"Interpret data on price, yield, stability, future investment-risk trends, economic influences, and other factors affecting investment programs.",0.3887,0.12619999999999998,0.1882,0.0084,0.2418,0.0467,0.0
"Interpret data, reports, maps, photographs, or charts to predict long- or short-range weather conditions, using computer models and knowledge of climate theory, physics, and mathematics.",0.1489,0.3617,0.23399999999999999,0.0426,0.1702,0.0426,0.0
"Interpret diagnostic or laboratory tests, such as electrocardiograms (EKGs) and renal functioning tests.",0.3514,0.16219999999999998,0.3514,0.0,0.1081,0.027000000000000003,0.0
Interpret diagnostic test results for deviations from normal.,0.3489,0.13570000000000002,0.38770000000000004,0.0,0.09369999999999999,0.0339,0.0
Interpret diagnostic test results to make appropriate differential diagnoses.,0.31370000000000003,0.1697,0.3653,0.0074,0.09960000000000001,0.0443,0.0
Interpret drilling and testing information for personnel.,0.1524,0.019,0.7524,0.0095,0.047599999999999996,0.019,0.0
"Interpret engineering sketches, specifications, or drawings.",0.192,0.0199,0.6286999999999999,0.0102,0.1215,0.0276,0.0
Interpret government regulations and applicable codes to ensure compliance.,0.3125,0.08460000000000001,0.2721,0.0129,0.2261,0.0919,0.0
Interpret indicators to ascertain the overall health of an environment.,0.2021,0.35109999999999997,0.266,0.0,0.1277,0.053200000000000004,0.0
Interpret information obtained from electrocardiograms (EKGs) or radiographs (x-rays).,0.4865,0.1081,0.2703,0.013500000000000002,0.1081,0.013500000000000002,0.0
Interpret laboratory results and communicate findings to patients or physicians.,0.3208,0.095,0.4792,0.019799999999999998,0.0554,0.0297,0.0
"Interpret laws, rulings and regulations for individuals and businesses.",0.1704,0.0742,0.4526,0.0079,0.255,0.039900000000000005,0.0
"Interpret legal requirements, provide safety information, or recommend compliance procedures to contractors, craft workers, engineers, or property owners.",0.1609,0.09949999999999999,0.29109999999999997,0.0181,0.387,0.0434,0.0
Interpret protocols and advise treating physicians on appropriate dosage modifications or treatment calculations based on patient characteristics.,0.25,0.1875,0.4375,0.0,0.125,0.0,0.0
Interpret regulatory rules or rule changes and ensure that they are communicated through corporate policies and procedures.,0.36229999999999996,0.0725,0.21739999999999998,0.014499999999999999,0.2899,0.0435,0.0
"Interpret religious education activities to the public through speaking, leading discussions, or writing articles for local or national publications.",0.2061,0.0,0.6061,0.0545,0.1091,0.0242,0.0
Interpret results of financial analysis procedures.,0.2488,0.08779999999999999,0.19510000000000002,0.0049,0.439,0.024399999999999998,0.0
"Interpret safety regulations for others interested in industrial safety, such as safety engineers, labor representatives, and safety inspectors.",0.1892,0.0,0.5676,0.0,0.1892,0.0541,0.0
"Interpret test results, compare them to established specifications and control limits, and make recommendations on appropriateness of data for release.",0.2703,0.3243,0.1892,0.0,0.027000000000000003,0.1892,0.0
"Interpret the artistic creations of clients to assess their functioning, needs, or progress.",0.4,0.05,0.3,0.0,0.2,0.05,0.0
"Interpret the results of neuroimaging studies, such as Magnetic Resonance Imaging (MRI), Single Photon Emission Computed Tomography (SPECT), and Positron Emission Tomography (PET) scans.",0.2361,0.1389,0.4028,0.0,0.19440000000000002,0.0278,0.0
Interpret the results of standardized tests to determine students' strengths and areas of need.,0.5806,0.0968,0.0968,0.0,0.1935,0.0323,0.0
"Interpret transportation or tariff regulations, shipping orders, safety regulations, or company policies and procedures for workers.",0.125,0.0417,0.625,0.0,0.20829999999999999,0.0,0.0
Intervene as an advocate for clients or patients to resolve emergency problems in crisis situations.,0.11109999999999999,0.5,0.11109999999999999,0.11109999999999999,0.0556,0.11109999999999999,0.0
"Interview clients individually, in families, or in groups, assessing their situations, capabilities, and problems to determine what services are required to meet their needs.",0.2,0.4667,0.0667,0.0,0.2667,0.0,0.0
"Interview clients to determine clients' assets, liabilities, cash flow, insurance coverage, tax status, or financial objectives.",0.3077,0.11539999999999999,0.07690000000000001,0.23079999999999998,0.23079999999999998,0.0385,0.0
"Interview clients to determine their current income, expenses, insurance coverage, tax status, financial objectives, risk tolerance, or other information needed to develop a financial plan.",0.1765,0.5294,0.1176,0.0588,0.1176,0.0,0.0
"Interview clients to obtain information about employment history, educational background, and career goals, and to identify barriers to employment.",0.1277,0.4043,0.0213,0.053200000000000004,0.37229999999999996,0.0213,0.0
Interview job applicants to obtain and verify information used to screen and evaluate them.,0.625,0.125,0.0,0.0,0.1875,0.0625,0.0
Interview patients to obtain comprehensive medical histories.,0.056600000000000004,0.5849,0.24530000000000002,0.0755,0.0377,0.0,0.0
"Interview patients to obtain information, such as complaints, symptoms, medical histories, and family histories.",0.125,0.5832999999999999,0.125,0.16670000000000001,0.0,0.0,0.0
Interview people and keep track of their responses.,0.2857,0.3016,0.0,0.127,0.2857,0.0,0.0
"Invent names for products and write the slogans that appear on packaging, brochures and other promotional material.",0.1942,0.036000000000000004,0.0,0.0,0.7662,0.0036,0.0
"Investigate cause, progress, life cycle, or mode of transmission of diseases or parasites.",0.2273,0.0455,0.5455,0.0,0.0909,0.0909,0.0
Investigate customer or public complaints to determine the nature and extent of problems.,0.16329999999999997,0.4286,0.2041,0.0204,0.0408,0.1429,0.0
Investigate customer problems referred by technical support.,0.2162,0.2973,0.1081,0.0541,0.2973,0.027000000000000003,0.0
"Investigate diseases or parasites to determine cause and risk factors, progress, life cycle, or mode of transmission.",0.2,0.0,0.8,0.0,0.0,0.0,0.0
Investigate equipment failures or difficulties to diagnose faulty operation and recommend remedial actions.,0.3096,0.5333,0.08130000000000001,0.016399999999999998,0.0475,0.011899999999999999,0.0
Investigate illegal or suspicious activities.,0.2556,0.3222,0.15560000000000002,0.0222,0.16670000000000001,0.07780000000000001,0.0
"Investigate or resolve operational problems, such as material use variances or bottlenecks.",0.26789999999999997,0.32170000000000004,0.0781,0.0095,0.2943,0.0285,0.0
"Investigate products or markets to determine areas for opportunity or viability for merchandising specific products, using online or offline sources.",0.3299,0.051500000000000004,0.0825,0.0103,0.5257999999999999,0.0,0.0
"Investigate sources, such as auctions, estate sales, liquidators, wholesalers, or trade shows for new items, used items, or collectibles.",0.7188,0.125,0.0313,0.0,0.125,0.0,0.0
"Investigate system component suitability for specified purposes, and make recommendations regarding component use.",0.1809,0.14880000000000002,0.3423,0.019,0.26899999999999996,0.0401,0.0
"Investigate whether networks, workstations, the central processing unit of the system, or peripheral equipment are responding to a program's instructions.",0.7778,0.1481,0.024700000000000003,0.037000000000000005,0.0,0.0123,0.0
Issue notices and recommend corrective actions when infractions or problems are found.,0.21960000000000002,0.1595,0.0641,0.032400000000000005,0.3031,0.2213,0.0
Keep accurate records of transactions.,0.6364,0.2727,0.0,0.0,0.0909,0.0,0.0
Keep detailed logs of all work-related activities.,0.7763,0.15130000000000002,0.009899999999999999,0.016399999999999998,0.042800000000000005,0.0033,0.0
"Keep informed regarding pending industry changes, trends, or best practices.",0.40130000000000005,0.0191,0.3885,0.0446,0.1338,0.0127,0.0
Keep records and accounts.,0.35509999999999997,0.35509999999999997,0.0,0.0,0.2897,0.0,0.0
Keep records of client needs and preferences and the services provided.,0.4391,0.2547,0.0163,0.0552,0.22460000000000002,0.01,0.0
Keep records of customers' charges and payments.,0.2,0.4,0.0,0.0,0.4,0.0,0.0
Keep records of employees' attendance and hours worked.,0.34090000000000004,0.1818,0.0,0.0,0.47729999999999995,0.0,0.0
Keep records of invoices and support documents.,0.6027,0.16440000000000002,0.0137,0.0,0.20550000000000002,0.0137,0.0
Keep records of the quantities of food used.,0.2273,0.6091,0.0,0.0,0.1636,0.0,0.0
Keep records of work performed.,0.6065999999999999,0.2787,0.0,0.016399999999999998,0.0984,0.0,0.0
"Keep records on individual children, including daily observations and information about activities, meals served, and medications administered.",0.0588,0.7059000000000001,0.1176,0.0,0.1176,0.0,0.0
Keep records or prepare reports for owner or management concerning visits with clients.,0.4828,0.069,0.0,0.0,0.4138,0.0345,0.0
Key and program specified commands and engineering specifications into computer system to change functions and test final layout.,0.4118,0.3824,0.0294,0.0,0.1471,0.0294,0.0
Key in processing instructions to program electronic equipment.,0.7222,0.1481,0.0,0.018500000000000003,0.11109999999999999,0.0,0.0
"Lay out and draw schematic, orthographic, or angle views to depict functional relationships of components, assemblies, systems, and machines.",0.4242,0.030299999999999997,0.0909,0.0,0.4242,0.030299999999999997,0.0
"Lead discussion sections, tutorials, or laboratory sections.",0.14980000000000002,0.0254,0.6767,0.0037,0.09380000000000001,0.0507,0.0
Learn about competitors' products or consumers' interests or concerns to answer questions or provide more complete information.,0.3636,0.0909,0.0909,0.0,0.4545,0.0,0.0
"List parts needed, estimate costs, and plan work procedures, using parts lists, technical manuals, and diagrams.",0.4167,0.0833,0.0833,0.0,0.4167,0.0,0.0
"List parts needed, estimate costs, and plan work procedures, using parts lists, technical manuals, or diagrams.",0.3333,0.0833,0.0,0.0,0.5417000000000001,0.0417,0.0
"Listen to and resolve customer complaints regarding services, products, or personnel.",0.15380000000000002,0.40380000000000005,0.17309999999999998,0.0192,0.23079999999999998,0.0192,0.0
"Listen to speakers' statements to determine meanings and to prepare translations, using electronic listening systems as necessary.",0.4643,0.0179,0.26789999999999997,0.1607,0.08929999999999999,0.0,0.0
"Locate and correct data entry errors, or report them to supervisors.",0.44880000000000003,0.13390000000000002,0.015700000000000002,0.015700000000000002,0.2913,0.09449999999999999,0.0
"Locate and deliver information or data as requested by customers, such as contractors, government entities, and members of the public.",0.5079,0.0895,0.1783,0.0359,0.1771,0.0113,0.0
"Locate and notify customers of delinquent accounts by mail, telephone, or personal visits to solicit payment.",0.7726999999999999,0.0455,0.0,0.0,0.1818,0.0,0.0
"Locate and record data on sales of comparable property using specialized software, internet searches, or personal records.",0.5115999999999999,0.1628,0.04650000000000001,0.0698,0.18600000000000003,0.0233,0.0
"Locate files relating to specified design project in database library, load program into computer, and record completed job data.",0.8795000000000001,0.0482,0.0,0.0361,0.0361,0.0,0.0
Locate items requested by customers.,0.6181,0.10300000000000001,0.0687,0.0385,0.16760000000000003,0.0040999999999999995,0.0
"Locate suppliers, using sources such as catalogs and the internet, and interview them to gather information about products to be ordered.",0.7097,0.086,0.0323,0.0269,0.1452,0.0,0.0
Locate unusual or unique information in response to specific requests.,0.36939999999999995,0.1067,0.1859,0.018600000000000002,0.3024,0.017,0.0
Maintain and promote a positive attitude toward clients and their treatment programs.,0.0833,0.5278,0.0556,0.19440000000000002,0.0833,0.0556,0.0
"Maintain and review account records, updating and recategorizing them according to status changes.",0.6411,0.20829999999999999,0.0088,0.0102,0.1275,0.0040999999999999995,0.0
"Maintain and review computerized or manual records of purchased items, costs, deliveries, product performance, and inventories.",0.48810000000000003,0.24109999999999998,0.0089,0.0149,0.24109999999999998,0.006,0.0
"Maintain and update filing, inventory, mailing, and database systems, either manually or using a computer.",0.5652,0.1304,0.0,0.0435,0.2609,0.0,0.0
Maintain and update organization information technology applications and network systems blueprints.,0.4286,0.3061,0.102,0.0,0.1429,0.0204,0.0
"Maintain archive of images, photos, or previous work products.",0.6939,0.2245,0.0,0.0204,0.061200000000000004,0.0,0.0
"Maintain case files that include activities, progress notes, evaluations, and recommendations.",0.45159999999999995,0.0968,0.0645,0.0323,0.3226,0.0323,0.0
Maintain case history records and prepare reports.,0.40909999999999996,0.0758,0.030299999999999997,0.030299999999999997,0.4545,0.0,0.0
Maintain client databases.,0.564,0.19039999999999999,0.008199999999999999,0.0259,0.20800000000000002,0.0034999999999999996,0.0
Maintain computer and manual records pertaining to facilities and equipment.,0.4286,0.3333,0.047599999999999996,0.0,0.1905,0.0,0.0
Maintain customer records using automated systems.,0.76,0.12,0.0,0.0,0.12,0.0,0.0
"Maintain customer records, using automated systems.",0.6970000000000001,0.1818,0.0,0.030299999999999997,0.0909,0.0,0.0
"Maintain daily logs of operation, maintenance, and safety activities, including test results, instrument readings, and details of equipment malfunctions and maintenance work.",0.9565,0.0,0.0,0.0435,0.0,0.0,0.0
Maintain databases of logistics information.,0.7468,0.1456,0.0127,0.019,0.0759,0.0,0.0
Maintain input or data quality of risk management systems.,0.7931,0.0,0.0,0.0345,0.1724,0.0,0.0
Maintain inventories of materials.,0.65,0.3,0.0,0.0,0.05,0.0,0.0
Maintain inventory records.,0.5077,0.09230000000000001,0.0154,0.0462,0.3385,0.0,0.0
"Maintain library of model documents, templates, or other reusable knowledge assets.",0.28,0.2,0.08,0.0,0.44,0.0,0.0
Maintain logistics records in accordance with corporate policies.,0.7726999999999999,0.0909,0.0,0.0455,0.0909,0.0,0.0
Maintain logs of activities and completed work.,0.8801000000000001,0.0721,0.0039000000000000003,0.015600000000000001,0.0263,0.0019,0.0
"Maintain logs, prepare reports, and direct the preparation, handling, and maintenance of departmental records.",0.7778,0.0,0.0556,0.0,0.16670000000000001,0.0,0.0
"Maintain medical records, technical library, or correspondence files.",0.3529,0.29410000000000003,0.0,0.0,0.3529,0.0,0.0
"Maintain metrics, reports, process documentation, customer service logs, or training or safety records.",0.6522,0.1304,0.0,0.0,0.21739999999999998,0.0,0.0
"Maintain operations data, such as time, production, and cost records, and prepare management reports of production results.",0.623,0.29510000000000003,0.0,0.0,0.08199999999999999,0.0,0.0
"Maintain or update business intelligence tools, databases, dashboards, systems, or methods.",0.7136,0.1637,0.0074,0.0101,0.10289999999999999,0.0022,0.0
"Maintain or verify records of time, materials, expenditures, or crew activities.",0.3514,0.4054,0.0,0.0,0.2432,0.0,0.0
Maintain production records.,0.2593,0.40740000000000004,0.0,0.0,0.3333,0.0,0.0
Maintain project logbook records or computer program files.,0.8662000000000001,0.10039999999999999,0.0,0.011200000000000002,0.018600000000000002,0.0037,0.0
"Maintain records and compile statistical reports concerning personnel-related data such as hires, transfers, performance appraisals, and absenteeism rates.",0.5,0.0667,0.0,0.0167,0.4167,0.0,0.0
"Maintain records and compile statistical reports concerning personnel-related data, such as hires, transfers, performance appraisals, and absenteeism rates.",0.4747,0.0707,0.0,0.0202,0.4343,0.0,0.0
Maintain records and files of work and revisions.,0.569,0.1654,0.0129,0.025699999999999997,0.2202,0.0069,0.0
Maintain records and logbooks.,0.8356,0.1096,0.0,0.0137,0.041100000000000005,0.0,0.0
"Maintain records of business transactions and product inventories, reporting data to companies or government agencies as necessary.",0.6792,0.1887,0.0,0.0377,0.0943,0.0,0.0
"Maintain records of contacts, accounts, and orders.",0.5417000000000001,0.22920000000000001,0.0,0.0,0.22920000000000001,0.0,0.0
"Maintain records of daily data communication transactions, problems and remedial actions taken, or installation activities.",0.9159,0.061500000000000006,0.0032,0.016200000000000003,0.0032,0.0,0.0
"Maintain records of event aspects, including financial details.",0.5333,0.0667,0.0,0.0,0.4,0.0,0.0
Maintain records of performance reports for future reference.,0.75,0.15,0.0,0.0,0.05,0.05,0.0
"Maintain records pertaining to inventory, personnel, orders, supplies, or machine maintenance.",0.5294,0.0588,0.0,0.0588,0.3529,0.0,0.0
Maintain records related to sales.,0.47369999999999995,0.31579999999999997,0.0,0.0,0.21050000000000002,0.0,0.0
"Maintain records, document actions, and present written progress reports.",0.7261,0.0649,0.0048,0.0048,0.1966,0.0029,0.0
"Maintain records, such as daily production records, using specified forms.",0.4,0.5333,0.0,0.0,0.0667,0.0,0.0
"Maintain records, such as quantities or types of processing completed, materials used, or customer charges.",0.3529,0.29410000000000003,0.0,0.0,0.3529,0.0,0.0
"Maintain required records of work hours, budgets, payrolls, and other information.",0.5075,0.1493,0.0149,0.029900000000000003,0.2836,0.0149,0.0
Maintain sales forecasting reports.,0.2667,0.0667,0.0,0.0,0.6667000000000001,0.0,0.0
Maintain scheduling and event calendars.,0.6951,0.15689999999999998,0.0109,0.0218,0.1152,0.0,0.0
Maintain system logs or manuals to document testing or operation of equipment.,0.9074,0.0741,0.0,0.018500000000000003,0.0,0.0,0.0
Maintain technical project files.,0.6437,0.1379,0.023,0.0115,0.1839,0.0,0.0
Maintain time or production records.,0.1852,0.5926,0.0,0.0,0.22219999999999998,0.0,0.0
Maintain treatment records.,0.2771,0.5422,0.0361,0.012,0.12050000000000001,0.012,0.0
"Maintain updated client records with plans, notes, appropriate forms, or related information.",0.381,0.2738,0.10710000000000001,0.023799999999999998,0.2024,0.011899999999999999,0.0
"Maintain wellness- and fitness-related schedules, records, or reports.",0.3846,0.1368,0.0342,0.0171,0.4274,0.0,0.0
"Make clinical recommendations to physicians, other health care providers, insurance companies, patients, or health care organizations.",0.2932,0.09849999999999999,0.4114,0.0044,0.1204,0.0722,0.0
"Make computations relating to load requirements of wiring or equipment, using algebraic expressions and standard formulas.",0.39289999999999997,0.2143,0.10710000000000001,0.0,0.2857,0.0,0.0
Make diagnoses when different illnesses occur together or in situations where the diagnosis may be obscure.,0.2973,0.2973,0.2703,0.0,0.1081,0.027000000000000003,0.0
Make manuscript acceptance or revision recommendations to the publisher.,0.3243,0.0541,0.0405,0.013500000000000002,0.4324,0.1351,0.0
"Make objects or characters appear lifelike by manipulating light, color, texture, shadow, and transparency, or manipulating static images to give the illusion of motion.",0.375,0.15,0.0,0.025,0.45,0.0,0.0
Make recommendations to management concerning such issues as staffing decisions or procedural changes.,0.22219999999999998,0.16670000000000001,0.0278,0.0278,0.5556,0.0,0.0
Make system device lists or event timing charts.,0.3182,0.1364,0.0,0.0,0.5455,0.0,0.0
Make tentative diagnoses and decisions about management and treatment of patients.,0.3604,0.34740000000000004,0.2175,0.0,0.0487,0.026000000000000002,0.0
Manage and maintain executives' schedules.,0.5672,0.2446,0.0,0.0323,0.1559,0.0,0.0
"Manage paper or electronic filing systems by recording information, updating paperwork, or maintaining documents, such as attendance records or correspondence.",0.7090000000000001,0.15,0.0063,0.023700000000000002,0.1096,0.0014000000000000002,0.0
"Manage schedules and set dates, times, and locations for meetings and appointments.",0.5576,0.1439,0.0072,0.0576,0.23379999999999998,0.0,0.0
Manage user access to systems and equipment through account management and password administration.,0.4125,0.425,0.075,0.0375,0.05,0.0,0.0
"Manipulate and enhance scanned or digital images to create desired effects, using computers and specialized software.",0.7667,0.0333,0.0,0.0,0.2,0.0,0.0
"Map data between source systems, data warehouses, and data marts.",0.35710000000000003,0.17859999999999998,0.035699999999999996,0.0,0.4286,0.0,0.0
"Mark copy to indicate and correct errors in type, arrangement, grammar, punctuation, or spelling, using standard printers' marks.",0.3256,0.0233,0.0,0.0,0.3488,0.3023,0.0
"Mark up, paste, and complete layouts and write typography instructions to prepare materials for typesetting or printing.",0.3483,0.034300000000000004,0.0,0.0106,0.6069,0.0,0.0
Match individuals' needs and eligibility with available financial aid programs to provide informed recommendations.,0.21280000000000002,0.2766,0.10640000000000001,0.0,0.38299999999999995,0.0213,0.0
"Match order forms with invoices, and record the necessary information.",0.6,0.2,0.0,0.0,0.2,0.0,0.0
Measure distances from landmarks to identify exact installation sites for equipment.,0.47369999999999995,0.21050000000000002,0.0526,0.0,0.2632,0.0,0.0
Measure ingredients required for specific food items.,0.6786,0.07139999999999999,0.07139999999999999,0.0,0.17859999999999998,0.0,0.0
"Measure or weigh ingredients, using scales or measuring containers.",0.4118,0.1176,0.0,0.0,0.4706,0.0,0.0
"Measure parts to verify specified dimensions or settings, such as camera shutter speed or light meter reading accuracy, using measuring instruments.",0.4667,0.1333,0.2,0.0667,0.1333,0.0,0.0
"Measure, weigh, and count products and materials.",0.6,0.0667,0.0,0.0444,0.2667,0.0222,0.0
"Meet and collaborate with agency personnel, community organizations, and other professional personnel to plan balanced recreational programs for participants.",0.34619999999999995,0.0,0.07690000000000001,0.0385,0.5385,0.0,0.0
"Meet with clients to answer queries on subjects such as risk exposure, market scenarios, or values-at-risk calculations.",0.0345,0.0345,0.9309999999999999,0.0,0.0,0.0,0.0
"Meet with customers to discuss menus for special occasions, such as weddings, parties, or banquets.",0.22089999999999999,0.0736,0.0123,0.1534,0.5215,0.0184,0.0
Mentor graduate students and junior colleagues.,0.1479,0.0482,0.2122,0.0096,0.47909999999999997,0.10289999999999999,0.0
Mentor others on mathematical techniques.,0.0601,0.0311,0.7263,0.0037,0.0946,0.0842,0.0
"Merge scanned images or build photo mosaics of large areas, using image processing software.",0.544,0.048,0.0,0.008,0.4,0.0,0.0
Modify and customize commercial programs for internal needs.,0.5105,0.26839999999999997,0.0053,0.0053,0.21050000000000002,0.0,0.0
"Modify and refine designs, using working models, to conform with customer specifications, production limitations, or changes in design trends.",0.0717,0.0801,0.0074,0.0032,0.8101,0.0276,0.0
"Modify computer security files to incorporate new software, correct errors, or change individual access status.",0.5,0.4,0.0,0.0,0.1,0.0,0.0
Modify existing databases and database management systems or direct programmers and analysts to make changes.,0.3837,0.37939999999999996,0.0069,0.0026,0.22399999999999998,0.0034000000000000002,0.0
"Modify existing software to correct errors, adapt it to new hardware, or upgrade interfaces and improve performance.",0.266,0.42310000000000003,0.0138,0.003,0.2853,0.0087,0.0
"Modify existing software to correct errors, allow it to adapt to new hardware, or to improve its performance.",0.2702,0.43689999999999996,0.0129,0.005,0.26899999999999996,0.0060999999999999995,0.0
Modify treatment activities or approaches as needed to comply with changes in clients' status.,0.0625,0.25,0.0,0.0,0.6875,0.0,0.0
Modify treatment plans according to changes in client status.,0.0526,0.31579999999999997,0.0526,0.0,0.5789,0.0,0.0
Modify treatment plans to comply with changes in client status.,0.1765,0.1765,0.0,0.0,0.6470999999999999,0.0,0.0
Modify treatment plans to comply with changes in clients' status.,0.1389,0.3056,0.0278,0.0,0.5278,0.0,0.0
"Monitor all aspects of patient care, including diet and physical activity.",0.069,0.7931,0.0345,0.0,0.10339999999999999,0.0,0.0
"Monitor and analyze network performance and reports on data input or output to detect problems, identify inefficient use of computer resources, or perform capacity planning.",0.5581,0.2791,0.04650000000000001,0.0,0.09300000000000001,0.0233,0.0
Monitor and analyze sales promotion results to determine cost effectiveness of promotion campaigns.,0.22940000000000002,0.40399999999999997,0.0565,0.0078000000000000005,0.2884,0.0139,0.0
"Monitor and analyze sales records, trends, or economic conditions to anticipate consumer buying patterns, company sales, and needed inventory.",0.3543,0.14800000000000002,0.1659,0.0538,0.22870000000000001,0.0493,0.0
"Monitor and analyze system performance, such as network traffic, security, and capacity.",0.49119999999999997,0.2281,0.2193,0.0175,0.0351,0.0088,0.0
Monitor and evaluate effectiveness of sustainability programs.,0.3889,0.0,0.11109999999999999,0.0556,0.3333,0.11109999999999999,0.0
Monitor and record clients' progress to ensure that goals and objectives are met.,0.3226,0.6452,0.0,0.0,0.0323,0.0,0.0
Monitor and review paperwork procedures and systems to prevent error-related shortages.,0.9016,0.0246,0.0,0.0738,0.0,0.0,0.0
Monitor bug resolution efforts and track successes.,0.5294,0.4412,0.0,0.0,0.0147,0.0147,0.0
"Monitor changes affecting supply and demand, tracking market conditions, price trends, or futures markets.",0.4194,0.2256,0.1892,0.013500000000000002,0.121,0.0313,0.0
Monitor compliance systems to ensure their effectiveness.,0.9473999999999999,0.0,0.0,0.0,0.0526,0.0,0.0
Monitor customer preferences to determine focus of sales efforts.,0.44,0.08,0.04,0.12,0.28,0.04,0.0
Monitor daily stock prices and compute fluctuations to determine the need for additional collateral to secure loans.,0.8261,0.1739,0.0,0.0,0.0,0.0,0.0
"Monitor developments in the fields of industrial technology, business, finance, and economic theory.",0.2212,0.0269,0.4813,0.0471,0.1517,0.0717,0.0
Monitor equipment to ensure proper operation.,0.9706,0.0147,0.0,0.0147,0.0,0.0,0.0
Monitor financial market trends to ensure that client plans are responsive.,0.3331,0.2839,0.14429999999999998,0.0048,0.20309999999999997,0.0308,0.0
Monitor functioning of equipment to ensure system operates in conformance with specifications.,0.85,0.05,0.0,0.05,0.0,0.05,0.0
"Monitor fundamental economic, industrial, and corporate developments by analyzing information from financial publications and services, investment banking firms, government agencies, trade publications, company sources, or personal interviews.",0.43420000000000003,0.023399999999999997,0.2991,0.019799999999999998,0.1934,0.03,0.0
"Monitor industry standards, trends, or practices to identify developments in logistics planning or execution.",0.5,0.0313,0.25,0.0,0.1563,0.0625,0.0
Monitor inventory levels of products or materials in warehouses.,0.6774,0.129,0.0323,0.0323,0.129,0.0,0.0
"Monitor market conditions, innovations, and competitors' services, prices, and sales.",0.9031999999999999,0.0,0.0,0.0,0.0968,0.0,0.0
"Monitor market conditions, product innovations, and competitors' products, prices, and sales.",0.9129999999999999,0.0435,0.0,0.0217,0.0217,0.0,0.0
Monitor markets or positions.,0.8711,0.0723,0.015700000000000002,0.0189,0.0189,0.0031,0.0
"Monitor operations to identify and solve problems, improve work methods, and ensure compliance with safety, company, and government regulations.",0.92,0.06,0.0,0.02,0.0,0.0,0.0
Monitor or analyze market and environmental trends.,0.42869999999999997,0.0931,0.21230000000000002,0.0134,0.2159,0.0366,0.0
Monitor or track project milestones and deliverables.,0.9318000000000001,0.0455,0.0,0.0227,0.0,0.0,0.0
Monitor participants' progress and adapt programs as needed.,0.0556,0.47619999999999996,0.1825,0.0,0.2857,0.0,0.0
Monitor patients' conditions and progress and reevaluate treatments as necessary.,0.0,0.9048,0.09519999999999999,0.0,0.0,0.0,0.0
Monitor patients' medication usage and results.,0.3125,0.625,0.0625,0.0,0.0,0.0,0.0
Monitor patients' progress and adjust treatments accordingly.,0.0556,0.8889,0.0,0.0,0.0556,0.0,0.0
Monitor performance of quality control systems to ensure effectiveness and efficiency.,0.9375,0.0208,0.0,0.0347,0.0,0.0069,0.0
Monitor product quality to ensure compliance with standards and specifications.,0.3725,0.1373,0.0196,0.0196,0.1176,0.3333,0.0
Monitor program performance to ensure efficient and problem-free operations.,0.9157,0.057,0.0025,0.024,0.0008,0.0,0.0
Monitor project milestones and deliverables.,0.4722,0.5,0.0,0.0,0.0278,0.0,0.0
Monitor security system performance logs to identify problems and notify security specialists when problems occur.,0.875,0.0417,0.0417,0.0417,0.0,0.0,0.0
Monitor system operation to detect potential problems.,0.9192,0.0366,0.0022,0.039599999999999996,0.0015,0.0007000000000000001,0.0
"Monitor systems for intrusions or denial of service attacks, and report security breaches to appropriate personnel.",0.8095,0.1429,0.047599999999999996,0.0,0.0,0.0,0.0
"Monitor testing procedures to ensure that all tests are performed according to established item specifications, standard test methods, or protocols.",0.8667,0.0667,0.0,0.0667,0.0,0.0,0.0
"Monitor, evaluate, and record client progress according to measurable goals described in treatment and care plan.",0.303,0.5455,0.0,0.030299999999999997,0.12119999999999999,0.0,0.0
"Monitor, evaluate, and record client progress with respect to treatment goals.",0.20829999999999999,0.625,0.0833,0.0,0.0833,0.0,0.0
"Monitor, evaluate, or record training activities or program effectiveness.",0.2368,0.0263,0.10529999999999999,0.0,0.2632,0.36840000000000006,0.0
Negotiate claim settlements or recommend litigation when settlement cannot be negotiated.,0.0861,0.3301,0.15789999999999998,0.0144,0.3732,0.0383,0.0
Negotiate details of contracts and payments.,0.15,0.16670000000000001,0.0167,0.0,0.5832999999999999,0.0833,0.0
Negotiate prices or terms of sales or service agreements.,0.29510000000000003,0.19260000000000002,0.0246,0.008199999999999999,0.4549,0.0246,0.0
"Negotiate the sale, lease, or development of property and complete or review appropriate documents and forms.",0.4694,0.0204,0.0,0.061200000000000004,0.449,0.0,0.0
"Negotiate, renegotiate, and administer contracts with suppliers, vendors, and other representatives.",0.19149999999999998,0.19149999999999998,0.0213,0.0,0.5957,0.0,0.0
Observe and discuss meal preparation and suggest alternate methods of food preparation.,0.1099,0.344,0.2163,0.0070999999999999995,0.2553,0.0674,0.0
Observe and evaluate students' work to determine progress and make suggestions for improvement.,0.1595,0.079,0.16390000000000002,0.0015,0.1937,0.40240000000000004,0.0
"Observe and evaluate students' work to determine progress, provide feedback, and make suggestions for improvement.",0.1861,0.060700000000000004,0.12619999999999998,0.0048,0.22920000000000001,0.39299999999999996,0.0
"Observe and influence patients' behavior, communicating and interacting with them and teaching, counseling, or befriending them.",0.030899999999999997,0.0825,0.0103,0.8556999999999999,0.0,0.0206,0.0
"Observe and monitor patient food intake and body weight, and report changes, progress, and dietary problems to dietician.",0.0667,0.8,0.0,0.0,0.1333,0.0,0.0
Observe and monitor staff performance to ensure efficient operations and adherence to facility's policies and procedures.,0.8511,0.0426,0.0,0.0638,0.0426,0.0,0.0
"Observe and record patients' progress, attitudes, and behavior and maintain this information in client records.",0.1176,0.8234999999999999,0.0588,0.0,0.0,0.0,0.0
"Observe and report on social, economic, and political trends that might affect employers.",0.7451000000000001,0.2157,0.0,0.0,0.0392,0.0,0.0
"Observe animals for signs of illness, injury, or unusual behavior, notifying veterinarians or managers as warranted.",0.16670000000000001,0.4583,0.25,0.125,0.0,0.0,0.0
Observe clients' food selections and recommend alternate economical and nutritional food choices.,0.0583,0.5706,0.11199999999999999,0.0046,0.23010000000000003,0.0245,0.0
"Observe or examine patients to detect symptoms that may require medical attention, such as bruises, open wounds, or blood in urine.",0.3276,0.2345,0.1724,0.0138,0.1103,0.1414,0.0
Observe participants and inform them of corrective measures necessary for skill improvement.,0.1605,0.2441,0.301,0.0033,0.1572,0.1338,0.0
"Observe the current system in operation, and gather and analyze information about each of the component problems, using a variety of sources.",0.213,0.6505,0.0545,0.0166,0.054299999999999994,0.0111,0.0
"Obtain and analyze information on suspects, crimes, or disturbances to solve cases, to identify criminal activity, or to gather information for court cases.",0.4118,0.4118,0.1765,0.0,0.0,0.0,0.0
"Obtain and assemble data to complete architectural designs, visiting job sites to compile measurements as necessary.",0.375,0.1875,0.0625,0.125,0.25,0.0,0.0
"Obtain and record accurate patient history, including prior test results or information from physical examinations.",0.36840000000000006,0.31579999999999997,0.2632,0.0,0.0526,0.0,0.0
"Obtain and study information about clients' products, needs, problems, advertising history, and business practices to offer effective sales presentations and appropriate product assistance.",0.3804,0.163,0.0326,0.059800000000000006,0.3641,0.0,0.0
"Obtain information needed to complete legal documents, such as death certificates or burial permits.",0.5,0.13,0.01,0.05,0.31,0.0,0.0
"Obtain, move, and sort products, materials, containers, and orders, using hand tools.",0.8367,0.061200000000000004,0.0,0.0204,0.0816,0.0,0.0
"Obtain, organize, or develop training procedure manuals, guides, or course materials, such as handouts or visual materials.",0.4583,0.045,0.036000000000000004,0.0039000000000000003,0.4522,0.0046,0.0
Offer advice on the purchase or sale of particular securities.,0.0645,0.2581,0.5806,0.0,0.0806,0.0161,0.0
Offer alternatives during classes to accommodate different levels of fitness.,0.2759,0.2184,0.1724,0.0115,0.2874,0.0345,0.0
Offer counsel and comfort to bereaved families or friends.,0.2027,0.1162,0.2141,0.2369,0.1777,0.0524,0.0
Offer counsel and comfort to families and friends of the deceased.,0.2902,0.1192,0.17620000000000002,0.1503,0.2073,0.057,0.0
Offer specific training programs to help workers maintain or improve job skills.,0.3271,0.0935,0.2336,0.009300000000000001,0.2991,0.0374,0.0
"Open, read, route, and distribute incoming mail or other materials and answer routine letters.",0.9615,0.0385,0.0,0.0,0.0,0.0,0.0
"Open, sort, and distribute incoming correspondence, including faxes and email.",0.9375,0.0625,0.0,0.0,0.0,0.0,0.0
"Operate and manage land-information computer systems, performing tasks such as storing data, making inquiries, and producing plots and reports.",0.7,0.3,0.0,0.0,0.0,0.0,0.0
Operate computer-assisted engineering or design software or equipment to perform engineering tasks.,0.4928,0.36229999999999996,0.028999999999999998,0.0435,0.0725,0.0,0.0
"Operate desktop publishing software and equipment to design, lay out, and produce camera-ready copy.",0.3772,0.0424,0.0045000000000000005,0.0022,0.5714,0.0022,0.0
"Operate scanners or related computer equipment to digitize negatives, photographic prints, or other images.",0.7297,0.08109999999999999,0.0,0.1081,0.08109999999999999,0.0,0.0
Optimize Web site exposure by analyzing search engine patterns to direct online placement of keywords or other content.,0.4534,0.17370000000000002,0.0593,0.0127,0.2627,0.0381,0.0
"Optimize digital assets, such as text, graphics, or multimedia assets, for search engine optimization (SEO) or for display and usability on internet-connected devices.",0.3382,0.2022,0.0147,0.0,0.4412,0.0037,0.0
Optimize shopping cart experience or Web site conversion rates against Key Performance Indicators (KPIs).,0.3125,0.1563,0.0625,0.0,0.46880000000000005,0.0,0.0
"Organize and lead activities designed to promote physical, mental, and social development, such as games, arts and crafts, music, and storytelling.",0.3868,0.009399999999999999,0.0,0.0,0.5943,0.009399999999999999,0.0
"Organize and lead activities designed to promote physical, mental, and social development, such as games, arts and crafts, music, storytelling, and field trips.",0.36,0.016,0.016,0.048,0.552,0.008,0.0
Organize and maintain periodicals and reference materials.,0.5766,0.0219,0.0146,0.0365,0.3358,0.0146,0.0
Organize and string together raw footage into a continuous whole according to scripts or the instructions of directors and producers.,0.34619999999999995,0.3077,0.0,0.0,0.3077,0.0385,0.0
"Organize and supervise games and other recreational activities to promote physical, mental, and social development.",0.3333,0.0741,0.0,0.037000000000000005,0.5185,0.037000000000000005,0.0
"Organize and supervise games or other recreational activities to promote physical, mental, or social development.",0.2683,0.048799999999999996,0.024399999999999998,0.0,0.6585,0.0,0.0
"Organize data, and analyze and interpret its authenticity and relative significance.",0.2113,0.1479,0.36619999999999997,0.021099999999999997,0.2113,0.042300000000000004,0.0
"Organize material and complete writing assignment according to set standards regarding order, clarity, conciseness, style, and terminology.",0.4229,0.0239,0.0085,0.0029,0.5313,0.0105,0.0
"Organize or work with detailed office or warehouse records, using computers to enter, access, search or retrieve data.",0.5984,0.1643,0.0086,0.0060999999999999995,0.22190000000000001,0.0006,0.0
"Organize paperwork, such as survey forms or reports, for distribution or analysis.",0.47369999999999995,0.10529999999999999,0.0,0.10529999999999999,0.31579999999999997,0.0,0.0
Organize tutoring environment to promote productivity and learning.,0.46149999999999997,0.0128,0.0641,0.0513,0.39740000000000003,0.0128,0.0
Oversee the daily performance of computer systems.,0.9286,0.051699999999999996,0.0,0.0172,0.0025,0.0,0.0
"Page guests in hotel lobbies, dining rooms, or other areas.",0.7333,0.0,0.0,0.2667,0.0,0.0,0.0
"Participate in architectural and engineering planning and design, including space and installation management.",0.2704,0.0587,0.07139999999999999,0.0077,0.5816,0.0102,0.0
"Participate in case reviews, consulting with the team caring for the client, to evaluate the client's needs and plan for continuing services.",0.3529,0.0588,0.0,0.1176,0.4706,0.0,0.0
Participate in decisions about whether cases should go before courts and which court should hear them.,0.2581,0.22579999999999997,0.1613,0.1613,0.1613,0.0323,0.0
Participate in internal or external audits.,0.5435,0.0217,0.0435,0.0,0.3696,0.0217,0.0
"Participate in new product planning or market research, including studying the potential need for new products.",0.3286,0.0857,0.07139999999999999,0.0143,0.5,0.0,0.0
"Participate in product design reviews to provide input on functional requirements, product designs, schedules, or potential problems.",0.0857,0.4571,0.0,0.0,0.4286,0.0286,0.0
Participate in the development of product specifications.,0.21239999999999998,0.1352,0.0392,0.0048,0.5974,0.0109,0.0
"Participate in the development of specifications for equipment, products, or substitute materials.",0.21230000000000002,0.1067,0.0613,0.0079,0.6039,0.0079,0.0
"Participate in the hiring process by reviewing credentials, conducting interviews, or making hiring decisions or recommendations.",0.4301,0.1364,0.0245,0.0105,0.3671,0.0315,0.0
Participate in the planning or development of mapping projects.,0.2,0.2,0.0667,0.0,0.5333,0.0,0.0
Participate in the preparation of reports or scientific publications.,0.2557,0.0718,0.0279,0.0023,0.6241,0.0182,0.0
Participate in the publication of data or information.,0.6,0.1333,0.0,0.0,0.2444,0.0222,0.0
"Participate in the research, development, or manufacturing of medicinal and pharmaceutical preparations.",0.0625,0.125,0.625,0.0,0.1875,0.0,0.0
"Perform Web site tests according to planned schedules, or after any Web site or product revision.",0.75,0.25,0.0,0.0,0.0,0.0,0.0
"Perform accounting and bookkeeping activities, such as invoicing, maintaining financial records, budgeting, and handling cash.",0.3784,0.2432,0.027000000000000003,0.027000000000000003,0.3243,0.0,0.0
"Perform accounting duties, such as recording daily cash flow, preparing bank deposits, or generating financial statements.",0.3333,0.23809999999999998,0.0,0.047599999999999996,0.3333,0.047599999999999996,0.0
"Perform administrative duties, such as compiling and maintaining records, completing forms, preparing reports, or composing correspondence.",0.3775,0.0795,0.0066,0.0132,0.5166,0.0066,0.0
"Perform administrative or business management tasks, such as scheduling appointments, accepting payments from clients, budgeting, or maintaining business records.",0.7,0.1,0.0,0.0,0.2,0.0,0.0
"Perform administrative support tasks, such as proofreading, transcribing handwritten information, or operating calculators or computers to work with pay records, invoices, balance sheets, or other documents.",0.3871,0.129,0.0645,0.0323,0.1935,0.1935,0.0
"Perform bookkeeping work, including posting data or keeping other records concerning costs of goods or services or the shipment of goods.",0.2,0.55,0.0,0.0,0.25,0.0,0.0
"Perform budgeting duties, such as assisting in budget preparation, expenditure review, or budget administration.",0.1856,0.1796,0.0978,0.006,0.505,0.0259,0.0
"Perform business management duties, such as maintaining records or files, preparing reports, or ordering supplies or equipment.",0.6769,0.09230000000000001,0.0,0.0,0.23079999999999998,0.0,0.0
"Perform clerical duties, such as filing, typing, operating switchboards, or routing mail and messages.",0.8564,0.09210000000000002,0.0,0.0271,0.024399999999999998,0.0,0.0
"Perform complex calculations as part of the analysis and evaluation of data, using computers.",0.4253,0.0783,0.1027,0.0040999999999999995,0.35229999999999995,0.037200000000000004,0.0
Perform computations and apply methods of numerical analysis to data.,0.5047999999999999,0.0601,0.1106,0.0072,0.2861,0.0313,0.0
"Perform computer programming, data analysis, or software development for Geographic Information Systems (GIS) applications, including the maintenance of existing systems or research and development for future enhancements.",0.2096,0.48469999999999996,0.0349,0.0,0.2707,0.0,0.0
"Perform cost-benefit analyses to compare operating programs, review financial requests, or explore alternative financing methods.",0.18109999999999998,0.1024,0.13390000000000002,0.0,0.5709000000000001,0.0118,0.0
Perform crisis interventions with clients.,0.0385,0.1966,0.1752,0.5192,0.047,0.0235,0.0
Perform data backups and disaster recovery operations.,0.8512000000000001,0.1157,0.0165,0.0,0.0165,0.0,0.0
Perform data entry and other clerical work as required for project completion.,0.7419,0.1613,0.0,0.0,0.0968,0.0,0.0
"Perform database verifications, using computers.",0.6347999999999999,0.060899999999999996,0.0174,0.0174,0.087,0.1826,0.0
"Perform detailed calculations to compute and establish manufacturing, construction, or installation standards or specifications.",0.1852,0.1852,0.037000000000000005,0.0,0.5556,0.037000000000000005,0.0
"Perform financial calculations, such as amounts due, interest charges, balances, discounts, equity, and principal.",0.4069,0.08259999999999999,0.133,0.0060999999999999995,0.3508,0.0207,0.0
"Perform general administrative tasks, such as keeping records or writing reports.",0.7726999999999999,0.0455,0.0,0.0,0.1818,0.0,0.0
"Perform general administrative tasks, such as scheduling appointments or ordering supplies or equipment.",0.7105,0.1316,0.0,0.0789,0.0789,0.0,0.0
"Perform general administrative tasks, such as taking attendance, editing internal paperwork, and making phone calls.",0.7508,0.08449999999999999,0.0076,0.0596,0.0964,0.0011,0.0
"Perform humorous and serious interpretations of emotions, actions, and situations, using body movements, facial expressions, and gestures.",0.0417,0.625,0.0,0.22920000000000001,0.1042,0.0,0.0
"Perform initial debugging procedures by reviewing configuration files, logs, or code pieces to determine breakdown source.",0.2473,0.43439999999999995,0.1505,0.0409,0.0796,0.0473,0.0
"Perform managerial functions, such as preparing proposals and budgets, analyzing labor costs, and writing reports.",0.2712,0.0678,0.0,0.0,0.6609999999999999,0.0,0.0
Perform marketing and public relations activities.,0.6698000000000001,0.11320000000000001,0.009399999999999999,0.009399999999999999,0.1981,0.0,0.0
Perform needs assessments or consult with clients to determine the types of research and information required.,0.2027,0.1419,0.0507,0.4122,0.1791,0.013500000000000002,0.0
"Perform ongoing hardware and software maintenance operations, including installing or upgrading hardware or software.",0.3272,0.6194,0.0167,0.0083,0.023399999999999997,0.005,0.0
Perform or direct Web site updates.,0.5115999999999999,0.2571,0.0031,0.0066,0.2205,0.0012,0.0
"Perform or direct revision, repair, or expansion of existing programs to increase operating efficiency or adapt to new requirements.",0.2669,0.39770000000000005,0.0175,0.0023,0.3099,0.005699999999999999,0.0
"Perform or evaluate research, such as detailed company or industry analyses, to inform financial forecasting, decision making, or valuation.",0.4286,0.2143,0.07139999999999999,0.0,0.2857,0.0,0.0
"Perform or evaluate the results of diagnostic tests, such as radiographs (x-rays) and electrocardiograms (EKGs).",0.5556,0.19440000000000002,0.11109999999999999,0.0,0.11109999999999999,0.0278,0.0
"Perform or interpret the outcomes of diagnostic imaging procedures including magnetic resonance imaging (MRI), computer tomography (CT), positron emission tomography (PET), nuclear cardiology treadmill studies, mammography, or ultrasound.",0.5097,0.129,0.2194,0.006500000000000001,0.1032,0.0323,0.0
"Perform original and stock tricks of illusion to entertain and mystify audiences, occasionally including audience members as participants.",0.6087,0.0435,0.0,0.0435,0.3043,0.0,0.0
Perform quality checks on products and parts.,0.3023,0.0814,0.04650000000000001,0.0116,0.1977,0.3605,0.0
"Perform quality control audits to ensure accuracy, completeness, or proper usage of clinical systems and data.",0.4,0.2,0.0,0.05,0.25,0.1,0.0
Perform risk analyses so that appropriate countermeasures can be developed.,0.3554,0.1105,0.1989,0.0258,0.2541,0.0552,0.0
Perform risk assessments to develop response strategies.,0.2516,0.1321,0.3145,0.0189,0.1887,0.0943,0.0
"Perform routine system administrative functions, such as troubleshooting, back-ups, or upgrades.",0.3907,0.5653,0.015600000000000001,0.0060999999999999995,0.0182,0.0043,0.0
"Perform sales floor work, such as greeting or assisting customers, stocking shelves, or taking inventory.",0.0862,0.0,0.046,0.8332999999999999,0.0287,0.005699999999999999,0.0
Perform security analyses of developed or packaged software components.,0.4006,0.2594,0.1402,0.009399999999999999,0.08789999999999999,0.1025,0.0
Perform spatial analysis and modeling using geographic information system techniques.,0.4667,0.2,0.0,0.0,0.2667,0.0667,0.0
"Perform statistical analyses, such as social network pattern analysis, network modeling, discrete event simulation, agent-based modeling, statistical natural language processing, computational sociology, mathematical optimization, or systems dynamics.",0.20309999999999997,0.2656,0.125,0.015600000000000001,0.375,0.015600000000000001,0.0
Perform statistical analysis of environmental data.,0.2927,0.2439,0.0732,0.048799999999999996,0.3171,0.024399999999999998,0.0
"Perform system analysis, data analysis or programming, using a variety of computer languages and procedures.",0.2091,0.40850000000000003,0.0926,0.008199999999999999,0.2709,0.0108,0.0
Perform systems analysis or programming of radio frequency identification device (RFID) technology.,0.10710000000000001,0.35710000000000003,0.2143,0.0,0.3214,0.0,0.0
Perform tax planning work.,0.19949999999999998,0.1381,0.1407,0.0051,0.509,0.0077,0.0
"Perform validation and testing of models to ensure adequacy, and reformulate models, as necessary.",0.1307,0.2451,0.0784,0.0098,0.4804,0.0556,0.0
"Perform various administrative tasks, such as typing documents or answering telephone calls.",0.6494,0.0519,0.013000000000000001,0.20350000000000001,0.0823,0.0,0.0
"Perform various data entry or word processing tasks, such as updating phone directories, typing or proofreading documents, or creating schedules.",0.8345,0.0216,0.0072,0.0072,0.1223,0.0072,0.0
Perform visual inspections of finished products.,0.31629999999999997,0.1386,0.0512,0.0572,0.1867,0.25,0.0
"Plan and carry out work assignments, using blueprints, schematic drawings, technical manuals, wiring diagrams, or liquid or air flow sheets, following prescribed regulations, directives, or other instructions as required.",0.9,0.05,0.0,0.05,0.0,0.0,0.0
"Plan and conduct activities for a balanced program of instruction, demonstration, and work time that provides students with opportunities to observe, question, and investigate.",0.33049999999999996,0.0455,0.08259999999999999,0.0169,0.5126,0.0118,0.0
Plan and conduct special research projects in area of interest or expertise.,0.1562,0.0101,0.7304999999999999,0.0227,0.0554,0.0252,0.0
Plan and coordinate advertising campaigns and sales promotions and prepare merchandise displays and advertising copy.,0.22949999999999998,0.1497,0.01,0.006,0.6028,0.002,0.0
"Plan and deliver client-centered programs and services, such as special services for corporate clients, storytelling for children, newsletters, or programs for special groups.",0.4861,0.0417,0.0,0.0139,0.4583,0.0,0.0
Plan and develop audio-visual devices for public programs.,0.6466,0.037599999999999995,0.015,0.0,0.30079999999999996,0.0,0.0
"Plan and develop instructional methods and content for educational, vocational, or student activity programs.",0.2059,0.0294,0.0882,0.0294,0.6470999999999999,0.0,0.0
"Plan and develop pre-production ideas into outlines, scripts, story boards, and graphics, using own ideas or specifications of assignments.",0.3494,0.0317,0.0064,0.0028000000000000004,0.6082,0.0016,0.0
"Plan and develop programs, agendas, budgets, and services according to customer requirements.",0.34909999999999997,0.0604,0.0355,0.0109,0.5409,0.0032,0.0
Plan and establish sequence of operations to fabricate and assemble parts or products and to promote efficient utilization.,0.1765,0.3333,0.1176,0.0,0.3333,0.0392,0.0
"Plan and establish work schedules, assignments, and production sequences to meet production goals.",0.34159999999999996,0.1211,0.0031,0.009300000000000001,0.5093,0.0155,0.0
Plan and execute advertising policies and strategies for organizations.,0.3582,0.1866,0.0373,0.0,0.4179,0.0,0.0
Plan and modify product configurations to meet customer needs.,0.4167,0.20829999999999999,0.0,0.0,0.3611,0.0139,0.0
Plan and organize public events at the park.,0.4127,0.0794,0.0,0.047599999999999996,0.4603,0.0,0.0
"Plan and prepare advertising and promotional material to increase sales of products or services, working with customers, company officials, sales departments, and advertising agencies.",0.2194,0.0603,0.0068000000000000005,0.0033,0.7031000000000001,0.0070999999999999995,0.0
"Plan and prepare food for parties, holiday meals, luncheons, special functions, and other social events.",0.36840000000000006,0.10529999999999999,0.0,0.0132,0.5132,0.0,0.0
Plan and prepare grant proposals to request program funding.,0.24,0.0,0.0,0.0,0.7467,0.013300000000000001,0.0
"Plan and prepare work schedules, and assign employees to specific duties.",0.3333,0.0,0.0,0.0,0.6667000000000001,0.0,0.0
"Plan and schedule programming and event coverage, based on broadcast length, time availability, and other factors, such as community needs, ratings data, and viewer demographics.",0.28850000000000003,0.0962,0.0,0.0,0.5769,0.0385,0.0
"Plan and supervise experiential learning activities, such as class projects, field trips, or demonstrations.",0.4146,0.024399999999999998,0.024399999999999998,0.0732,0.46340000000000003,0.0,0.0
"Plan and teach classes on topics such as information literacy, library instruction, and technology use.",0.122,0.2561,0.5366,0.0,0.0732,0.012199999999999999,0.0
"Plan arrangement according to client's requirements, using knowledge of design and properties of materials, or select appropriate standard design pattern.",0.3907,0.086,0.022099999999999998,0.0147,0.4779,0.0086,0.0
Plan bar menus.,0.2615,0.0462,0.0,0.0154,0.6769,0.0,0.0
Plan commercial displays to entice and appeal to customers.,0.3235,0.0882,0.0294,0.0,0.5294,0.0294,0.0
"Plan data collection methods for specific projects, and determine the types and sizes of sample groups to be used.",0.21789999999999998,0.0541,0.0581,0.0008,0.6626000000000001,0.006500000000000001,0.0
"Plan details such as framing, composition, camera movement, sound, and actor movement for each shot or scene.",0.18420000000000003,0.2434,0.0395,0.0,0.5329,0.0,0.0
"Plan layouts of stockrooms, warehouses, or other storage areas, considering turnover, size, weight, or related factors pertaining to items stored.",0.2059,0.1176,0.0588,0.0294,0.5588000000000001,0.0294,0.0
Plan layouts of structural architectural projects.,0.2961,0.042300000000000004,0.0574,0.021099999999999997,0.5801,0.003,0.0
Plan menus according to employers' needs and diet restrictions.,0.25670000000000004,0.0564,0.009899999999999999,0.0113,0.6657,0.0,0.0
"Plan menus that are varied, nutritionally balanced, and appetizing, taking advantage of foods in season and local availability.",0.3293,0.055099999999999996,0.012,0.008,0.5936,0.002,0.0
"Plan or adjust routes based on changing conditions, using computer equipment, global positioning systems (GPS) equipment, or other navigation devices, to minimize fuel consumption and carbon emissions.",0.4595,0.0541,0.0541,0.0541,0.3784,0.0,0.0
"Plan or conduct activities for a balanced program of instruction, demonstration, and work time that provides students with opportunities to observe, question, and investigate.",0.34380000000000005,0.0379,0.0599,0.0095,0.5394,0.0095,0.0
"Plan or conduct market or public opinion research to test products or determine potential for product success, communicating results to client or management.",0.5537,0.0661,0.0248,0.0083,0.3471,0.0,0.0
Plan or cultivate lawns or gardens.,0.375,0.25,0.375,0.0,0.0,0.0,0.0
"Plan or develop applications or modifications for electronic properties used in components, products, or systems to improve technical performance.",0.14,0.22,0.28,0.0,0.34,0.02,0.0
"Plan or direct development or communication of programs to maintain favorable public or stockholder perceptions of an organization's accomplishments, agenda, or environmental responsibility.",0.31370000000000003,0.0,0.0,0.0,0.6862999999999999,0.0,0.0
Plan or direct research studies related to life sciences.,0.2152,0.0127,0.0886,0.0127,0.6581999999999999,0.0127,0.0
Plan or implement improvements to internal or external systems or processes.,0.3379,0.17190000000000003,0.0629,0.0138,0.3985,0.015,0.0
Plan or lead religious education programs.,0.322,0.0,0.0508,0.0,0.6102000000000001,0.0169,0.0
"Plan or supervise experiential learning activities, such as class projects, field trips, demonstrations, or visits by guest speakers.",0.5181,0.012,0.0361,0.0361,0.39759999999999995,0.0,0.0
Plan physical education programs to promote development of participants' physical attributes and social skills.,0.24489999999999998,0.0204,0.0,0.0204,0.7143,0.0,0.0
Plan programs of events or schedules of activities.,0.3102,0.0537,0.0096,0.015700000000000002,0.6064,0.0044,0.0
"Plan project arrangements or outlines, and organize material accordingly.",0.29100000000000004,0.031400000000000004,0.0105,0.0103,0.6489,0.0079,0.0
"Plan routes, itineraries, and accommodation details, and compute fares and fees, using schedules, rate books, and computers.",0.40869999999999995,0.0783,0.0,0.0087,0.5043,0.0,0.0
"Plan routines, choose appropriate music, and choose different movements for each set of muscles, depending on participants' capabilities and limitations.",0.2778,0.0556,0.0,0.0,0.6667000000000001,0.0,0.0
Plan store layouts or design displays.,0.4082,0.061200000000000004,0.0,0.0,0.48979999999999996,0.0408,0.0
"Plan the contents of publications according to the publication's style, editorial policy, and publishing requirements.",0.43420000000000003,0.0263,0.0263,0.0,0.5,0.0132,0.0
"Plan work assignments and equipment allocations to meet transportation, operations or production goals.",0.4045,0.24719999999999998,0.0,0.0225,0.3146,0.011200000000000002,0.0
"Plan work procedures, using charts, technical manuals, and experience.",0.447,0.2314,0.0412,0.06309999999999999,0.2086,0.0088,0.0
Plan work schedules and assign duties to maintain adequate staff for effective performance of activities and response to fluctuating workloads.,0.3392,0.09359999999999999,0.0,0.058499999999999996,0.5088,0.0,0.0
"Plan, administer, and control budgets, maintain financial records, and produce financial reports.",0.3061,0.1293,0.027200000000000002,0.0068000000000000005,0.5306000000000001,0.0,0.0
"Plan, develop, and provide training and staff development programs, using knowledge of the effectiveness of methods such as classroom training, demonstrations, on-the-job training, meetings, conferences, and workshops.",0.3243,0.0541,0.16219999999999998,0.0541,0.4054,0.0,0.0
"Plan, evaluate, and revise curricula, course content, and course materials and methods of instruction.",0.2836,0.0149,0.044800000000000006,0.0,0.6119,0.044800000000000006,0.0
"Plan, evaluate, and revise curricula, course content, course materials, and methods of instruction.",0.11630000000000001,0.0,0.0116,0.0,0.8023,0.0698,0.0
"Plan, evaluate, or modify treatment programs, based on information gathered by observing and interviewing patients or by analyzing patient records.",0.1416,0.32689999999999997,0.2692,0.0,0.2168,0.0455,0.0
"Plan, organize, or lead group activities for customers, such as exercise routines, athletic events, or arts and crafts.",0.439,0.048799999999999996,0.0,0.0,0.5122,0.0,0.0
"Plan, prepare, and develop various teaching aids, such as bibliographies, charts, and graphs.",0.4122,0.0245,0.029300000000000003,0.0029,0.5281,0.0029,0.0
"Plan, schedule, or coordinate project activities to meet deadlines.",0.3465,0.1485,0.0495,0.0248,0.4257,0.005,0.0
"Portray and interpret roles, using speech, gestures, and body movements, to entertain, inform, or instruct radio, film, television, or live audiences.",0.09699999999999999,0.6012,0.004699999999999999,0.13369999999999999,0.16329999999999997,0.0,0.0
"Position text and art elements from a variety of databases in a visually appealing way to design print or web pages, using knowledge of type styles and size and layout patterns.",0.3836,0.0527,0.0026,0.0040999999999999995,0.5566,0.0004,0.0
Post and update content on the company's Web site and social media outlets.,0.6709,0.11539999999999999,0.0,0.0085,0.2009,0.0043,0.0
Pray and promote spirituality.,0.3635,0.09359999999999999,0.3042,0.0593,0.1482,0.031200000000000002,0.0
Prepare accident reports.,0.5135000000000001,0.0541,0.0,0.0,0.4324,0.0,0.0
"Prepare activity reports to inform management of the status and implementation plans of programs, services, and quality initiatives.",0.7003,0.0347,0.0032,0.0168,0.2408,0.0042,0.0
Prepare actors for auditions by providing scripts and information about roles and casting requirements.,0.21350000000000002,0.12359999999999999,0.08990000000000001,0.0225,0.5506,0.0,0.0
Prepare adjusting journal entries.,0.46909999999999996,0.0704,0.19190000000000002,0.0043,0.2345,0.029900000000000003,0.0
"Prepare administrative, technical, or statistical reports on traffic-operation matters, such as accidents, safety measures, or pedestrian volume or practices.",0.47619999999999996,0.023799999999999998,0.0,0.023799999999999998,0.47619999999999996,0.0,0.0
Prepare all materials for transactions or execution of deals.,0.3543,0.0574,0.0101,0.0067,0.5669,0.0045000000000000005,0.0
"Prepare and deliver lectures to undergraduate or graduate students on topics such as financial accounting, principles of marketing, and operations management.",0.3011,0.0024,0.5902000000000001,0.0036,0.0968,0.006,0.0
"Prepare and deliver lectures to undergraduate or graduate students on topics such as linear algebra, differential equations, and discrete mathematics.",0.1728,0.0,0.7202,0.0123,0.0782,0.0165,0.0
"Prepare and deliver lectures to undergraduate or graduate students on topics such as mechanics, hydraulics, and robotics.",0.16670000000000001,0.0167,0.6333,0.0,0.1333,0.05,0.0
"Prepare and deliver lectures to undergraduate or graduate students on topics such as organic chemistry, analytical chemistry, and chemical separation.",0.55,0.0,0.35,0.05,0.0,0.05,0.0
"Prepare and deliver lectures to undergraduate or graduate students on topics such as quantum mechanics, particle physics, and optics.",0.18420000000000003,0.0175,0.6579,0.0175,0.0877,0.0351,0.0
"Prepare and deliver news, sports, or weather reports, gathering and rewriting material so that it will convey required information and fit specific time slots.",0.625,0.0,0.0,0.0,0.375,0.0,0.0
Prepare and deliver sales presentations to new and existing customers to sell new advertising programs and to protect and increase existing advertising.,0.5,0.0645,0.0161,0.0,0.4032,0.0161,0.0
Prepare and deliver technical presentations that explain products or services to customers and prospective customers.,0.2949,0.013999999999999999,0.441,0.0066,0.2369,0.0066,0.0
"Prepare and distribute leaflets, pamphlets, and visual aids for educational and informational purposes.",0.39130000000000004,0.0194,0.0109,0.0073,0.5699000000000001,0.0012,0.0
Prepare and file annual tax returns or prepare financial information so that outside accountants can complete tax returns.,0.36310000000000003,0.1975,0.0191,0.0064,0.414,0.0,0.0
"Prepare and issue orders of the court, such as probation orders, release documentation, sentencing information, or summonses.",0.5926,0.037000000000000005,0.0,0.0,0.3704,0.0,0.0
"Prepare and maintain a directory of suppliers, contractors and subcontractors.",0.493,0.1268,0.0,0.0,0.3803,0.0,0.0
Prepare and maintain all required treatment records and reports.,0.4118,0.0,0.0,0.0,0.5882000000000001,0.0,0.0
"Prepare and maintain logs, reports, or other documentation of work performed.",0.7674,0.1157,0.0072,0.0129,0.0947,0.002,0.0
"Prepare and maintain records and case files, including documentation, such as clients' personal and eligibility information, services provided, narratives of client contacts, or relevant correspondence.",0.46149999999999997,0.07690000000000001,0.0,0.0385,0.42310000000000003,0.0,0.0
"Prepare and maintain records and reports, such as budgets, personnel records, or training manuals.",0.3871,0.0484,0.0,0.0,0.5484,0.0161,0.0
"Prepare and maintain records detailing tests, repairs, and maintenance.",0.381,0.1905,0.0,0.0,0.4286,0.0,0.0
"Prepare and maintain records of client progress and services performed, reporting changes in client condition to manager or supervisor.",0.47509999999999997,0.1595,0.0033,0.026600000000000002,0.3322,0.0033,0.0
"Prepare and maintain work records and reports of information such as employee time and wages, daily receipts, or inspection results.",0.4167,0.20829999999999999,0.0,0.0,0.375,0.0,0.0
"Prepare and present summaries and analyses of survey data, including tables, graphs, and fact sheets that describe survey techniques and results.",0.5263,0.0526,0.0,0.0,0.4211,0.0,0.0
Prepare and process requisitions and purchase orders for supplies and equipment.,0.617,0.0213,0.0,0.053200000000000004,0.3085,0.0,0.0
Prepare and review operational reports and schedules to ensure accuracy and efficiency.,0.8934000000000001,0.0311,0.0017000000000000001,0.0202,0.0529,0.0008,0.0
Prepare and review operational reports or project progress reports.,0.823,0.034,0.0021,0.014499999999999999,0.1243,0.0021,0.0
Prepare and send requests for price quotations to all companies in a particular market.,0.16670000000000001,0.11109999999999999,0.0556,0.0556,0.6111,0.0,0.0
Prepare and structure data warehouses for storing data.,0.16879999999999998,0.5325,0.0779,0.0,0.2078,0.013000000000000001,0.0
"Prepare and submit budget estimates, progress reports, or cost tracking reports.",0.42479999999999996,0.0708,0.0,0.0,0.49560000000000004,0.0088,0.0
"Prepare and submit budget requests and recommendations, or grant proposals to solicit program funding.",0.21050000000000002,0.0702,0.0351,0.0,0.6842,0.0,0.0
Prepare and submit budget requests or grant proposals to solicit program funding.,0.2069,0.069,0.0345,0.0,0.6552,0.0345,0.0
"Prepare and type loan applications, closing documents, legal documents, letters, forms, government notices, and checks, using computers.",0.5385,0.0385,0.0,0.0,0.42310000000000003,0.0,0.0
"Prepare and write reports detailing specific fire prevention and protection issues, such as work performed, revised codes or standards, and proposed review schedules.",0.23329999999999998,0.1,0.0333,0.0,0.6167,0.0167,0.0
Prepare appropriate formatting to data sets as requested.,0.4642,0.1164,0.0129,0.003,0.40090000000000003,0.0026,0.0
Prepare brochures and write newspaper articles.,0.49420000000000003,0.0078000000000000005,0.0078000000000000005,0.0039000000000000003,0.4825,0.0039000000000000003,0.0
"Prepare budget or cost estimates for equipment, construction, or installation projects or control expenditures.",0.45,0.0,0.0,0.0,0.55,0.0,0.0
"Prepare budgets, bids, or contracts.",0.3176,0.042,0.0026,0.0,0.6352,0.0026,0.0
"Prepare capability data, training materials, or other documentation for transfer of processes to production.",0.45280000000000004,0.0755,0.0189,0.0377,0.41509999999999997,0.0,0.0
"Prepare charges or responses to charges, or information for court cases, according to formalized procedures.",0.32,0.0,0.0,0.0,0.68,0.0,0.0
Prepare comprehensive interpretive reports of findings.,0.408,0.046,0.046,0.0,0.4885,0.0115,0.0
"Prepare conference or event materials, such as flyers or invitations.",0.4131,0.0223,0.0052,0.0085,0.5475,0.0033,0.0
Prepare contract documents for building contractors.,0.47909999999999997,0.0512,0.009300000000000001,0.0,0.4558,0.004699999999999999,0.0
"Prepare correspondence or assist physicians or medical scientists with preparation of reports, speeches, articles, or conference proceedings.",0.3333,0.0,0.0,0.0,0.625,0.0417,0.0
Prepare correspondence to inform concerned parties of licensing decisions or appeals processes.,0.3529,0.0,0.0,0.0,0.6470999999999999,0.0,0.0
"Prepare correspondence, reports of inspections or investigations, or recommendations for action.",0.65,0.0546,0.0062,0.0138,0.2662,0.0092,0.0
Prepare cost and expenditure statements and other necessary documentation at regular intervals for the duration of the project.,0.3295,0.0682,0.011399999999999999,0.0227,0.5568,0.011399999999999999,0.0
"Prepare cost estimates, contracts, bidding documents, and technical reports for specific projects under an architect's or engineer's supervision.",0.5185,0.0741,0.0,0.0741,0.3333,0.0,0.0
"Prepare course materials, such as syllabi, homework assignments, and handouts.",0.40409999999999996,0.0207,0.0229,0.0011,0.5501,0.0011,0.0
"Prepare course materials, such as syllabi, homework assignments, or handouts.",0.40509999999999996,0.026699999999999998,0.0366,0.0028000000000000004,0.5204,0.0084,0.0
"Prepare data analysis listings and activity, performance, or progress reports.",0.546,0.0766,0.0098,0.0018,0.3602,0.005600000000000001,0.0
"Prepare data for processing by organizing information, checking for inaccuracies, and adjusting and weighting the raw data.",0.35409999999999997,0.2565,0.0174,0.0051,0.3558,0.011200000000000002,0.0
"Prepare data summaries, reports, or analyses that include results, charts, or graphs to document research findings and results.",0.3689,0.0766,0.0232,0.0,0.522,0.009300000000000001,0.0
Prepare design presentations and proposals for staff or customers.,0.1898,0.073,0.0146,0.0219,0.7006999999999999,0.0,0.0
Prepare detailed budgets and financial reports for properties.,0.3214,0.08929999999999999,0.006,0.0,0.5774,0.006,0.0
"Prepare detailed network specifications, including diagrams, charts, equipment configurations, or recommended technologies.",0.303,0.1818,0.11109999999999999,0.0101,0.38380000000000003,0.0101,0.0
Prepare detailed reports on audit findings.,0.4493,0.1159,0.0,0.0,0.43479999999999996,0.0,0.0
"Prepare detailed reports or design statements, based on results of validation and qualification tests or reviews of procedures and protocols.",0.34119999999999995,0.1176,0.0471,0.0,0.45880000000000004,0.0353,0.0
Prepare detailed storyboards showing sequence and timing of story development for television production.,0.4253,0.0552,0.006500000000000001,0.016200000000000003,0.4968,0.0,0.0
"Prepare detailed workflow charts and diagrams that describe input, output, and logical operation, and convert them into a series of instructions coded in a computer language.",0.387,0.1242,0.0387,0.002,0.4481,0.0,0.0
Prepare diagnostic or treatment reports for other medical practitioners or therapists.,0.4493,0.0725,0.0507,0.0072,0.413,0.0072,0.0
"Prepare documentation containing information such as confidential descriptions or specifications of proprietary hardware or software, product development or introduction schedules, product costs, or information about product performance weaknesses.",0.3505,0.13849999999999998,0.0231,0.0066,0.4714,0.009899999999999999,0.0
Prepare documentation for case reports or court proceedings.,0.4915,0.08470000000000001,0.0169,0.0169,0.3729,0.0169,0.0
Prepare documentation for new manufacturing processes or engineering procedures.,0.4286,0.0556,0.0317,0.023799999999999998,0.4524,0.0079,0.0
"Prepare documentation or presentations, including charts, photos, or graphs.",0.4203,0.04190000000000001,0.0294,0.0034000000000000002,0.5,0.005,0.0
"Prepare documents and correspondence, such as damage claims, credit and billing inquiries, invoices, and service complaints.",0.3815,0.10980000000000001,0.021400000000000002,0.012,0.46990000000000004,0.0054,0.0
Prepare documents recording the outcomes of court proceedings.,0.4727,0.0545,0.0364,0.0,0.4182,0.0182,0.0
"Prepare documents such as representation contracts, purchase agreements, closing statements, deeds, and leases.",0.4105,0.0105,0.0105,0.0,0.5684,0.0,0.0
"Prepare documents, such as invoices or warranties.",0.4286,0.0571,0.0,0.0,0.5143,0.0,0.0
"Prepare drawings, estimates, and bids that meet specific customer needs.",0.2611,0.0278,0.0139,0.0083,0.6889,0.0,0.0
"Prepare electronic commerce designs or prototypes, such as storyboards, mock-ups, or other content, using graphics design software.",0.38020000000000004,0.0733,0.0207,0.0052,0.5165,0.0040999999999999995,0.0
Prepare employee work schedules.,0.1333,0.1333,0.0,0.0,0.7333,0.0,0.0
Prepare energy-related project reports or related documentation.,0.3725,0.060700000000000004,0.0263,0.008100000000000001,0.5283,0.004,0.0
"Prepare environmental impact statements, reports, or presentations for regulatory or other agencies.",0.4857,0.0286,0.0,0.0,0.4857,0.0,0.0
"Prepare equipment inspection schedules, reliability schedules, work plans, or other records.",0.7059000000000001,0.1176,0.0,0.0588,0.1176,0.0,0.0
"Prepare estimates used by management for purposes such as planning, organizing, and scheduling work.",0.21739999999999998,0.0435,0.0435,0.0,0.6522,0.0435,0.0
"Prepare evaluations of software or hardware, and recommend improvements or upgrades.",0.2468,0.1409,0.2,0.0166,0.2382,0.1575,0.0
"Prepare financial or regulatory reports required by laws, regulations, or boards of directors.",0.4167,0.1875,0.0208,0.0417,0.3333,0.0,0.0
Prepare financial reports to monitor client or corporate finances.,0.413,0.1091,0.0128,0.0069,0.45530000000000004,0.0029,0.0
Prepare for assigned classes and show written evidence of preparation upon request of immediate supervisors.,0.2982,0.10529999999999999,0.0351,0.0,0.5614,0.0,0.0
"Prepare for assigned classes, and show written evidence of preparation upon request of immediate supervisors.",0.2727,0.0,0.0545,0.0364,0.6182,0.0182,0.0
Prepare for trial by performing tasks such as organizing exhibits.,0.2462,0.16920000000000002,0.0308,0.0,0.5077,0.0462,0.0
"Prepare forecasts or briefings to meet the needs of industry, business, government, or other groups.",0.7778,0.0,0.0,0.0,0.22219999999999998,0.0,0.0
"Prepare geometric layouts from graphic displays, using computer-assisted drafting software or drafting instruments and graph paper.",0.2867,0.1039,0.0108,0.0323,0.5663,0.0,0.0
"Prepare grant applications to obtain funding for programs related to climate change, environmental management, or sustainability.",0.2232,0.0536,0.0089,0.0179,0.6786,0.0179,0.0
"Prepare grant proposals, budgets, and program policies and goals or assist in their preparation.",0.2623,0.032799999999999996,0.0,0.016399999999999998,0.6884999999999999,0.0,0.0
Prepare graphic representations or drawings of proposed plans or designs.,0.3669,0.0342,0.0144,0.0108,0.5683,0.0054,0.0
"Prepare graphs, charts, diagrams, or other aids to illustrate observations or conclusions.",0.2623,0.1007,0.0632,0.006999999999999999,0.5597,0.006999999999999999,0.0
"Prepare information regarding design, structure specifications, materials, color, equipment, estimated costs, or construction time.",0.3072,0.0564,0.0063,0.0031,0.627,0.0,0.0
"Prepare instructional program objectives, outlines, and lesson plans.",0.5234000000000001,0.016200000000000003,0.0097,0.0258,0.4168,0.008100000000000001,0.0
"Prepare invoices, reports, memos, letters, financial statements, and other documents, using word processing, spreadsheet, database, or presentation software.",0.4357,0.0443,0.0171,0.0012,0.4971,0.004699999999999999,0.0
"Prepare invoices, shipping documents, and contracts.",0.2609,0.087,0.0435,0.0,0.6087,0.0,0.0
"Prepare itemized statements, bills, or invoices and record amounts due for items purchased or services rendered.",0.39289999999999997,0.07139999999999999,0.0,0.0179,0.5179,0.0,0.0
"Prepare lesson materials, bulletin board displays, exhibits, equipment, and demonstrations.",0.35340000000000005,0.015,0.015,0.0,0.6164999999999999,0.0,0.0
Prepare lesson plans or learning modules for tutoring sessions according to students' needs and goals.,0.5294,0.0,0.0,0.0,0.4706,0.0,0.0
Prepare logistic strategies or conceptual designs for production facilities.,0.2875,0.05,0.0875,0.0375,0.5125,0.025,0.0
"Prepare management recommendations, such as proposed fee and tariff increases or schedule changes.",0.2525,0.0253,0.050499999999999996,0.0051,0.6212,0.0455,0.0
Prepare management reports defining and evaluating problems and recommending solutions.,0.6111,0.1905,0.0079,0.0,0.1825,0.0079,0.0
"Prepare materials for laboratory activities and course materials, such as syllabi, homework assignments, and handouts.",0.466,0.026699999999999998,0.0388,0.0,0.466,0.0024,0.0
Prepare meeting agendas or packets of related information.,0.4321,0.0418,0.0305,0.0129,0.4777,0.005,0.0
"Prepare meeting agendas, attend meetings, and record and transcribe minutes.",0.8804000000000001,0.0217,0.0,0.0217,0.0761,0.0,0.0
"Prepare necessary criteria, procedures, reports, or plans for successful conduct of the project with consideration given to site preparation, facility validation, installation, quality assurance, or testing.",0.2871,0.1084,0.044199999999999996,0.0131,0.5392,0.008,0.0
Prepare necessary documents to obtain planned project approvals or permits.,0.3846,0.15380000000000002,0.0192,0.0,0.44229999999999997,0.0,0.0
Prepare obituaries for newspapers.,0.3478,0.0,0.0435,0.0435,0.5652,0.0,0.0
"Prepare objectives and outlines for courses of study, following curriculum guidelines or requirements of states and schools.",0.47369999999999995,0.0526,0.0,0.0,0.47369999999999995,0.0,0.0
"Prepare objectives, outlines, or other materials for courses of study, following curriculum guidelines or requirements.",0.3761,0.0191,0.0345,0.009399999999999999,0.5518,0.009000000000000001,0.0
"Prepare objectives, outlines, or other materials for courses of study, following curriculum guidelines or school or state requirements.",0.4816,0.0144,0.0048,0.0096,0.48479999999999995,0.0048,0.0
"Prepare operating and maintenance manuals, studies, or reports.",0.39909999999999995,0.15990000000000001,0.0209,0.013500000000000002,0.40509999999999996,0.0015,0.0
Prepare operational or risk reports for management analysis.,0.7725,0.0587,0.0018,0.0055000000000000005,0.1578,0.0037,0.0
Prepare or alter presentation contents to target specific audiences.,0.26890000000000003,0.0393,0.0181,0.006,0.6562,0.0115,0.0
"Prepare or assist in the preparation of applications for environmental, building, or other required permits.",0.45630000000000004,0.1202,0.008199999999999999,0.0027,0.40979999999999994,0.0027,0.0
"Prepare or direct preparation of financial statements, business activity reports, financial position forecasts, annual budgets, or reports required by regulatory agencies.",0.4857,0.0364,0.0182,0.0208,0.4364,0.0026,0.0
"Prepare or edit organizational publications, such as employee newsletters or stockholders' reports, for internal or external audiences.",0.36810000000000004,0.0219,0.006999999999999999,0.006999999999999999,0.5908,0.0052,0.0
"Prepare or interpret for clients information, such as investment performance reports, financial document summaries, or income projections.",0.2803,0.0478,0.406,0.0078000000000000005,0.2296,0.0285,0.0
"Prepare or maintain employment records related to events, such as hiring, termination, leaves, transfers, or promotions, using human resources management system software.",0.5385,0.1346,0.0192,0.0,0.3077,0.0,0.0
Prepare or maintain inventory or production records.,0.44439999999999996,0.2667,0.0,0.0,0.2889,0.0,0.0
"Prepare or maintain required records, such as work activity or personnel reports.",0.5246,0.08199999999999999,0.0,0.016399999999999998,0.3443,0.032799999999999996,0.0
Prepare or maintain technical files as necessary to obtain and sustain product approval.,0.5115999999999999,0.11630000000000001,0.0233,0.0,0.3488,0.0,0.0
"Prepare or organize online storefront marketing material, including product descriptions or subject lines, optimizing content to search engine criteria.",0.36329999999999996,0.08529999999999999,0.0101,0.0083,0.5254,0.0077,0.0
"Prepare or present reports concerning activities, expenses, budgets, government statutes or rulings, or other items affecting businesses or program services.",0.3935,0.0397,0.0072,0.0181,0.5415,0.0,0.0
Prepare or present technical or project status reports.,0.6156,0.0665,0.0116,0.0058,0.2948,0.0058,0.0
Prepare or proctor examinations.,0.6246,0.020499999999999997,0.0375,0.0171,0.3003,0.0,0.0
Prepare or review engineering studies or specifications.,0.5122,0.024399999999999998,0.0,0.0,0.46340000000000003,0.0,0.0
"Prepare or review professional, technical, or other reports regarding sampling, testing, or recommendations of data analysis.",0.6207,0.1379,0.0,0.0,0.2414,0.0,0.0
"Prepare or review reports, manuscripts, or meeting presentations.",0.5068,0.02,0.0675,0.0177,0.3604,0.0275,0.0
Prepare or validate documentation on automated logistics or maintenance-data reporting or management information systems.,0.8934000000000001,0.0492,0.008199999999999999,0.032799999999999996,0.016399999999999998,0.0,0.0
"Prepare ordinances, resolutions, or proclamations so that they can be executed, recorded, archived, or distributed.",0.5174,0.0349,0.0291,0.0058,0.4128,0.0,0.0
Prepare outlines of instructional programs and training schedules and establish course goals.,0.45,0.0,0.075,0.1,0.35,0.025,0.0
Prepare periodic accounting statements for clients.,0.5115999999999999,0.062,0.0233,0.0078000000000000005,0.3953,0.0,0.0
Prepare personnel forecasts to project employment needs.,0.0588,0.1176,0.0,0.0,0.8234999999999999,0.0,0.0
"Prepare plans of action for investment, using financial analyses.",0.3243,0.0617,0.0461,0.0075,0.5536,0.0067,0.0
"Prepare plans that outline operating procedures to be used in response to disasters or emergencies, such as hurricanes, nuclear accidents, and terrorist attacks, and in recovery from these events.",0.4603,0.023799999999999998,0.023799999999999998,0.0,0.47619999999999996,0.0159,0.0
Prepare plans to manage renewable resources.,0.375,0.0625,0.125,0.0,0.4375,0.0,0.0
"Prepare plans, estimates, design and construction schedules, and contract specifications, including any special provisions.",0.31579999999999997,0.0,0.0,0.0,0.6842,0.0,0.0
"Prepare production documents, such as standard operating procedures, manufacturing batch records, inventory reports, or productivity reports.",0.5,0.0,0.0,0.0,0.5,0.0,0.0
Prepare progress or technical reports.,0.713,0.0623,0.0087,0.014499999999999999,0.1971,0.0043,0.0
"Prepare project budgets, schedules, or specifications for labor or materials.",0.2303,0.073,0.0337,0.005600000000000001,0.6517000000000001,0.005600000000000001,0.0
Prepare project proposals.,0.0667,0.0667,0.0667,0.0,0.8,0.0,0.0
"Prepare project status reports by collecting, analyzing, and summarizing information and trends.",0.6048,0.061799999999999994,0.006,0.006,0.31370000000000003,0.0075,0.0
"Prepare promotional plans, sales literature, media kits, and sales contracts, using computer.",0.377,0.06559999999999999,0.008199999999999999,0.0040999999999999995,0.5451,0.0,0.0
Prepare publications and reports containing research findings.,0.3947,0.0789,0.0526,0.0263,0.4474,0.0,0.0
"Prepare rental or lease agreements, specifying charges and payment procedures for use of machinery, tools, or other items.",0.4,0.0667,0.0,0.0,0.5333,0.0,0.0
Prepare reports and document project activities and data.,0.617,0.0538,0.0048,0.0043,0.3164,0.0038,0.0
"Prepare reports and maintain records, such as student grades, attendance rolls, and training activity details.",0.3333,0.09519999999999999,0.0,0.0,0.5714,0.0,0.0
Prepare reports documenting investigation activities and results.,0.36840000000000006,0.10529999999999999,0.0526,0.0,0.47369999999999995,0.0,0.0
"Prepare reports in graphical or tabular form, summarizing field productivity or profitability.",0.3043,0.1739,0.0,0.0,0.5217,0.0,0.0
"Prepare reports of activities, evaluations, recommendations, or decisions.",0.7173,0.0154,0.0058,0.0019,0.25579999999999997,0.0038,0.0
Prepare reports of findings and recommendations.,0.2692,0.07690000000000001,0.07690000000000001,0.0,0.5,0.07690000000000001,0.0
"Prepare reports of findings, illustrating data graphically and translating complex findings into written text.",0.5783,0.024700000000000003,0.0163,0.0026,0.3738,0.0042,0.0
"Prepare reports of services rendered, tools used, or time required, for billing purposes.",0.34380000000000005,0.09380000000000001,0.0,0.0104,0.5521,0.0,0.0
Prepare reports on academic or institutional data.,0.6173,0.024700000000000003,0.0,0.0,0.358,0.0,0.0
"Prepare reports on activity, personnel, and information, such as occupancy, hours worked, facility usage, work performed, and departmental expenses.",0.8234999999999999,0.0,0.0,0.0,0.1765,0.0,0.0
Prepare reports on investigations or inspections and actions taken.,0.39289999999999997,0.035699999999999996,0.0,0.0,0.5714,0.0,0.0
Prepare reports on logistics performance measures.,0.6851999999999999,0.0741,0.0,0.0,0.2407,0.0,0.0
Prepare reports on operations and system productivity or efficiency.,0.8978,0.042,0.0,0.0036,0.056600000000000004,0.0,0.0
Prepare reports on students and activities as required by administration.,0.40380000000000005,0.0321,0.0064,0.012199999999999999,0.5256000000000001,0.0321,0.0
"Prepare reports or correspondence concerning project specifications, activities, or status.",0.2254,0.2519,0.0098,0.0167,0.4772,0.0191,0.0
"Prepare reports or make presentations on internal investigations, losses, or violations of regulations, policies and procedures.",0.4783,0.0,0.0435,0.0,0.43479999999999996,0.0435,0.0
"Prepare reports or recommendations, based upon research outcomes.",0.3061,0.061200000000000004,0.0408,0.0,0.5714,0.0204,0.0
Prepare reports summarizing information or trends related to manufacturing performance.,0.6452,0.0968,0.0,0.0,0.2581,0.0,0.0
"Prepare reports summarizing operational results, financial performance, or accomplishments of specified objectives, goals, or plans.",0.7020000000000001,0.0647,0.006999999999999999,0.0037,0.2223,0.0004,0.0
Prepare reports that detail investigation findings.,0.3182,0.0909,0.0,0.0,0.5909,0.0,0.0
Prepare reports that include the degree of risk involved in extending credit or lending money.,0.4211,0.0,0.0,0.0,0.5789,0.0,0.0
Prepare reports to document patients' care activities.,0.5024000000000001,0.0652,0.0169,0.0024,0.4082,0.0048,0.0
Prepare reports to provide answers in response to specific problems.,0.5326,0.0426,0.0362,0.0019,0.37920000000000004,0.0075,0.0
"Prepare reports, deliver presentations, or participate in program review activities to communicate engineering results or recommendations.",0.2647,0.0127,0.3788,0.0079,0.3233,0.0127,0.0
"Prepare reports, exhibits, and other supporting schedules that detail an institution's safety and soundness, compliance with laws and regulations, and recommended solutions to questionable financial conditions.",0.4324,0.0,0.027000000000000003,0.0,0.5405,0.0,0.0
"Prepare reports, manuscripts, proposals, and technical manuals for use by other scientists and requestors, such as sponsors and customers.",0.4727,0.0636,0.0273,0.0,0.4364,0.0,0.0
"Prepare reports, sketches, working drawings, specifications, proposals, and budgets for proposed sites or systems.",0.36200000000000004,0.0588,0.009000000000000001,0.0,0.5700999999999999,0.0,0.0
Prepare requests for proposals or statements of work.,0.36340000000000006,0.039,0.006,0.006,0.5856,0.0,0.0
Prepare required paperwork pertaining to departmental functions.,0.6122,0.102,0.0204,0.0,0.26530000000000004,0.0,0.0
Prepare requirements documentation for use by software developers.,0.2571,0.2459,0.0412,0.0074,0.4391,0.009399999999999999,0.0
"Prepare research results for publication in form of journals, books, manuals, and film.",0.4907,0.0297,0.011200000000000002,0.0,0.46840000000000004,0.0,0.0
Prepare responses to correspondence containing routine inquiries.,0.5928,0.0581,0.0137,0.009899999999999999,0.3151,0.0104,0.0
"Prepare responses to customer requests for information, such as product data, written regulatory affairs statements, surveys, or questionnaires.",0.36450000000000005,0.0748,0.0,0.0,0.5514,0.009300000000000001,0.0
Prepare results of experimental findings for presentation at professional conferences or in scientific journals.,0.0588,0.098,0.0196,0.0,0.7843000000000001,0.0392,0.0
Prepare sales presentations or proposals to explain product specifications or applications.,0.3125,0.0374,0.0113,0.0101,0.6269,0.0018,0.0
"Prepare sample layouts for approval, using computer software.",0.2863,0.04769999999999999,0.0027,0.0053,0.657,0.001,0.0
"Prepare scale drawings or architectural designs, using computer-aided design or other tools.",0.4,0.0333,0.0,0.0333,0.5333,0.0,0.0
Prepare settlement agreements for disputants to sign.,0.2866,0.042699999999999995,0.024399999999999998,0.0060999999999999995,0.622,0.0183,0.0
"Prepare shipping documentation, such as bills of lading, packing lists, dock receipts, or certificates of origin.",0.3125,0.0,0.0625,0.0,0.625,0.0,0.0
"Prepare sketches of ideas, detailed drawings, illustrations, artwork, or blueprints, using drafting instruments, paints and brushes, or computer-aided design equipment.",0.619,0.047599999999999996,0.047599999999999996,0.0,0.2857,0.0,0.0
"Prepare specifications, designs, or sketches for machines, components, or systems related to the generation, transmission, or use of mechanical or fluid energy.",0.37929999999999997,0.1379,0.0,0.0,0.4483,0.0345,0.0
Prepare staff work schedules and assign specific duties.,0.35,0.0,0.0,0.0,0.65,0.0,0.0
Prepare students for further development by encouraging them to explore learning opportunities and to persevere with challenging tasks.,0.21739999999999998,0.2609,0.2609,0.10869999999999999,0.10869999999999999,0.0435,0.0
Prepare students for further education by encouraging them to explore learning opportunities and to persevere with challenging tasks.,0.1724,0.3103,0.1724,0.10339999999999999,0.1379,0.10339999999999999,0.0
"Prepare students for performances, exams, or assessments.",0.31079999999999997,0.0661,0.3479,0.0129,0.20149999999999998,0.0608,0.0
"Prepare study-related documentation, such as protocol worksheets, procedural manuals, adverse event reports, institutional review board documents, or progress reports.",0.2,0.1333,0.0,0.0,0.6667000000000001,0.0,0.0
Prepare tables and graphs to present clinical data or results.,0.34909999999999997,0.0275,0.057300000000000004,0.0066,0.5485,0.011000000000000001,0.0
"Prepare tables, graphs, fact sheets, and written reports summarizing research results.",0.32880000000000004,0.0901,0.018000000000000002,0.0,0.5631,0.0,0.0
"Prepare technical and research reports, such as environmental impact reports, and communicate the results to individuals in industry, government, or the general public.",0.5972,0.0417,0.0,0.0,0.3472,0.0139,0.0
"Prepare technical drawings, specifications of electrical systems, or topographical maps to ensure that installation and operations conform to standards and customer requirements.",0.3143,0.0286,0.0571,0.0286,0.5714,0.0,0.0
"Prepare technical reports and recommendations, based upon research outcomes.",0.4413,0.0782,0.0559,0.011200000000000002,0.4022,0.011200000000000002,0.0
"Prepare technical reports for use by engineering, management, or sales personnel.",0.5684,0.1368,0.021099999999999997,0.0105,0.2526,0.0105,0.0
"Prepare technical reports of findings or recommendations, based on synthesized analyses of test results.",0.4457,0.16570000000000001,0.07139999999999999,0.0029,0.2429,0.07139999999999999,0.0
Prepare two-dimensional concept layouts or three-dimensional mock-ups.,0.4121,0.0374,0.028999999999999998,0.0069,0.5099,0.0048,0.0
Prepare working sketches for the illustration of product appearance.,0.336,0.04,0.016,0.008,0.6,0.0,0.0
"Prepare works in appropriate format for publication, and send them to publishers or producers.",0.4359,0.1795,0.0128,0.0,0.359,0.0128,0.0
Prepare written documents to establish contracts with or communicate financial recommendations to clients.,0.3039,0.0487,0.0219,0.0073,0.6096,0.0085,0.0
Prepare written opinions and decisions.,0.6296,0.0,0.037000000000000005,0.0,0.3333,0.0,0.0
Prepare written opinions or decisions regarding cases.,0.375,0.0,0.0,0.0,0.625,0.0,0.0
Prepare written reports of investigation findings.,0.29,0.1152,0.0223,0.0,0.5613,0.011200000000000002,0.0
"Prepare, administer, and grade tests and assignments to evaluate students' progress.",0.32409999999999994,0.17129999999999998,0.20829999999999999,0.0116,0.16670000000000001,0.11810000000000001,0.0
"Prepare, administer, or grade assignments to evaluate students' progress.",0.5882000000000001,0.0,0.1765,0.0588,0.1765,0.0,0.0
"Prepare, administer, or grade tests or assignments to evaluate students' progress.",0.4243,0.11869999999999999,0.1672,0.0109,0.19390000000000002,0.0851,0.0
"Prepare, analyze, or verify annual reports, financial statements, and other records, using accepted accounting and statistical procedures to assess financial condition and facilitate financial planning.",0.4304,0.0967,0.0239,0.0022,0.42719999999999997,0.0196,0.0
"Prepare, compile, and submit reports on work activities, operations, production, or work-related accidents.",0.8256,0.0698,0.0116,0.0116,0.0814,0.0,0.0
"Prepare, draft, and review legal documents, such as wills, deeds, patent applications, mortgages, leases, and contracts.",0.3527,0.0308,0.025699999999999997,0.0074,0.5753,0.008,0.0
"Prepare, edit, or review legal documents, including legislation, briefs, pleadings, appeals, wills, contracts, and real estate closing statements.",0.3187,0.0429,0.0196,0.0054,0.5966,0.0167,0.0
"Prepare, examine, or analyze accounting records, financial statements, or other financial reports to assess accuracy, completeness, and conformance to reporting and procedural standards.",0.41259999999999997,0.1655,0.0466,0.011699999999999999,0.24480000000000002,0.1189,0.0
"Prepare, maintain, or oversee the preparation and maintenance of attendance, activity, planning, or personnel reports and records.",0.6818000000000001,0.0682,0.0,0.0,0.25,0.0,0.0
"Prepare, maintain, or review validation and compliance documentation, such as engineering change notices, schematics, or protocols.",0.2923,0.23079999999999998,0.0308,0.0462,0.3846,0.0154,0.0
"Prepare, maintain, or revise quality assurance documentation or procedures.",0.4019,0.0944,0.0126,0.0063,0.47740000000000005,0.0073,0.0
"Prepare, organize, and maintain inspection records.",0.5616,0.13699999999999998,0.0,0.0,0.3014,0.0,0.0
"Prepare, proofread, or process legal documents, such as summonses, subpoenas, complaints, appeals, motions, or pretrial agreements.",0.3923,0.049800000000000004,0.016,0.005699999999999999,0.5166,0.0195,0.0
"Prepare, review, or maintain maintenance schedules, design documentation, or operational reports or charts.",0.4171,0.1514,0.005699999999999999,0.0,0.4057,0.02,0.0
"Prepare, review, or update environmental investigation or recommendation reports.",0.41479999999999995,0.0444,0.0,0.0,0.5259,0.0148,0.0
"Prepare, rewrite and edit copy to improve readability, or supervise others who do this work.",0.3417,0.0102,0.0053,0.0032,0.6028,0.0369,0.0
"Present and explain proposals, reports, or findings to clients.",0.4738,0.0298,0.2227,0.0213,0.217,0.0355,0.0
"Present and make recommendations regarding course design, technology, and instruction delivery options.",0.1925,0.0363,0.1494,0.0121,0.5532,0.0565,0.0
Present clear and concise explanations of governing rules and regulations.,0.2446,0.0394,0.5206000000000001,0.008,0.1364,0.051,0.0
Present clients with information required to make informed health care and treatment decisions.,0.2,0.2,0.5333,0.0,0.0444,0.0222,0.0
Present designs and reports to customers or design committees for approval and discuss need for modification.,0.3529,0.0588,0.0588,0.0,0.2353,0.29410000000000003,0.0
Present drafts and ideas to clients.,0.3029,0.0298,0.0637,0.018500000000000003,0.4682,0.11699999999999999,0.0
"Present information in audio-visual or interactive formats, using computers, television, audio-visual aids, or other equipment, materials, or technologies.",0.5177,0.0213,0.0638,0.0,0.3972,0.0,0.0
"Present information in audio-visual or interactive formats, using computers, televisions, audio-visual aids, or other equipment, materials, or technologies.",0.5459,0.0131,0.0611,0.0,0.37549999999999994,0.0044,0.0
Present information to customers about the energy efficiency or environmental impact of scientific or technical products.,0.193,0.0263,0.6404000000000001,0.0,0.1316,0.0088,0.0
"Present information with a variety of instructional techniques or formats, such as role playing, simulations, team exercises, group discussions, videos, or lectures.",0.23929999999999998,0.1624,0.2137,0.0,0.3675,0.0171,0.0
"Present investment information, such as product risks, fees, or fund performance statistics.",0.18600000000000003,0.1018,0.3789,0.0034999999999999996,0.3193,0.0105,0.0
"Present lectures and conduct discussions to increase students' knowledge and competence using visual aids, such as graphs, charts, videotapes, and slides.",0.20559999999999998,0.009300000000000001,0.6916,0.0,0.0935,0.0,0.0
"Present oral or written reports on general economic trends, individual corporations, and entire industries.",0.5957,0.0217,0.213,0.0043,0.16519999999999999,0.0,0.0
"Present statistical and nonstatistical results, using charts, bullets, and graphs, in meetings or conferences to audiences such as clients, peers, and students.",0.3333,0.0,0.0741,0.037000000000000005,0.5556,0.0,0.0
Present the results of mathematical modeling and data analysis to management or other end users.,0.7333,0.0,0.1333,0.0,0.1333,0.0,0.0
"Prioritize client debt repayment to avoid dire consequences, such as bankruptcy or foreclosure or to reduce overall costs, such as by paying high-interest or short-term loans first.",0.141,0.2051,0.0641,0.0,0.5897,0.0,0.0
"Process and prepare documents, such as business or government forms and expense reports.",0.4189,0.1351,0.013500000000000002,0.0,0.4054,0.027000000000000003,0.0
"Process and prepare memos, correspondence, travel vouchers, or other documents.",0.4962,0.032,0.0084,0.014499999999999999,0.43979999999999997,0.0091,0.0
"Process large amounts of data for statistical modeling and graphic analysis, using computers.",0.3333,0.20350000000000001,0.0206,0.0029,0.4307,0.0088,0.0
"Process, prepare, and submit business or government forms, such as submitting applications for coverage to insurance carriers.",0.3333,0.22219999999999998,0.0,0.0,0.44439999999999996,0.0,0.0
Produce and distribute project documents.,0.4118,0.0716,0.0064,0.0077,0.5,0.0026,0.0
"Produce data layers, maps, tables, or reports, using spatial analysis procedures or Geographic Information Systems (GIS) technology, equipment, or systems.",0.2615,0.2462,0.0154,0.0,0.4769,0.0,0.0
"Produce drawings, using computer-assisted drafting systems (CAD) or drafting machines, or by hand, using compasses, dividers, protractors, triangles, and other drafting devices.",0.3226,0.129,0.0,0.0,0.5484,0.0,0.0
"Produce environmental assessment reports, tabulating data and preparing charts, graphs, or sketches.",0.4789,0.1268,0.0282,0.0141,0.3521,0.0,0.0
"Produce environmental documents, such as environmental assessments or environmental impact statements.",0.2778,0.0556,0.0556,0.0556,0.5556,0.0,0.0
"Produce or update overlay maps to show information boundaries, water locations, or topographic features on various base maps or at different scales.",0.381,0.047599999999999996,0.0,0.0,0.5714,0.0,0.0
"Produce reports or presentations that outline findings, explain risk positions, or recommend changes.",0.49729999999999996,0.0245,0.0353,0.0163,0.4239,0.0027,0.0
"Produce three-dimensional models, using computer-aided design (CAD) software.",0.3532,0.11900000000000001,0.019799999999999998,0.019799999999999998,0.4841,0.004,0.0
Produce written summary reports of financial research results.,0.3311,0.0662,0.0331,0.0,0.5629,0.0066,0.0
"Program and use computers to store, process, and analyze data.",0.3073,0.341,0.039599999999999996,0.0070999999999999995,0.2991,0.0059,0.0
Program computerized graphic effects.,0.49369999999999997,0.053200000000000004,0.0051,0.0127,0.4354,0.0,0.0
Promote an understanding of child development and its relationship to learning and behavior.,0.2483,0.0315,0.3601,0.0034999999999999996,0.29719999999999996,0.0594,0.0
"Promote company products, services, and savings plans when appropriate.",0.6,0.0857,0.0286,0.0286,0.2571,0.0,0.0
"Promote conference, convention and trades show services by performing tasks such as meeting with professional and trade associations, and producing brochures and other publications.",0.2121,0.0,0.0,0.030299999999999997,0.7576,0.0,0.0
"Promote products in online communities through weblog or discussion-forum postings, e-mail marketing programs, or online advertising.",0.7232,0.19640000000000002,0.0089,0.0179,0.0446,0.0089,0.0
"Proofread, edit, and revise translated materials.",0.2348,0.0294,0.0127,0.0059,0.591,0.12619999999999998,0.0
Propose logistics solutions for customers.,0.1873,0.18,0.1119,0.0073,0.5134000000000001,0.0,0.0
Propose recommendations for improving content management system capabilities.,0.19269999999999998,0.2396,0.2188,0.0104,0.3125,0.026000000000000002,0.0
"Propose solutions in engineering, the sciences, and other fields using mathematical theories and techniques.",0.48979999999999996,0.030299999999999997,0.2125,0.005600000000000001,0.2329,0.028900000000000002,0.0
"Propose, review, or approve modifications to project plans.",0.11410000000000001,0.2242,0.0116,0.0075,0.6364,0.0062,0.0
Provide additional instruction in vocational areas.,0.3206,0.0305,0.5075999999999999,0.0038,0.1107,0.026699999999999998,0.0
"Provide advice and consultation on economic relationships to businesses, public and private agencies, and other employers.",0.21760000000000002,0.0722,0.4499,0.0435,0.18059999999999998,0.0361,0.0
"Provide advice and technical assistance with cost analysis, fiscal allocation, and budget preparation.",0.1387,0.1291,0.1401,0.0040999999999999995,0.5618,0.026099999999999998,0.0
Provide advice on best practices and implementation for selection.,0.2541,0.1346,0.24559999999999998,0.015700000000000002,0.3078,0.042199999999999994,0.0
"Provide advice on project costs, design concepts, or design changes.",0.1427,0.0962,0.1582,0.0207,0.514,0.0683,0.0
Provide advice on the resolution of classification and salary complaints.,0.1429,0.24489999999999998,0.061200000000000004,0.0,0.4694,0.0816,0.0
"Provide advice on transportation options, types of carriers, or shipping routes.",0.17309999999999998,0.19899999999999998,0.1499,0.0181,0.447,0.0129,0.0
"Provide advice to clients on a contract basis, working as a consultant.",0.1765,0.1616,0.2541,0.0128,0.31679999999999997,0.0783,0.0
Provide allergy or immunology consultation or education to physicians or other health care providers.,0.1613,0.0323,0.7742,0.0,0.0323,0.0,0.0
"Provide analytical support for the design and development of training curricula, learning strategies, educational policies, or courseware standards.",0.18719999999999998,0.0196,0.1257,0.0279,0.5754,0.0642,0.0
"Provide applicants with assistance in completing application forms, such as those for job referrals or unemployment compensation claims.",0.17739999999999997,0.5323,0.0161,0.0484,0.1935,0.0323,0.0
Provide application or analytical support to researchers or traders on issues such as valuations or data.,0.1157,0.0981,0.4592,0.015,0.2291,0.0828,0.0
Provide assistance in the design of survey instruments such as questionnaires.,0.34619999999999995,0.0,0.0385,0.0385,0.5769,0.0,0.0
"Provide assistance to faculty and staff in duties such as teaching classes, conducting orientation programs, issuing transcripts, and scheduling events.",0.65,0.05,0.0167,0.0167,0.2667,0.0,0.0
Provide assistance to internal or external auditors in compliance reviews.,0.183,0.0458,0.2418,0.006500000000000001,0.42479999999999996,0.098,0.0
"Provide assistance with the preparation of project-related reports, manuscripts, and presentations.",0.242,0.062400000000000004,0.0472,0.0,0.6377,0.010700000000000001,0.0
"Provide basic health services, such as first aid.",0.41590000000000005,0.45130000000000003,0.0354,0.053099999999999994,0.0265,0.0177,0.0
Provide biostatistical consultation to clients or colleagues.,0.2143,0.1429,0.4286,0.0,0.1429,0.07139999999999999,0.0
"Provide clear, detailed descriptions of Web site specifications, such as product features, activities, software, communication protocols, programming languages, and operating systems software and hardware.",0.2797,0.1943,0.0377,0.0040999999999999995,0.47600000000000003,0.008199999999999999,0.0
Provide clerical support to other departments.,0.6071,0.10710000000000001,0.035699999999999996,0.1429,0.10710000000000001,0.0,0.0
Provide clinical services or health education to improve and maintain the oral health of patients or the general public.,0.22399999999999998,0.092,0.616,0.0,0.036000000000000004,0.032,0.0
"Provide clinical services to clients, such as assessing psychological problems and conducting psychotherapy.",0.16,0.28,0.28,0.04,0.24,0.0,0.0
Provide communication instruction to dialect speakers or students with limited English proficiency.,0.33,0.064,0.38420000000000004,0.0197,0.1576,0.0443,0.0
Provide consultation or training on topics such as mechatronics or automated control.,0.11939999999999999,0.15960000000000002,0.5219,0.0108,0.1602,0.0282,0.0
"Provide consultation to other health care providers in areas such as patient discharge, patient care, or clinical procedures.",0.26289999999999997,0.0717,0.502,0.012,0.0717,0.0797,0.0
"Provide consultation to parents, teachers, administrators, and others on topics such as learning styles and behavior modification techniques.",0.2613,0.0605,0.2705,0.020499999999999997,0.293,0.0943,0.0
"Provide consulting services in fields such as resource development and management, business location and market area analysis, environmental hazards, regional cultural history, and urban social planning.",0.2507,0.1112,0.24359999999999998,0.0371,0.3372,0.0203,0.0
Provide consulting services to other doctors caring for patients with special or difficult problems.,0.1875,0.0625,0.4375,0.0,0.125,0.1875,0.0
Provide consulting services to other physicians.,0.2414,0.10339999999999999,0.5517,0.0115,0.0575,0.0345,0.0
"Provide consulting services, including educational programs, outreach programs, or prevention talks to schools, social service agencies, businesses, or the general public.",0.2357,0.019299999999999998,0.44049999999999995,0.0171,0.2225,0.06480000000000001,0.0
"Provide counseling to patient and family members by providing information, education, or reassurance.",0.0859,0.2161,0.5729,0.0365,0.0313,0.057300000000000004,0.0
"Provide customer assistance and information, such as giving directions or handling wheelchairs.",0.6486,0.08109999999999999,0.027000000000000003,0.1351,0.08109999999999999,0.027000000000000003,0.0
Provide customer service by greeting and assisting customers and responding to customer inquiries and complaints.,0.2693,0.111,0.22690000000000002,0.2643,0.091,0.0374,0.0
"Provide customer service, such as limited instructions on proceeding with claims or referrals to auto repair facilities or local contractors.",0.1642,0.40299999999999997,0.2985,0.0149,0.0746,0.044800000000000006,0.0
Provide customers with cost estimates for equipment installation.,0.4118,0.1176,0.1176,0.0,0.29410000000000003,0.0588,0.0
Provide customers with information about local roads or highways.,0.5758,0.1313,0.050499999999999996,0.0404,0.20199999999999999,0.0,0.0
"Provide customers with information on routes, gates, prices, timetables, terminals, or concourses.",0.5674,0.172,0.0886,0.0154,0.1412,0.0154,0.0
"Provide customers with information, such as quotes, orders, sales, shipping, warranties, credit, funding options, incentives, or tax rebates.",0.24609999999999999,0.0495,0.5644,0.0141,0.0877,0.0382,0.0
Provide customers with ongoing technical support.,0.0273,0.6642,0.1875,0.0055000000000000005,0.1067,0.0088,0.0
"Provide customers with travel suggestions and information sources, such as guides, directories, brochures, or maps.",0.4901,0.1656,0.0728,0.0199,0.25170000000000003,0.0,0.0
"Provide direct service and support to individuals or clients, such as handling a referral for child advocacy issues, conducting a needs evaluation, or resolving complaints.",0.2926,0.2183,0.1048,0.2183,0.1616,0.0044,0.0
Provide direction and assistance to other organizational units regarding accounting and budgeting policies and procedures and efficient control and utilization of financial resources.,0.29410000000000003,0.0681,0.4211,0.009300000000000001,0.15789999999999998,0.0495,0.0
Provide directions and other pertinent information to visitors.,0.5806,0.2097,0.0161,0.0645,0.129,0.0,0.0
Provide directions to guests.,0.5143,0.2571,0.0286,0.0,0.2,0.0,0.0
Provide education and counseling on illness and injury prevention.,0.2121,0.11259999999999999,0.5498,0.0216,0.0779,0.026000000000000002,0.0
Provide education or counseling to individuals and families.,0.10490000000000001,0.09359999999999999,0.6516,0.0537,0.0641,0.0321,0.0
"Provide educational programs on topics such as classroom management, teaching strategies, or parenting skills.",0.25,0.07139999999999999,0.035699999999999996,0.0179,0.6071,0.0179,0.0
Provide feedback and recommendations to developers on software usability and functionality.,0.1534,0.2511,0.09210000000000002,0.0116,0.3657,0.12619999999999998,0.0
Provide feedback to design engineers on customer problems or needs.,0.0408,0.16329999999999997,0.0816,0.0204,0.5306000000000001,0.16329999999999997,0.0
Provide feedback to health service providers regarding improving service accessibility or acceptability.,0.2052,0.0786,0.11349999999999999,0.0699,0.37549999999999994,0.1572,0.0
"Provide feedback to students, using positive reinforcement techniques to encourage, motivate, or build confidence in students.",0.0951,0.1523,0.386,0.08439999999999999,0.1552,0.12710000000000002,0.0
Provide follow-up consultations for clients to ensure landscape designs are maturing or developing as planned.,0.0435,0.7391,0.1594,0.0,0.057999999999999996,0.0,0.0
"Provide forestry education and general information, advice, and recommendations to woodlot owners, community organizations, and the general public.",0.2069,0.3103,0.2759,0.069,0.10339999999999999,0.0345,0.0
"Provide genetic counseling in specified areas of clinical genetics, such as obstetrics, pediatrics, oncology and neurology.",0.2821,0.0,0.6667000000000001,0.0,0.0513,0.0,0.0
"Provide guests with information about local areas, including directions.",0.4506,0.1281,0.1365,0.0326,0.2452,0.0069,0.0
Provide individual support or counseling in general wellness or nutrition.,0.1766,0.2829,0.3054,0.0187,0.17559999999999998,0.0408,0.0
Provide individualized instruction and tutorial or remedial instruction.,0.13269999999999998,0.0723,0.6143,0.0029,0.09939999999999999,0.0785,0.0
"Provide information about establishment, such as location of departments or offices, employees within the organization, or services provided.",0.3458,0.027999999999999997,0.47659999999999997,0.0,0.1495,0.0,0.0
"Provide information about facilities, entertainment options, and rules and regulations.",0.3448,0.0345,0.5172,0.0345,0.0345,0.0345,0.0
"Provide information about local features, such as shopping, dining, nightlife, or recreational destinations.",0.6744,0.08529999999999999,0.0698,0.031,0.13949999999999999,0.0,0.0
"Provide information about rental items, such as availability, operation, or description.",0.25670000000000004,0.24600000000000002,0.2781,0.021400000000000002,0.18719999999999998,0.010700000000000001,0.0
"Provide information about, and enforce, regulations, such as those concerning environmental protection, resource utilization, fire safety, and accident prevention.",0.26530000000000004,0.2041,0.3469,0.051,0.0816,0.051,0.0
"Provide information and advice regarding drug interactions, side effects, dosage, and proper medication storage.",0.1891,0.14429999999999998,0.5638000000000001,0.0148,0.0552,0.032799999999999996,0.0
"Provide information and advice to the public regarding the selection, purchase, and care of products.",0.3098,0.17980000000000002,0.36920000000000003,0.0225,0.09630000000000001,0.0225,0.0
"Provide information or counseling regarding issues such as animal health care, behavior problems, or nutrition.",0.16269999999999998,0.37799999999999995,0.3701,0.0276,0.0394,0.0223,0.0
"Provide information or technical or program assistance to government representatives, employers, or the general public on the issues of public health, environmental protection, or workplace safety.",0.15789999999999998,0.2632,0.31579999999999997,0.0526,0.15789999999999998,0.0526,0.0
"Provide information to customers on the care of trees, shrubs, flowers, plants, and lawns.",0.2213,0.3249,0.38659999999999994,0.0028000000000000004,0.0364,0.027999999999999997,0.0
"Provide information to the patient about the proposed intervention, its material risks and expected benefits, and any reasonable alternatives.",0.1765,0.1176,0.5882000000000001,0.0,0.0588,0.0588,0.0
Provide information to the public by leading workshops and training programs and by developing educational materials.,0.2766,0.0638,0.1489,0.0426,0.45740000000000003,0.0106,0.0
"Provide information, such as directions, visiting hours, or patient status information to visitors or callers.",0.33240000000000003,0.038900000000000004,0.42829999999999996,0.1073,0.0759,0.0171,0.0
"Provide information, technical assistance, or training to supervisors, managers, or employees on topics such as employee supervision, hiring, grievance procedures, or staff development.",0.40740000000000004,0.037000000000000005,0.1852,0.0,0.2963,0.0741,0.0
Provide input into the design and manufacturing of new equipment.,0.0761,0.1957,0.2717,0.0217,0.35869999999999996,0.0761,0.0
"Provide instructions to clients on how to obtain help with legal, financial, and other personal issues.",0.20929999999999999,0.5814,0.11630000000000001,0.0233,0.0698,0.0,0.0
Provide instructions to patients or family members concerning diagnoses or treatment plans.,0.23120000000000002,0.2432,0.45649999999999996,0.003,0.048,0.018000000000000002,0.0
"Provide litigation support, such as writing reports for expert testimony or testifying as an expert witness.",0.3333,0.0,0.0,0.0,0.6667000000000001,0.0,0.0
"Provide logistics technology or information for effective and efficient support of product, equipment, or system manufacturing or service.",0.2,0.05,0.575,0.025,0.125,0.025,0.0
"Provide occupational, educational, or other information to individuals so that they can make educational or vocational plans.",0.1745,0.1885,0.3847,0.0483,0.1776,0.0265,0.0
Provide or coordinate troubleshooting support for data warehouses.,0.09230000000000001,0.6769,0.0731,0.0077,0.12689999999999999,0.0231,0.0
"Provide passengers with information or advice about the local area, points of interest, hotels, or restaurants.",0.3895,0.2421,0.1158,0.021099999999999997,0.2316,0.0,0.0
Provide patients or caregivers with assistance in locating health care resources.,0.35479999999999995,0.2473,0.2043,0.0717,0.11470000000000001,0.0072,0.0
Provide patients with assistance in locating or holding jobs.,0.0667,0.2667,0.0667,0.3333,0.2,0.0667,0.0
"Provide patients with information needed to promote health, reduce risk factors, or prevent disease or disability.",0.32049999999999995,0.1026,0.4744,0.0,0.0897,0.0128,0.0
"Provide private instruction to individual or small groups of students to improve academic performance, improve occupational skills, or prepare for academic or occupational tests.",0.2016,0.08439999999999999,0.4569,0.0076,0.1681,0.0814,0.0
"Provide professional consulting services to government, educational institutions, or industry.",0.2051,0.0256,0.2051,0.0256,0.3846,0.15380000000000002,0.0
"Provide project management services, including the provision and analysis of technical data.",0.24489999999999998,0.0816,0.24489999999999998,0.0204,0.36729999999999996,0.0408,0.0
Provide psychological or administrative services and advice to private firms or community agencies regarding mental health programs or individual cases.,0.17859999999999998,0.011899999999999999,0.5238,0.023799999999999998,0.17859999999999998,0.0833,0.0
"Provide regulatory guidance to departments or development project teams regarding design, development, evaluation, or marketing of products.",0.1656,0.08070000000000001,0.3126,0.014499999999999999,0.3478,0.0787,0.0
"Provide repair cost estimates, and recommend whether appliance repair or replacement is a better choice.",0.1472,0.319,0.36200000000000004,0.0,0.135,0.0368,0.0
Provide requested information on students' progress and the development of case plans.,0.43329999999999996,0.1,0.0,0.0,0.4667,0.0,0.0
"Provide scientific or technical guidance or expertise to scientists, engineers, technologists, technicians, or others, using knowledge of chemical, analytical, or biological processes as applied to micro and nanoscale systems.",0.1018,0.1024,0.5604,0.0060999999999999995,0.17350000000000002,0.0558,0.0
"Provide scientific or technical guidance, support, coordination, or oversight to governmental agencies, environmental programs, industry, or the public.",0.15289999999999998,0.1059,0.5176,0.0353,0.1765,0.0118,0.0
"Provide staff and users with assistance solving computer-related problems, such as malfunctions and program problems.",0.1121,0.7483,0.0947,0.0104,0.0275,0.0069,0.0
Provide staff with assistance in performing difficult or complicated duties.,0.2708,0.1563,0.0542,0.0292,0.4646,0.025,0.0
"Provide statistical and computational tools for biologically based activities, such as genetic analysis, measurement of gene expression, or gene function determination.",0.25,0.47369999999999995,0.0789,0.0,0.1974,0.0,0.0
Provide statistical modeling advice to other departments.,0.0513,0.0907,0.5640999999999999,0.009899999999999999,0.17550000000000002,0.1085,0.0
"Provide students with information on topics such as college degree programs and admission requirements, financial aid opportunities, trade and technical schools, and apprenticeship programs.",0.17370000000000002,0.0917,0.513,0.0040999999999999995,0.2052,0.0123,0.0
Provide system design and integration recommendations.,0.1495,0.1883,0.2514,0.0108,0.3829,0.0171,0.0
Provide technical advice and guidance to organizations on how to handle health-related problems and make needed changes.,0.3789,0.087,0.31679999999999997,0.0248,0.1739,0.018600000000000002,0.0
"Provide technical advice to industrial or managerial personnel regarding design, construction, program modifications, or structural repairs.",0.1942,0.1162,0.3069,0.0241,0.3246,0.034,0.0
"Provide technical and non-technical support and services to clients or other staff members regarding the use, operation, and maintenance of equipment.",0.24230000000000002,0.3418,0.3084,0.020099999999999996,0.0717,0.0158,0.0
Provide technical consultation or direction related to the development or production of fuel cell systems.,0.07690000000000001,0.15380000000000002,0.5385,0.0,0.15380000000000002,0.07690000000000001,0.0
Provide technical customer service.,0.2133,0.3066,0.3421,0.024,0.0909,0.0231,0.0
"Provide technical direction or support to installation teams during installation, start-up, testing, system commissioning, or performance monitoring.",0.109,0.6,0.1448,0.0209,0.1075,0.0179,0.0
Provide technical direction to other engineers or engineering support personnel.,0.1164,0.302,0.2824,0.0183,0.2173,0.0636,0.0
"Provide technical engineering support in the planning of projects, such as wastewater treatment plants, to ensure compliance with environmental regulations and policies.",0.1304,0.0217,0.5,0.0217,0.2826,0.0435,0.0
Provide technical expertise in Geographic Information Systems (GIS) technology to clients or users.,0.15130000000000002,0.5329,0.18420000000000003,0.0132,0.10529999999999999,0.0132,0.0
Provide technical expertise or support related to manufacturing.,0.16820000000000002,0.1552,0.42590000000000006,0.01,0.196,0.044800000000000006,0.0
Provide technical guidance or support for the development or troubleshooting of systems.,0.1075,0.6096,0.1481,0.0127,0.1092,0.0129,0.0
"Provide technical information about solar power, solar systems, equipment, and services to potential customers or dealers.",0.18280000000000002,0.086,0.6236999999999999,0.0,0.086,0.0215,0.0
"Provide technical information about test results to physicians, family members, or researchers.",0.35,0.2,0.35,0.0,0.1,0.0,0.0
Provide technical or administrative support for sustainability programs or issues.,0.1176,0.0882,0.3824,0.0294,0.3824,0.0,0.0
"Provide technical support for existing reports, dashboards, or other tools.",0.1572,0.4657,0.1549,0.018600000000000002,0.18539999999999998,0.0182,0.0
Provide technical support or instruction to staff or customers regarding electronics equipment standards.,0.1378,0.182,0.496,0.0179,0.1207,0.0455,0.0
Provide technical support to computer users for installation and use of security products.,0.12990000000000002,0.4325,0.31379999999999997,0.0178,0.0897,0.0163,0.0
"Provide technical support to designers, marketing and sales departments, suppliers, engineers and other team members throughout the product development and implementation process.",0.1251,0.29510000000000003,0.1543,0.0052,0.38880000000000003,0.0315,0.0
Provide technical support to junior staff or clients.,0.10210000000000001,0.4561,0.2834,0.0074,0.10830000000000001,0.042699999999999995,0.0
"Provide technical support to other employees regarding mechanical design, fabrication, testing, or documentation.",0.1234,0.2243,0.35869999999999996,0.0115,0.2376,0.0444,0.0
"Provide technical support to users or clients regarding the maintenance, development, or operation of Geographic Information Systems (GIS) databases, equipment, or applications.",0.1184,0.625,0.125,0.0197,0.10529999999999999,0.0066,0.0
Provide terminated employees with outplacement or relocation assistance.,0.2087,0.22829999999999998,0.0472,0.0236,0.4843,0.0079,0.0
Provide training and support to system designers and users.,0.1336,0.32049999999999995,0.3493,0.016200000000000003,0.1597,0.0207,0.0
"Provide training direction, encouragement, motivation, and nutritional advice to prepare athletes for games, competitive events, or tours.",0.2,0.45,0.0,0.0,0.35,0.0,0.0
Provide training or technical assistance in Web site implementation or use.,0.1591,0.47409999999999997,0.2059,0.0187,0.1341,0.008100000000000001,0.0
"Provide user applications or engineering support or recommendations for new or existing equipment with regard to installation, upgrades, or enhancements.",0.1642,0.2687,0.3134,0.0149,0.19399999999999998,0.044800000000000006,0.0
Provide user support by diagnosing network and device problems and implementing technical or procedural solutions.,0.1417,0.7337,0.0828,0.013000000000000001,0.0229,0.0059,0.0
Provide users with technical support for computer problems.,0.19219999999999998,0.3861,0.302,0.0311,0.060899999999999996,0.0277,0.0
"Provide, or refer patients to other providers for, education or counseling on topics such as genetic testing, newborn care, contraception, or breastfeeding.",0.1272,0.1953,0.5858,0.0089,0.0592,0.023700000000000002,0.0
Quantify energy consumption to establish baselines for energy use or need.,0.25,0.4375,0.125,0.0,0.1875,0.0,0.0
Question patrons regarding desired services and haircut styles.,0.1411,0.0345,0.009399999999999999,0.6677,0.1442,0.0031,0.0
Quote prices to customers.,0.5,0.0217,0.1739,0.0217,0.2609,0.0217,0.0
"Quote prices, credit terms, contract terms, or fulfillment dates for services.",0.22820000000000001,0.1477,0.0336,0.0067,0.5235,0.0604,0.0
"Quote prices, credit terms, or other bid specifications.",0.25489999999999996,0.15689999999999998,0.0392,0.0,0.4902,0.0588,0.0
"Quote unit exchange rates, following daily international rate sheets or computer displays.",0.49090000000000006,0.0364,0.2545,0.0,0.2182,0.0,0.0
"Read and analyze incoming memos, submissions, and reports to determine their significance and plan their distribution.",0.7414000000000001,0.0158,0.0554,0.0818,0.09230000000000001,0.0132,0.0
"Read and interpret blueprints, schematics, work specifications, drawings, or charts.",0.3889,0.0556,0.0556,0.11109999999999999,0.3333,0.0556,0.0
"Read and interpret blueprints, technical drawings, schematics, or computer-generated reports.",0.3824,0.1471,0.0882,0.0294,0.3235,0.0294,0.0
"Read and interpret electronic circuit diagrams, function block diagrams, specifications, engineering drawings, and service manuals.",0.3056,0.11109999999999999,0.2778,0.0556,0.22219999999999998,0.0278,0.0
"Read and interpret engineering drawings, diagrams, instructions, or specifications to determine needed repairs, fabrication method, and operation sequence.",0.2667,0.23329999999999998,0.2,0.0,0.3,0.0,0.0
Read and review project blueprints and structural specifications to determine dimensions of structure or system and material requirements.,0.36840000000000006,0.0526,0.10529999999999999,0.0526,0.4211,0.0,0.0
"Read and understand operating manuals, blueprints, and technical drawings.",0.48450000000000004,0.0928,0.1134,0.14429999999999998,0.14429999999999998,0.0206,0.0
"Read copy or proof to detect and correct errors in spelling, punctuation, and syntax.",0.26899999999999996,0.0159,0.028900000000000002,0.0068000000000000005,0.3981,0.2813,0.0
Read corrected copies or proofs to ensure that all corrections have been made.,0.07139999999999999,0.2,0.0,0.0,0.1714,0.5571,0.0
Read documents on pleadings and motions to ascertain facts and issues.,0.48710000000000003,0.0632,0.0679,0.011699999999999999,0.3091,0.060899999999999996,0.0
"Read from scripts or books to narrate action or to inform or entertain audiences, utilizing few or no stage props.",0.2426,0.574,0.0059,0.0118,0.1598,0.0059,0.0
Read incoming correspondence to ascertain nature of writers' concerns and to determine disposition of correspondence.,0.6862,0.0492,0.09230000000000001,0.061500000000000006,0.0892,0.0215,0.0
"Read inventory records, customer orders, or shipping schedules to determine required activities.",0.9118,0.0206,0.0,0.0647,0.0,0.0029,0.0
"Read manuals, periodicals, and technical reports to learn how to develop programs that meet staff and user requirements.",0.5024000000000001,0.039,0.2274,0.10369999999999999,0.11699999999999999,0.0105,0.0
"Read source documents such as canceled checks, sales reports, or bills, and enter data in specific data fields or onto tapes or disks for subsequent entry, using keyboards or scanners.",0.67,0.131,0.0066,0.005,0.1857,0.0017000000000000001,0.0
"Read technical manuals, confer with users, or conduct computer diagnostics to investigate and resolve problems or to provide technical assistance and support.",0.2738,0.2332,0.3345,0.0483,0.08929999999999999,0.0209,0.0
"Read through contracts, regulations, and procedural guidelines to ensure comprehension and compliance.",0.5006,0.0435,0.1689,0.0463,0.19899999999999998,0.0418,0.0
"Read written materials, such as legal documents, scientific works, or news reports, and rewrite material into specified languages.",0.6903,0.0178,0.06,0.005600000000000001,0.2163,0.009899999999999999,0.0
"Read, evaluate and edit manuscripts or other materials submitted for publication, and confer with authors regarding changes in content, style or organization, or publication.",0.0868,0.0174,0.0147,0.0068000000000000005,0.5824,0.2919,0.0
Receive and respond to customer complaints.,0.3262,0.30870000000000003,0.0403,0.15439999999999998,0.1664,0.004,0.0
Recommend acceptance or rejection of compromise settlement offers.,0.0864,0.21600000000000003,0.1852,0.0,0.46299999999999997,0.049400000000000006,0.0
Recommend actions in fraud cases.,0.1782,0.3261,0.23190000000000002,0.030299999999999997,0.1563,0.07730000000000001,0.0
"Recommend actions related to historical art, such as which items to add to a collection or which items to display in an exhibit.",0.16329999999999997,0.061200000000000004,0.0816,0.0408,0.48979999999999996,0.16329999999999997,0.0
"Recommend actions to ensure compliance with laws and regulations, or to protect solvency of institutions.",0.22469999999999998,0.1281,0.2637,0.024900000000000002,0.306,0.0527,0.0
Recommend adjudication of product complaints.,0.1935,0.371,0.0323,0.0161,0.35479999999999995,0.0323,0.0
"Recommend and explain the use of cosmetics, lotions, and creams to soften and lubricate skin and enhance and restore natural appearance.",0.231,0.1244,0.3782,0.0025,0.2132,0.0508,0.0
"Recommend and implement measures to improve worker motivation, work methods, or customer services.",0.3235,0.2353,0.1176,0.0882,0.2059,0.0294,0.0
Recommend and implement performance improvements.,0.21359999999999998,0.3942,0.113,0.0045000000000000005,0.2409,0.0338,0.0
Recommend and provide advice on a wide variety of products and services.,0.2534,0.15869999999999998,0.2407,0.026000000000000002,0.2865,0.0348,0.0
"Recommend appropriate sizes and formats for advertising, depending on medium used.",0.25370000000000004,0.1567,0.11939999999999999,0.0149,0.4328,0.022400000000000003,0.0
"Recommend approval, denial, or conditional approval of proposals.",0.35710000000000003,0.1714,0.07139999999999999,0.0143,0.3,0.0857,0.0
Recommend assistive devices according to patients' needs or nature of impairments.,0.1875,0.125,0.3125,0.125,0.25,0.0,0.0
"Recommend changes in patients' work or living environments, consistent with their needs and capabilities.",0.1373,0.3529,0.3725,0.0196,0.1176,0.0,0.0
Recommend changes that could improve service and increase operational efficiency.,0.2502,0.12869999999999998,0.12300000000000001,0.0179,0.4395,0.0407,0.0
Recommend changes to company procedures in response to changes in regulations or standards.,0.2305,0.0436,0.1402,0.0031,0.5015999999999999,0.081,0.0
"Recommend changes to curricula or delivery methods, based on information such as instructional effectiveness data, current or future performance requirements, feasibility, and costs.",0.1518,0.0209,0.09949999999999999,0.0105,0.6386999999999999,0.0785,0.0
"Recommend changes to improve systems and network configurations, and determine hardware or software requirements related to such changes.",0.1648,0.28800000000000003,0.278,0.0123,0.2141,0.042699999999999995,0.0
Recommend corrective or preventive actions to assure or improve product quality or reliability.,0.11259999999999999,0.3801,0.1379,0.0060999999999999995,0.2314,0.1318,0.0
Recommend data-driven solutions to key stakeholders.,0.15560000000000002,0.1419,0.3249,0.0206,0.3066,0.050300000000000004,0.0
Recommend design modifications to eliminate machine or system malfunctions.,0.07440000000000001,0.5361,0.1247,0.0,0.19469999999999998,0.07,0.0
"Recommend disposal of excess, defective, or obsolete stock.",0.20829999999999999,0.375,0.125,0.0,0.25,0.0417,0.0
"Recommend educational materials or resources to clients on matters, such as financial planning, budgeting, or credit.",0.2195,0.024399999999999998,0.6585,0.0,0.09759999999999999,0.0,0.0
Recommend energy-efficient technologies or alternate energy sources.,0.2,0.1333,0.2667,0.0,0.4,0.0,0.0
"Recommend financial products, such as stocks, bonds, mutual funds, or insurance.",0.3858,0.1215,0.1283,0.004699999999999999,0.3452,0.0146,0.0
Recommend improvements in security systems or procedures.,0.15,0.19,0.33,0.04,0.24,0.05,0.0
Recommend improvements to existing or planned logistics processes.,0.2683,0.1585,0.2195,0.0,0.3049,0.048799999999999996,0.0
Recommend information security enhancements to management.,0.25,0.20829999999999999,0.2014,0.0231,0.2477,0.0694,0.0
Recommend interventions to modify behavior associated with health risks.,0.1496,0.326,0.3942,0.0207,0.10220000000000001,0.0073,0.0
"Recommend investments and investment timing to companies, investment firm staff, or the public.",0.41729999999999995,0.1476,0.109,0.008199999999999999,0.2962,0.0218,0.0
"Recommend mark-up rates, mark-down rates, or merchandise selling prices.",0.17079999999999998,0.17920000000000003,0.11320000000000001,0.009000000000000001,0.49310000000000004,0.0347,0.0
Recommend materials for reliable performance in various environments.,0.1563,0.17190000000000003,0.3594,0.0,0.2813,0.0313,0.0
Recommend merchandise or services that will meet customers' needs.,0.2928,0.1215,0.2211,0.0159,0.3127,0.0359,0.0
"Recommend methods for improving utilization of personnel, material, and utilities.",0.36329999999999996,0.0761,0.1661,0.0138,0.36329999999999996,0.0173,0.0
Recommend methods to increase lifestyle physical activity.,0.1711,0.2751,0.2864,0.013600000000000001,0.2336,0.0203,0.0
Recommend methods to reduce potential financial fraud losses.,0.1525,0.22030000000000002,0.3898,0.08470000000000001,0.0339,0.1186,0.0
"Recommend necessary corrective actions, based on inspection results.",0.14400000000000002,0.1686,0.09480000000000001,0.01,0.3889,0.1937,0.0
Recommend new equipment or software packages.,0.20829999999999999,0.0917,0.25,0.0417,0.3667,0.0417,0.0
Recommend new or improved processes or equipment to reduce risk exposure.,0.2845,0.1572,0.3322,0.023,0.1201,0.083,0.0
Recommend new remote sensing hardware or software acquisitions.,0.11109999999999999,0.16670000000000001,0.3889,0.0,0.3333,0.0,0.0
Recommend new systems and processes to improve operations.,0.2032,0.157,0.2158,0.026600000000000002,0.3735,0.0239,0.0
"Recommend or approve new program or service offerings to promote wellness and fitness, produce revenues, or minimize costs.",0.2268,0.1134,0.061900000000000004,0.0103,0.5567,0.030899999999999997,0.0
"Recommend or arrange appropriate merchandise packing methods, according to climate, terrain, weight, nature of goods, or costs.",0.3871,0.0645,0.1935,0.0,0.2903,0.0645,0.0
"Recommend or implement methods to monitor, evaluate, or enable resolution of safety, operations, or compliance interruptions.",0.1714,0.0857,0.4286,0.0,0.2,0.1143,0.0
"Recommend or implement personnel actions, such as employee selection, evaluation, rewards, or disciplinary actions.",0.29410000000000003,0.2605,0.042,0.0084,0.3697,0.0252,0.0
"Recommend or initiate personnel actions, such as promotions, transfers, or disciplinary measures.",0.3,0.14,0.08,0.02,0.4,0.06,0.0
Recommend personnel actions related to programs and services.,0.1429,0.15869999999999998,0.09519999999999999,0.0159,0.5079,0.0794,0.0
"Recommend procedures for detection, prevention, and elimination of physical, chemical, or other product hazards.",0.25420000000000004,0.17850000000000002,0.40240000000000004,0.0197,0.07719999999999999,0.0681,0.0
"Recommend procedures, equipment, or software upgrades to increase data accessibility or ease of use.",0.2743,0.1764,0.2526,0.0305,0.2532,0.0129,0.0
"Recommend process formulas, instrumentation, or equipment specifications, based on results of bench or pilot experimentation.",0.1818,0.1061,0.1818,0.0152,0.5,0.0152,0.0
"Recommend product or component design improvements, based on test data or observations.",0.0941,0.3005,0.1168,0.0091,0.37939999999999996,0.1002,0.0
Recommend product or service improvements to employers.,0.19219999999999998,0.10980000000000001,0.0275,0.0039000000000000003,0.5216,0.1451,0.0
"Recommend products to customers, based on customers' needs and interests.",0.31920000000000004,0.1414,0.1358,0.0174,0.365,0.021099999999999997,0.0
Recommend remedial procedures to correct any violations found during inspections.,0.2652,0.1941,0.11960000000000001,0.024300000000000002,0.2565,0.1404,0.0
"Recommend repair or design modifications of electronics components or systems, based on factors such as environment, service, cost, or system capabilities.",0.0973,0.22699999999999998,0.2162,0.0108,0.3784,0.0703,0.0
"Recommend special diets to improve athletes' health, increase their stamina, or alter their weight.",0.1185,0.3628,0.1391,0.0048,0.3567,0.0181,0.0
"Recommend tests or testing conditions in accordance with designs, customer requirements, or industry standards to ensure test validity.",0.17620000000000002,0.141,0.2731,0.022000000000000002,0.326,0.0617,0.0
"Recommend the acceptance or rejection of claims or compromise settlements according to laws, regulations, policies, and precedent decisions.",0.3333,0.2,0.1333,0.0,0.3333,0.0,0.0
Recommend the use of vitamin and mineral supplements to enhance the health of patients and children.,0.1929,0.1418,0.4219,0.0058,0.21309999999999998,0.0245,0.0
"Recommend to clients strategies in cash management, insurance coverage, investment planning, or other areas to help them achieve their financial goals.",0.22039999999999998,0.1771,0.1898,0.0064,0.3682,0.0382,0.0
Recommend treatment and prevention methods for pest problems to clients.,0.3504,0.2847,0.1971,0.0097,0.1338,0.024300000000000002,0.0
Recommend ways to control or reduce risk.,0.1815,0.1913,0.2316,0.0204,0.3125,0.06269999999999999,0.0
"Recommend woods, colors, finishes, and furniture styles, using knowledge of wood products, fashions, and styles.",0.09300000000000001,0.1814,0.08839999999999999,0.013999999999999999,0.5767,0.04650000000000001,0.0
"Recommend workplace changes to improve health and safety, using knowledge of potentially harmful factors, such as heavy loads or repetitive motions.",0.35,0.1,0.2143,0.0070999999999999995,0.2786,0.05,0.0
"Recommend, select, and help locate or obtain merchandise based on customer needs and desires.",0.23870000000000002,0.1972,0.0709,0.0074,0.4704,0.0154,0.0
Record amounts and types of special food items served to customers.,0.1905,0.6667000000000001,0.0,0.0,0.1429,0.0,0.0
"Record and compile operational data by completing and maintaining forms, logs, or reports.",0.77,0.15539999999999998,0.0048,0.011200000000000002,0.058499999999999996,0.0,0.0
"Record and edit audio material, such as movie soundtracks, using audio recording and editing equipment.",0.5256000000000001,0.11539999999999999,0.0,0.0385,0.3077,0.0128,0.0
Record and edit the minutes of meetings and distribute to appropriate officials or staff members.,0.5988,0.029900000000000003,0.012,0.012,0.34130000000000005,0.006,0.0
"Record and evaluate patient and family health and food history, including symptoms, environmental toxic exposure, allergies, medication factors, and preventive health-care measures.",0.09029999999999999,0.4065,0.2581,0.006500000000000001,0.22579999999999997,0.0129,0.0
"Record and maintain files or records of customer requests, work or services performed, charges, expenses, inventory, or other dispatch information.",0.4118,0.29410000000000003,0.0,0.0,0.29410000000000003,0.0,0.0
"Record and maintain patient information, such as vital signs, eating habits, behavior, progress notes, treatments, or discharge plans.",0.34619999999999995,0.5,0.0385,0.0385,0.0385,0.0385,0.0
Record and process results of procedures.,0.8946999999999999,0.10529999999999999,0.0,0.0,0.0,0.0,0.0
"Record and report job-related activities, findings, transactions, violations, discrepancies, and decisions.",0.8987,0.0759,0.0,0.0,0.0253,0.0,0.0
"Record and report time, materials, faults, deficiencies, or other unusual occurrences on work orders.",0.55,0.2,0.0,0.05,0.2,0.0,0.0
"Record details of attendance, sales, receipts, reservations, or repair activities.",0.575,0.125,0.0,0.0,0.3,0.0,0.0
Record facts to prepare reports that document incidents and activities.,0.4138,0.10339999999999999,0.0,0.0345,0.4483,0.0,0.0
"Record information, such as cash receipts and ticket fares, and maintain log book.",0.5435,0.2391,0.0,0.0217,0.1957,0.0,0.0
"Record information, such as personnel, production, or operational data on specified forms or reports.",0.6353,0.2735,0.0028000000000000004,0.0171,0.0655,0.005699999999999999,0.0
"Record operating data, such as process conditions, test results, or instrument readings.",0.7368000000000001,0.2632,0.0,0.0,0.0,0.0,0.0
Record operational data on specified forms.,0.6304,0.337,0.0,0.0,0.0326,0.0,0.0
Record operational or production data on specified forms.,0.5958,0.3032,0.0,0.0105,0.09050000000000001,0.0,0.0
"Record or compile test results or prepare graphs, charts, or reports.",0.6203,0.2658,0.0253,0.0,0.0886,0.0,0.0
Record production and operational data on specified forms.,0.5832999999999999,0.3274,0.0,0.006,0.0833,0.0,0.0
"Record production data, and maintain production logs.",0.3488,0.6512,0.0,0.0,0.0,0.0,0.0
Record production or operational data on specified forms.,0.5806,0.1935,0.0323,0.0,0.1935,0.0,0.0
Record symbols on computer storage media and use computer aided transcription to translate and display them as text.,0.8571,0.047599999999999996,0.0,0.0,0.09519999999999999,0.0,0.0
"Record test data and prepare reports, summaries, or charts that interpret test results.",0.4286,0.10710000000000001,0.0,0.0179,0.4464,0.0,0.0
Record the specifics of malfunctioning machines and document malfunctions needing repair.,0.5313,0.1875,0.0,0.0,0.2813,0.0,0.0
"Record transaction information on forms or logs, and notify designated personnel of discrepancies.",0.7097,0.0645,0.0,0.0323,0.1935,0.0,0.0
Record work activities performed.,0.41409999999999997,0.2539,0.0,0.058600000000000006,0.2734,0.0,0.0
"Record, process, and maintain patient data or treatment records and prepare reports.",0.48100000000000004,0.1013,0.0127,0.0,0.40509999999999996,0.0,0.0
"Refer clients to community resources for services, such as job placement, debt counseling, legal aid, housing, medical treatment, or financial assistance, and provide concrete information, such as where to go and how to apply.",0.2642,0.41869999999999996,0.11789999999999999,0.09759999999999999,0.0894,0.012199999999999999,0.0
Refer clients to community resources or services.,0.2101,0.2536,0.2536,0.2101,0.0435,0.028999999999999998,0.0
Refer clients to medical personnel for treatment of serious skin problems.,0.4048,0.1131,0.26789999999999997,0.023799999999999998,0.11900000000000001,0.07139999999999999,0.0
"Refer clients to other specialists, institutions, or support services as necessary.",0.17149999999999999,0.25129999999999997,0.4397,0.022099999999999998,0.0849,0.030600000000000002,0.0
Refer clients to other types of therapists when necessary.,0.125,0.3125,0.25,0.0625,0.1875,0.0625,0.0
"Refer patients requiring more specialized or complex treatment to psychiatrists, primary care physicians, or other medical specialists.",0.0645,0.129,0.45159999999999995,0.2903,0.0,0.0645,0.0
Refer patients to medical specialists or other practitioners when necessary.,0.1905,0.3333,0.35710000000000003,0.035699999999999996,0.047599999999999996,0.035699999999999996,0.0
"Refer patients to medical specialists, social services, or other professionals as appropriate.",0.2632,0.31579999999999997,0.31579999999999997,0.10529999999999999,0.0,0.0,0.0
Refer patients to other health care practitioners as necessary.,0.24239999999999998,0.35350000000000004,0.2727,0.060599999999999994,0.0202,0.050499999999999996,0.0
Refer patients to other health professionals or agencies when appropriate.,0.2011,0.4303,0.23809999999999998,0.0688,0.0159,0.045899999999999996,0.0
Refer patients to specialists or community resources.,0.19820000000000002,0.4054,0.2613,0.06309999999999999,0.06309999999999999,0.009000000000000001,0.0
Refer patients to specialists or other practitioners.,0.2045,0.4242,0.303,0.0152,0.030299999999999997,0.0227,0.0
"Refer patients, clients, or family members to community resources or to specialists as necessary.",0.125,0.2917,0.16670000000000001,0.2917,0.125,0.0,0.0
"Refer people to community support services, psychologists, or doctors.",0.1429,0.1868,0.1429,0.41759999999999997,0.07690000000000001,0.033,0.0
Refer students or patients to specialized health resources or community agencies furnishing assistance.,0.17739999999999997,0.1935,0.22579999999999997,0.2742,0.0968,0.0323,0.0
"Reformat documents, moving paragraphs or columns.",0.4768,0.054400000000000004,0.0058,0.0039000000000000003,0.4573,0.0019,0.0
Relay or route written or verbal messages.,0.6667000000000001,0.2051,0.0,0.07690000000000001,0.0513,0.0,0.0
"Render drawings, illustrations, and sketches of buildings, manufactured products, or models, working from sketches, blueprints, memory, models, or reference materials.",0.6102000000000001,0.0169,0.0508,0.0169,0.30510000000000004,0.0,0.0
"Report and document safety hazards, potentially hazardous conditions, and unsafe practices and procedures.",0.3061,0.0,0.0204,0.0204,0.6531,0.0,0.0
Report equipment problems and ensure that required repairs are made.,0.7143,0.09519999999999999,0.0,0.09519999999999999,0.09519999999999999,0.0,0.0
"Report project plans, progress, and results.",0.6652,0.10640000000000001,0.0044,0.0466,0.1685,0.0089,0.0
"Report project status, such as budget, resources, technical issues, or customer satisfaction, to managers.",0.7011,0.0637,0.0066,0.0242,0.1956,0.0088,0.0
"Report results of statistical analyses, including information in the form of graphs, charts, and tables.",0.3477,0.0584,0.0204,0.0017000000000000001,0.5658,0.0059,0.0
"Report to management about asset utilization and audit results, and recommend changes in operations and financial activities.",0.46270000000000006,0.0746,0.0746,0.0,0.3134,0.0746,0.0
Request and review project updates to ensure deadlines are met.,0.8207,0.0621,0.0069,0.0966,0.0138,0.0,0.0
"Research and analyze customer design proposals, specifications, manuals, or other data to evaluate the feasibility, cost, or maintenance requirements of designs or applications.",0.1902,0.0707,0.3804,0.0163,0.3043,0.038,0.0
"Research and analyze laws, regulations, policies, and precedent decisions to prepare for hearings and to determine conclusions.",0.3025,0.0479,0.1099,0.0087,0.49079999999999996,0.0403,0.0
"Research and apply innovative solutions for product design, visuals, and user experience to meet the needs of individual Web development projects.",0.3582,0.0536,0.0159,0.008100000000000001,0.5622,0.0019,0.0
"Research and evaluate suppliers, based on price, quality, selection, service, support, availability, reliability, production and distribution capabilities, and the supplier's reputation and history.",0.3824,0.1863,0.0735,0.0147,0.3186,0.0245,0.0
Research and identify potential customers for products or services.,0.6775,0.0596,0.024399999999999998,0.0108,0.22219999999999998,0.0054,0.0
Research and test new or modified hardware or software products to determine performance and interoperability.,0.31579999999999997,0.2368,0.2895,0.0263,0.1316,0.0,0.0
"Research current trends and new technology, such as printing production techniques, computer software, and design trends.",0.38280000000000003,0.0335,0.3493,0.0144,0.22010000000000002,0.0,0.0
Research hardware or software products to meet technical networking or security needs.,0.22219999999999998,0.1242,0.42479999999999996,0.0131,0.183,0.0327,0.0
Research information requested by farmers.,0.3669,0.125,0.2903,0.008100000000000001,0.2016,0.008100000000000001,0.0
"Research laws, court decisions, documents, opinions, briefs, or other information related to cases before the court.",0.49090000000000006,0.0455,0.1,0.0091,0.3273,0.0273,0.0
"Research laws, regulations, policies, or precedent decisions to prepare for hearings.",0.2514,0.08380000000000001,0.095,0.005600000000000001,0.5363,0.0279,0.0
Research legal issues and write opinions on the issues.,0.2713,0.031,0.21710000000000002,0.0078000000000000005,0.4264,0.04650000000000001,0.0
Research new software or design concepts.,0.308,0.0958,0.3676,0.019,0.2036,0.006,0.0
"Research new technologies by attending seminars, reading trade articles, or taking classes, and implement or recommend the implementation of new technologies.",0.375,0.125,0.25,0.0,0.25,0.0,0.0
"Research or recommend textbooks, software, equipment, or other learning materials to complement tutoring.",0.22769999999999999,0.0668,0.31679999999999997,0.0034000000000000002,0.363,0.0223,0.0
"Research particular roles to find out more about a character, or the time and place in which a piece is set.",0.15380000000000002,0.0385,0.1923,0.0385,0.5,0.07690000000000001,0.0
"Research production specifications, costs, production materials, and manufacturing methods and provide cost estimates and itemized production requirements.",0.3602,0.0775,0.1109,0.012199999999999999,0.4225,0.0167,0.0
"Research production topics using the internet, video archives, and other informational sources.",0.21050000000000002,0.0,0.31579999999999997,0.0526,0.31579999999999997,0.10529999999999999,0.0
"Research the history of a particular country or region, or of a specific time period.",0.21239999999999998,0.0166,0.56,0.0152,0.16829999999999998,0.0276,0.0
Research the target audience of projects.,0.40090000000000003,0.1121,0.047400000000000005,0.0172,0.4138,0.0086,0.0
"Research various topics, including site history, environmental conditions, and clients' skills and abilities to plan appropriate expeditions, instruction, and commentary.",0.26539999999999997,0.1374,0.2701,0.09949999999999999,0.2133,0.014199999999999999,0.0
"Research, compile, analyze and organize information from maps, reports, investigations, and books for use in reports and special projects.",0.5714,0.047599999999999996,0.09519999999999999,0.0,0.2857,0.0,0.0
"Research, compile, and prepare reports, manuals, correspondence, or other information required by management or governmental agencies.",0.6115999999999999,0.030899999999999997,0.0139,0.0040999999999999995,0.3353,0.0043,0.0
"Research, document, rate, or select alternatives for Web architecture or technologies.",0.2866,0.128,0.2683,0.0060999999999999995,0.2927,0.0183,0.0
"Research, evaluate, and prepare recommendations on curricula, instructional methods, and materials for school systems.",0.34380000000000005,0.0,0.2813,0.0313,0.25,0.09380000000000001,0.0
"Research, test, or verify proper functioning of software patches and fixes.",0.5094,0.3774,0.0189,0.0377,0.0189,0.0377,0.0
"Resolve any problems with itineraries, service, or accommodations.",0.0833,0.75,0.0417,0.0,0.125,0.0,0.0
Resolve customer complaints or answer customers' questions regarding policies and procedures.,0.2024,0.1822,0.41479999999999995,0.0546,0.09820000000000001,0.0479,0.0
Resolve customer complaints regarding sales and service.,0.3471,0.2397,0.0083,0.0,0.3967,0.0083,0.0
Resolve customer complaints.,0.2849,0.4343,0.029900000000000003,0.0259,0.2151,0.01,0.0
"Resolve customers' service or billing complaints by performing activities such as exchanging merchandise, refunding money, or adjusting bills.",0.39130000000000004,0.3043,0.0435,0.0,0.2609,0.0,0.0
"Resolve garbled or indecipherable messages, using cryptographic procedures and equipment.",0.4468,0.10640000000000001,0.1277,0.1489,0.1702,0.0,0.0
"Resolve personnel problems, complaints, or formal grievances when possible, or refer them to higher-level supervisors for resolution.",0.3065,0.2581,0.0645,0.0161,0.2903,0.0645,0.0
"Resolve problems concerning transportation, logistics systems, imports or exports, or customer issues.",0.2,0.5,0.05,0.05,0.2,0.0,0.0
Resolve worker problems or collaborate with employees to assist in problem resolution.,0.25579999999999997,0.3721,0.0698,0.0233,0.23260000000000003,0.04650000000000001,0.0
"Respond to customer complaints, legal inquiries, payment negotiations, or other post-service matters.",0.198,0.31980000000000003,0.0254,0.0051,0.4416,0.0102,0.0
Respond to customer inquiries or complaints.,0.27699999999999997,0.4959,0.0538,0.0721,0.0949,0.0063,0.0
Respond to medical emergencies by administering basic first aid or by obtaining assistance from paramedics.,0.3214,0.39289999999999997,0.035699999999999996,0.25,0.0,0.0,0.0
"Respond to passengers' questions, requests, or complaints.",0.3234,0.38939999999999997,0.1551,0.0066,0.10890000000000001,0.0165,0.0
Respond to public suggestions and complaints.,0.3077,0.07690000000000001,0.0,0.0,0.5769,0.0385,0.0
"Respond to questions from patrons, and provide information about animals, such as behavior, habitat, breeding habits, or facility activities.",0.23550000000000001,0.19760000000000003,0.2934,0.1637,0.07780000000000001,0.0319,0.0
Respond to requests for assistance during emergencies or crises.,0.0391,0.32170000000000004,0.1609,0.4,0.0478,0.0304,0.0
"Respond to user email inquiries, or set up automated systems to send responses.",0.3946,0.0933,0.0127,0.013300000000000001,0.4781,0.0079,0.0
Retrieve and examine real estate closing files for accuracy and to ensure that information included is recorded and executed according to regulations.,0.2692,0.1923,0.0,0.0385,0.34619999999999995,0.15380000000000002,0.0
"Retrieve electronic assets from repository for distribution to users, collecting and returning to repository, if necessary.",0.5611999999999999,0.07769999999999999,0.0401,0.22399999999999998,0.0636,0.0335,0.0
"Review all regulatory agency submission materials to ensure timeliness, accuracy, comprehensiveness, or compliance with regulatory standards.",0.3618,0.0674,0.018000000000000002,0.009000000000000001,0.2854,0.2584,0.0
"Review and analyze computer printouts and performance indicators to locate code problems, and correct errors by correcting codes.",0.0783,0.7831,0.0241,0.0,0.0964,0.0181,0.0
"Review and analyze legislation, laws, or public policy and recommend changes to promote or support interests of the general population or special groups.",0.26170000000000004,0.0362,0.2511,0.0319,0.32130000000000003,0.09789999999999999,0.0
"Review and analyze new, proposed, or revised laws, regulations, policies, and procedures to interpret their meaning and determine their impact.",0.3293,0.0527,0.24789999999999998,0.012,0.2754,0.08259999999999999,0.0
"Review and analyze specifications, sketches, drawings, ideas, and related data to assess factors affecting component designs and the procedures and instructions to be followed.",0.249,0.11199999999999999,0.2664,0.0097,0.2896,0.07339999999999999,0.0
"Review and critique proposals, plans, or designs related to water or wastewater treatment systems.",0.36840000000000006,0.0526,0.0526,0.0,0.21050000000000002,0.31579999999999997,0.0
Review and edit standard operating procedures.,0.40909999999999996,0.12119999999999999,0.0455,0.0152,0.40909999999999996,0.0,0.0
"Review and interpret government codes and develop procedures to meet codes and to ensure facility safety, security, and maintenance.",0.4583,0.0833,0.0417,0.0,0.4167,0.0,0.0
"Review and interpret government codes, and develop programs to ensure adherence to codes and facility safety, security, and maintenance.",0.36590000000000006,0.048799999999999996,0.048799999999999996,0.024399999999999998,0.5122,0.0,0.0
Review and update credit and loan files.,0.8125,0.125,0.0,0.0,0.0625,0.0,0.0
Review and update standard operating procedures or quality assurance manuals.,0.3981,0.1204,0.009300000000000001,0.009300000000000001,0.4537,0.009300000000000001,0.0
Review billing for accuracy.,0.44189999999999996,0.25579999999999997,0.0,0.0233,0.1628,0.11630000000000001,0.0
Review books and journal articles for potential publication.,0.2727,0.0182,0.0682,0.0227,0.2227,0.39549999999999996,0.0
"Review catalogs, industry periodicals, directories, trade journals, and Internet sites and consult with other department personnel to locate necessary goods and services.",0.7329000000000001,0.0189,0.0757,0.06860000000000001,0.0922,0.0118,0.0
"Review civil design, engineering, or construction technical documentation to ensure compliance with applicable government or industrial codes, standards, requirements, or regulations.",0.3834,0.083,0.019799999999999998,0.023700000000000002,0.3281,0.16210000000000002,0.0
"Review class material with students by discussing text, working solutions to problems, or reviewing worksheets or other assignments.",0.27140000000000003,0.053099999999999994,0.4857,0.0,0.151,0.0388,0.0
Review clinical or other medical research protocols and recommend appropriate statistical analyses.,0.1333,0.1333,0.0,0.0,0.7333,0.0,0.0
Review collection reports to determine the status of collections and the amounts of outstanding balances.,0.512,0.1257,0.0269,0.018000000000000002,0.3024,0.015,0.0
Review compiled data on operating costs and revenues to set rates.,0.1898,0.08810000000000001,0.1559,0.013600000000000001,0.5051,0.0475,0.0
"Review complaints, petitions, motions, or pleadings that have been filed to determine issues involved or basis for relief.",0.41509999999999997,0.08810000000000001,0.066,0.009399999999999999,0.3522,0.0692,0.0
Review completed construction drawings and cost estimates for accuracy and conformity to standards and regulations.,0.4667,0.0667,0.0667,0.0,0.2667,0.1333,0.0
Review contents of written orders to ensure adherence to legal requirements.,0.4269,0.0556,0.020499999999999997,0.0088,0.2953,0.193,0.0
"Review data about material assets, net worth, liabilities, capital stock, surplus, income, or expenditures.",0.2973,0.1892,0.16219999999999998,0.0,0.2973,0.0541,0.0
"Review design drawings or technical documents for completeness, correctness, or appropriateness.",0.5556,0.0635,0.0317,0.0,0.1429,0.20629999999999998,0.0
Review documents written by others.,0.2021,0.038900000000000004,0.016200000000000003,0.0218,0.21600000000000003,0.5049,0.0
Review electrical engineering plans to ensure adherence to design specifications and compliance with applicable electrical codes and standards.,0.23329999999999998,0.0667,0.0667,0.0,0.16670000000000001,0.4667,0.0
"Review environmental, historical, or technical reports and publications for accuracy.",0.2188,0.0,0.0,0.0313,0.1563,0.5938,0.0
"Review existing or incoming data for currency, accuracy, usefulness, quality, or completeness of documentation.",0.5461,0.0859,0.0197,0.0079,0.18239999999999998,0.158,0.0
"Review existing standards, controls, or equipment used, recommending changes or upgrades as needed.",0.2361,0.0951,0.1311,0.0,0.3475,0.1902,0.0
"Review files, records, and other documents to obtain information to respond to requests.",0.5855,0.0816,0.0839,0.0297,0.1923,0.0269,0.0
"Review final layouts and suggest improvements, as needed.",0.1613,0.0403,0.0968,0.08869999999999999,0.1935,0.4194,0.0
"Review financial statements, sales or activity reports, or other performance data to identify opportunities for cost reductions or service improvements.",0.22,0.3428,0.0796,0.0054,0.3333,0.0189,0.0
"Review financial statements, sales or activity reports, or other performance data to measure productivity or goal achievement or to identify areas needing cost reduction or program improvement.",0.30010000000000003,0.3121,0.0482,0.0026,0.3207,0.0163,0.0
Review forensic analysts' reports for technical merit.,0.1905,0.09519999999999999,0.09519999999999999,0.0,0.09519999999999999,0.5238,0.0
Review illustrative material to determine if it conforms to standards and specifications.,0.4,0.1,0.16,0.08,0.16,0.1,0.0
"Review instructional content, methods, and student evaluations to assess strengths and weaknesses, and to develop recommendations for course revision, development, or elimination.",0.2535,0.0161,0.03,0.0023,0.371,0.3272,0.0
Review inventory and sales records to prepare reports for management and budget departments.,0.5185,0.1852,0.0,0.0,0.2963,0.0,0.0
Review legal publications and perform database searches to identify laws and court decisions relevant to pending cases.,0.4147,0.0922,0.106,0.0138,0.3272,0.0461,0.0
Review manuscripts for professional journals.,0.21789999999999998,0.0128,0.0256,0.0128,0.40380000000000005,0.32689999999999997,0.0
Review manuscripts for publication in books and professional journals.,0.1515,0.0226,0.047599999999999996,0.0101,0.2501,0.5182,0.0
Review manuscripts for publication in professional journals.,0.2193,0.0483,0.018600000000000002,0.0,0.4572,0.2565,0.0
Review operational records and reports to project sales and determine profitability.,0.4019,0.10830000000000001,0.0989,0.0192,0.3442,0.0274,0.0
Review operations and confer with technical or administrative staff to resolve production or processing problems.,0.43479999999999996,0.43479999999999996,0.0,0.0435,0.087,0.0,0.0
"Review or approve designs, calculations, or cost estimates.",0.15789999999999998,0.152,0.0322,0.0088,0.2398,0.4094,0.0
Review or draft risk disclosures for offer documents.,0.2593,0.037000000000000005,0.037000000000000005,0.037000000000000005,0.5926,0.037000000000000005,0.0
"Review or update Web page content or links in a timely manner, using appropriate tools.",0.5333,0.2212,0.0059,0.0070999999999999995,0.231,0.0016,0.0
Review orders to determine product types and quantities required to meet demand.,0.3243,0.08109999999999999,0.0,0.0,0.5946,0.0,0.0
Review papers for colleagues and scientific journals.,0.23870000000000002,0.0168,0.0479,0.0039000000000000003,0.2555,0.43729999999999997,0.0
Review papers for publication in journals.,0.3423,0.0254,0.052300000000000006,0.0016,0.3296,0.2488,0.0
"Review papers or serve on editorial boards for scientific journals, and review grant proposals for federal agencies.",0.4,0.0,0.0,0.0,0.4667,0.1333,0.0
"Review papers or serve on editorial boards for scientific journals, and review grant proposals for various agencies.",0.4524,0.023799999999999998,0.0,0.0,0.4286,0.09519999999999999,0.0
"Review patients' dietary restrictions, food allergies, and preferences to ensure patient receives appropriate diet.",0.1186,0.28809999999999997,0.08470000000000001,0.0,0.4576,0.0508,0.0
Review plans and confer with research or support staff to develop new products or processes.,0.1131,0.2738,0.0536,0.0179,0.494,0.047599999999999996,0.0
"Review procedures, such as distribution or inventory management, to ensure maximum efficiency or minimum cost.",0.9278,0.0167,0.0,0.05,0.005600000000000001,0.0,0.0
"Review processing schedules or production orders to make decisions concerning inventory requirements, staffing requirements, work procedures, or duty assignments, considering budgetary limitations and time constraints.",0.3763,0.1505,0.0108,0.0,0.45159999999999995,0.0108,0.0
Review product designs for manufacturability or completeness.,0.2075,0.0849,0.0943,0.028300000000000002,0.2311,0.3538,0.0
"Review project activities and prepare and review research, testing, or operational reports.",0.5906,0.1024,0.0268,0.009399999999999999,0.2488,0.022000000000000002,0.0
"Review published materials and recommend revisions or changes in scope, format, content, and methods of reproduction and binding.",0.2438,0.0495,0.0177,0.0106,0.4311,0.2473,0.0
Review purchase order claims and contracts for conformance to company policy.,0.4706,0.0588,0.0588,0.0,0.1765,0.2353,0.0
Review quality documentation necessary for regulatory submissions and inspections.,0.3492,0.08779999999999999,0.032400000000000005,0.0076,0.34729999999999994,0.17559999999999998,0.0
"Review records or reports for clarity and completeness and maintain records or reports, as required under federal law.",0.39149999999999996,0.0802,0.004699999999999999,0.0189,0.22640000000000002,0.2783,0.0
"Review records or reports pertaining to activities such as production, payroll, or shipping to verify details, monitor work activities, or evaluate performance.",0.47759999999999997,0.1642,0.0149,0.0,0.23879999999999998,0.1045,0.0
Review rents to ensure that they are in line with rental markets.,0.3529,0.0588,0.0,0.0,0.5882000000000001,0.0,0.0
Review reports of securities transactions or price lists to analyze market conditions.,0.5550999999999999,0.16260000000000002,0.10279999999999999,0.0168,0.1439,0.0187,0.0
Review reports submitted by staff members to recommend approval or to suggest changes.,0.5556,0.1389,0.0278,0.0,0.2778,0.0,0.0
"Review rough sketches, drawings, specifications, and other engineering data to ensure that they conform to design concepts.",0.1368,0.0708,0.0708,0.0118,0.2429,0.467,0.0
Review security assessments for computing environments or check for compliance with cybersecurity standards and regulations.,0.43329999999999996,0.1,0.1333,0.16670000000000001,0.0667,0.1,0.0
Review subject matter of materials to be classified and select classification numbers and headings according to classification systems.,0.8462999999999999,0.0512,0.0,0.0053,0.09539999999999998,0.0018,0.0
Review technical documents to ensure completeness and conformance to requirements.,0.2753,0.0668,0.047,0.0068000000000000005,0.299,0.30519999999999997,0.0
"Review work done by others to check for correct spelling and grammar, ensure that company format policies are followed, and recommend revisions.",0.18420000000000003,0.024300000000000002,0.0105,0.0033,0.2836,0.4941,0.0
Review work plans to schedule activities.,0.379,0.2419,0.004,0.1331,0.2298,0.0121,0.0
"Review work procedures and operational problems to determine ways to improve service, performance, or safety.",0.2086,0.2207,0.12869999999999998,0.0242,0.3615,0.0562,0.0
"Review workflow charts developed by programmer analyst to understand tasks computer will perform, such as updating records.",0.1797,0.0391,0.5703,0.09380000000000001,0.0859,0.0313,0.0
"Review written, audio, or video copy, and correct errors in content, grammar, or punctuation, following prescribed editorial style and formatting guidelines.",0.21530000000000002,0.021400000000000002,0.019299999999999998,0.0046,0.4935,0.2459,0.0
"Review, develop, or prepare maintenance standards.",0.1765,0.0588,0.0,0.0,0.7646999999999999,0.0,0.0
"Revise existing maps and charts, making all necessary corrections and adjustments.",0.1875,0.1875,0.0,0.0625,0.5625,0.0,0.0
"Revise production schedules when required due to design changes, labor or material shortages, backlogs, or other interruptions, collaborating with management, marketing, sales, production, or engineering.",0.4,0.35,0.0,0.0,0.25,0.0,0.0
Revise work to meet editorial approval or to fit time or space requirements.,0.1026,0.015,0.0049,0.0017000000000000001,0.8591,0.0167,0.0
"Revise written material to meet personal standards and to satisfy needs of clients, publishers, directors, or producers.",0.1493,0.0134,0.0075,0.0026,0.7923,0.0349,0.0
"Schedule and confirm appointments for clients, customers, or supervisors.",0.5710000000000001,0.156,0.0374,0.0172,0.209,0.009399999999999999,0.0
Schedule and make appointments.,0.6565000000000001,0.12,0.0541,0.030600000000000002,0.1388,0.0,0.0
Schedule appointments and maintain and update appointment calendars.,0.6456999999999999,0.14859999999999998,0.02,0.025699999999999997,0.15710000000000002,0.0029,0.0
Schedule appointments for patients.,0.6585,0.122,0.048799999999999996,0.048799999999999996,0.122,0.0,0.0
Schedule appointments for sales representatives to meet with prospective customers or for customers to attend sales presentations.,0.4167,0.125,0.0,0.0417,0.4167,0.0,0.0
Schedule appointments with clients.,0.09519999999999999,0.3333,0.0,0.0,0.5714,0.0,0.0
Schedule client appointments.,0.5926,0.11109999999999999,0.0,0.037000000000000005,0.2593,0.0,0.0
Schedule courses.,0.5238,0.09519999999999999,0.0159,0.0159,0.3492,0.0,0.0
Schedule employee work assignments and set work priorities.,0.5,0.0313,0.0,0.0,0.4375,0.0313,0.0
"Schedule events and organize details, including refreshment, entertainment, decorations, and the collection of any fees.",0.4375,0.0,0.0,0.0,0.5625,0.0,0.0
Schedule medical appointments for patients.,0.4783,0.1739,0.087,0.0435,0.21739999999999998,0.0,0.0
Schedule space or equipment for special programs and prepare lists of participants.,0.4286,0.047599999999999996,0.047599999999999996,0.1905,0.2857,0.0,0.0
"Schedule special events, such as camps, conferences, meetings, seminars, or retreats.",0.2966,0.0932,0.0085,0.0339,0.5678,0.0,0.0
Schedule staff hours and assign duties.,0.125,0.0625,0.0,0.0,0.8125,0.0,0.0
"Schedule use of facilities or catering services for events such as banquets or receptions, and negotiate details of arrangements with clients.",0.5854,0.0732,0.0,0.0732,0.2683,0.0,0.0
"Script, plan, and create animated narrative sequences under tight deadlines, using computer software and hand drawing techniques.",0.2418,0.17579999999999998,0.022000000000000002,0.022000000000000002,0.5275,0.011000000000000001,0.0
"Search electronic sources, such as databases or repositories, or manual sources for information.",0.5724,0.0717,0.1754,0.0409,0.1272,0.0124,0.0
"Search files and contact witnesses, attorneys, or litigants to obtain information for the court.",0.4839,0.0645,0.0,0.0323,0.4194,0.0,0.0
"Search for specific sets of stored, typed characters to make changes.",0.42229999999999995,0.2522,0.0264,0.0059,0.2727,0.020499999999999997,0.0
"Search standard reference materials, including online sources and the Internet, to answer patrons' reference questions.",0.4224,0.0711,0.2734,0.0285,0.1887,0.0158,0.0
Season and cook food according to recipes or personal judgment and experience.,0.7254,0.0775,0.0704,0.0,0.1197,0.006999999999999999,0.0
Seek new ways to improve efficiency and increase profits.,0.4542,0.07690000000000001,0.1026,0.022000000000000002,0.3223,0.022000000000000002,0.0
Seek out new clients and develop clientele by networking to find new customers and generate lists of prospective clients.,0.44439999999999996,0.22219999999999998,0.11109999999999999,0.0556,0.16670000000000001,0.0,0.0
Select and combine the most effective shots of each scene to form a logical and smoothly running story.,0.1993,0.1957,0.0109,0.0,0.5688,0.0254,0.0
"Select and edit documents for publication and display, applying knowledge of subject, literary expression, and presentation techniques.",0.48619999999999997,0.0529,0.009300000000000001,0.014499999999999999,0.42619999999999997,0.0109,0.0
Select appropriate curricula or class structures for educational programs.,0.245,0.0378,0.0414,0.009000000000000001,0.6505,0.016200000000000003,0.0
"Select appropriate tools, safety equipment, and parts, according to job requirements.",0.43479999999999996,0.2609,0.087,0.0,0.21739999999999998,0.0,0.0
Select cartographic elements needed for effective presentation of information.,0.434,0.0189,0.056600000000000004,0.0,0.45280000000000004,0.0377,0.0
"Select electronics equipment, components, or systems to meet functional specifications.",0.15869999999999998,0.254,0.1746,0.0,0.3968,0.0159,0.0
"Select local, state, national, and international news items received from wire services, based on assessment of items' significance and interest value.",0.5152,0.0909,0.0,0.0,0.39390000000000003,0.0,0.0
"Select material most pertinent to presentation, and organize this material into appropriate formats.",0.3481,0.037000000000000005,0.0253,0.0092,0.5658,0.0146,0.0
"Select or assist customers in selecting products based on customer needs, product specifications, and applicable regulations.",0.145,0.2409,0.1186,0.0042,0.4596,0.0318,0.0
"Select photographs, drawings, sketches, diagrams, and charts to illustrate material.",0.25,0.1493,0.0069,0.0034999999999999996,0.5832999999999999,0.0069,0.0
"Select program content, in conjunction with producers and assistants, based on factors such as program specialties, audience tastes, or requests from the public.",0.29410000000000003,0.1765,0.0,0.1176,0.4118,0.0,0.0
"Select programming languages, design tools, or applications.",0.2585,0.1837,0.1497,0.027200000000000002,0.3741,0.0068000000000000005,0.0
"Select substitute titles when requested materials are unavailable, following criteria such as age, education, and interests.",0.4667,0.0667,0.0667,0.0333,0.3333,0.0333,0.0
"Separate materials or products according to size, weight, type, condition, color, or shade.",0.7676000000000001,0.0634,0.0,0.021099999999999997,0.1479,0.0,0.0
"Set educational standards and goals, and help establish policies and procedures to carry them out.",0.40909999999999996,0.0,0.0455,0.0,0.5455,0.0,0.0
Set goals and deadlines for the department.,0.2353,0.0294,0.0,0.0294,0.7059000000000001,0.0,0.0
"Set specifications for materials, dimensions, and finishes.",0.2514,0.0765,0.0874,0.0,0.5738,0.0109,0.0
"Set up and maintain medical files and databases, including records such as x-ray, lab, and procedure reports, medical histories, diagnostic workups, admission and discharge summaries, and clinical resumes.",0.47369999999999995,0.15789999999999998,0.0,0.0,0.36840000000000006,0.0,0.0
"Set up and operate computer editing systems, electronic titling systems, video switching equipment, and digital video effects units to produce a final product.",0.5556,0.0889,0.0444,0.0,0.3111,0.0,0.0
Set up employee work schedules.,0.42,0.0,0.0,0.0,0.58,0.0,0.0
"Share information about religious issues by writing articles, giving speeches, or teaching.",0.44,0.004,0.207,0.005,0.33299999999999996,0.011000000000000001,0.0
"Sketch rough and detailed drawings of apparel or accessories, and write specifications such as color schemes, construction, material types, and accessory requirements.",0.39289999999999997,0.047599999999999996,0.0,0.0,0.5595,0.0,0.0
Solicit sales of new or additional services or products.,0.3182,0.0909,0.0,0.0455,0.5455,0.0,0.0
"Solicit, obtain, and integrate feedback from design and technical staff into original game design.",0.0556,0.16670000000000001,0.0,0.0,0.7778,0.0,0.0
"Sort and file correspondence and perform miscellaneous clerical duties, such as answering correspondence and writing reports.",0.8889,0.0741,0.0,0.0,0.037000000000000005,0.0,0.0
Sort cargo before loading and unloading.,0.9309999999999999,0.0345,0.0,0.0,0.0345,0.0,0.0
"Sort or classify information according to guidelines, such as content, purpose, user criteria, or chronological, alphabetical, or numerical order.",0.6417,0.0576,0.0060999999999999995,0.0054,0.2861,0.0031,0.0
"Sort products or materials into predetermined sequences or groupings for display, packing, shipping, or storage.",0.7143,0.0429,0.0143,0.0143,0.2143,0.0,0.0
"Sort, assemble, and proof completed work.",0.6371,0.0242,0.008100000000000001,0.0161,0.2984,0.0161,0.0
Speak foreign languages to communicate with foreign visitors.,0.1346,0.0096,0.1635,0.6346,0.057699999999999994,0.0,0.0
"Specialize in a particular type of treatment, such as dentistry, pathology, nutrition, surgery, microbiology, or internal medicine.",0.6,0.0,0.3333,0.0,0.0667,0.0,0.0
"Specialize in an area of history or technology, researching topics or items relevant to collections to determine what should be retained or acquired.",0.16,0.0,0.72,0.0,0.04,0.08,0.0
Specify manipulative or computational methods to be applied to models.,0.25370000000000004,0.1805,0.1805,0.0049,0.322,0.058499999999999996,0.0
"Specify power supply requirements and configuration, drawing on system performance expectations and design specifications.",0.22579999999999997,0.22579999999999997,0.129,0.0,0.4194,0.0,0.0
Store completed documents in appropriate locations.,0.7646999999999999,0.1765,0.0,0.0588,0.0,0.0,0.0
"Store, retrieve, and manipulate data for analysis of system capabilities and requirements.",0.4413,0.15789999999999998,0.1093,0.028300000000000002,0.2429,0.0202,0.0
"Study Constitution, statutes, decisions, regulations, and ordinances of quasi-judicial bodies to determine ramifications for cases.",0.29710000000000003,0.025099999999999997,0.205,0.0084,0.4226,0.0418,0.0
Study and analyze information about alternative courses of action to determine which plan will offer the best outcomes.,0.2006,0.1333,0.1578,0.0059,0.43079999999999996,0.0716,0.0
"Study and interpret religious laws, doctrines, or traditions.",0.2327,0.020099999999999996,0.5966,0.0301,0.10099999999999999,0.0195,0.0
Study archival collections of primary historical sources to help explain the origins and development of cultural patterns.,0.39390000000000003,0.060599999999999994,0.303,0.0,0.1515,0.0909,0.0
"Study basic principles of plant and animal life, such as origin, relationship, development, anatomy, and function.",0.0965,0.0044,0.8245999999999999,0.0175,0.0482,0.0088,0.0
"Study diagnostic records, such as medical or dental histories, plaster models of the teeth, photos of a patient's face and teeth, and X-rays, to develop patient treatment plans.",0.2,0.05,0.55,0.0,0.15,0.05,0.0
"Study drawings, specifications, mockups, and product samples to integrate and delineate technology, operating procedure, and production sequence and detail.",0.4561,0.12279999999999999,0.0877,0.0526,0.2807,0.0,0.0
"Study illustrations and photographs to plan presentation of materials, products, or services.",0.4892,0.0484,0.0806,0.0108,0.34950000000000003,0.0215,0.0
Study scripts to become familiar with production concepts and requirements.,0.6667000000000001,0.0,0.0556,0.11109999999999999,0.16670000000000001,0.0,0.0
"Study the chemistry of living processes, such as cell development, breathing and digestion, or living energy changes, such as growth, aging, or death.",0.11109999999999999,0.0,0.8889,0.0,0.0,0.0,0.0
"Study the objectives, promotional policies, or needs of organizations to develop public relations strategies that will influence public opinion or promote ideas, products, or services.",0.2386,0.1257,0.06570000000000001,0.0166,0.5228,0.030600000000000002,0.0
"Study the structure and function of human, animal, and plant tissues, cells, pathogens, and toxins.",0.22219999999999998,0.0556,0.6111,0.0,0.0556,0.0556,0.0
Submit daily reports on facility operations.,0.871,0.0645,0.0,0.0,0.0645,0.0,0.0
"Submit preliminary or finished artwork or project plans to clients for approval, incorporating changes as necessary.",0.22219999999999998,0.0556,0.0,0.0,0.7222,0.0,0.0
"Submit project deliverables to clients, ensuring adherence to quality standards.",0.5135000000000001,0.0,0.0541,0.0,0.4189,0.013500000000000002,0.0
Suggest best methods of packaging or labeling products.,0.1788,0.1173,0.1564,0.005600000000000001,0.5307,0.011200000000000002,0.0
Suggest specific product purchases to meet customers' needs.,0.2359,0.19260000000000002,0.1282,0.0077,0.4167,0.0189,0.0
Suggest treatments to alleviate hair problems.,0.2593,0.1358,0.284,0.0123,0.2346,0.0741,0.0
"Supply guests or travelers with directions, travel information, and other information, such as available services and points of interest.",0.5966,0.1586,0.0379,0.0172,0.18969999999999998,0.0,0.0
"Supply the latest price quotes on any security, as well as information on the activities or financial positions of the corporations issuing these securities.",0.3333,0.1429,0.4286,0.0,0.047599999999999996,0.047599999999999996,0.0
"Support children's emotional and social development, encouraging understanding of others and positive self-concepts.",0.2444,0.0741,0.20739999999999997,0.2148,0.1481,0.11109999999999999,0.0
Support the development of training materials and technical manuals.,0.3521,0.0892,0.06570000000000001,0.018799999999999997,0.46009999999999995,0.0141,0.0
Synthesize current business intelligence or trend data to support recommendations for action.,0.33130000000000004,0.1638,0.1107,0.0078000000000000005,0.3489,0.037599999999999995,0.0
"Talk to children's parents or guardians about problematic behaviors, emotional or developmental problems, or related issues.",0.1884,0.2918,0.3617,0.045599999999999995,0.076,0.0365,0.0
"Talk to coworkers using electronic devices, such as computers and radios.",0.5897,0.0385,0.0,0.2051,0.15380000000000002,0.0128,0.0
Talk to customers to convey information about events or activities.,0.5217,0.1739,0.0435,0.0,0.2609,0.0,0.0
"Talk with clients during art or other therapy sessions to build rapport, acknowledge their progress, or reflect upon their reactions to the artistic process.",0.2778,0.0556,0.0,0.5556,0.11109999999999999,0.0,0.0
"Teach a variety of subjects, such as English, mathematics, and social studies.",0.3636,0.0101,0.4949,0.0,0.11109999999999999,0.0202,0.0
Teach artistic techniques to children or adults.,0.1183,0.129,0.6344,0.0,0.1183,0.0,0.0
Teach classes or courses to students.,0.18030000000000002,0.0215,0.718,0.0063,0.0636,0.0104,0.0
"Teach courses or seminars on topics, such as budgeting, management of personal finances, or financial literacy.",0.1418,0.0075,0.8059999999999999,0.0075,0.0373,0.0,0.0
Teach courses within their department.,0.47369999999999995,0.0,0.36840000000000006,0.10529999999999999,0.0526,0.0,0.0
Teach in colleges and universities.,0.375,0.0,0.5,0.0,0.125,0.0,0.0
"Teach individual and team sports to participants through instruction and demonstration, using knowledge of sports techniques and of participants' physical capabilities.",0.3378,0.1149,0.4189,0.0,0.1149,0.013500000000000002,0.0
Teach instructional courses and advise students.,0.1096,0.3014,0.2192,0.0137,0.2877,0.06849999999999999,0.0
Teach instructors to use instructional technology or to integrate technology with teaching.,0.0,0.6,0.3333,0.0667,0.0,0.0,0.0
"Teach library patrons basic computer skills, such as searching computerized databases.",0.11109999999999999,0.3333,0.47619999999999996,0.023799999999999998,0.0556,0.0,0.0
Teach patient education programs that include information required to make informed health care and treatment decisions.,0.4412,0.0,0.4412,0.0147,0.10289999999999999,0.0,0.0
Teach residents or medical students about pediatric topics.,0.3889,0.0,0.43329999999999996,0.0,0.16670000000000001,0.0111,0.0
"Teach students study skills, note-taking skills, and test-taking strategies.",0.2078,0.0779,0.4571,0.0052,0.2208,0.031200000000000002,0.0
Teach undergraduate-level courses.,0.1235,0.0070999999999999995,0.8195,0.0024,0.030899999999999997,0.0166,0.0
Teach writing or communication classes.,0.1889,0.0167,0.5389,0.0,0.21109999999999998,0.0444,0.0
Telephone or write letters to respond to correspondence from customers or to follow up initial sales contacts.,0.5021,0.1073,0.0043,0.0172,0.3691,0.0,0.0
"Tell jokes, perform comic dances, songs and skits, impersonate mannerisms and voices of others, contort face, and use other devices to amuse audiences.",0.405,0.09,0.015,0.26,0.225,0.005,0.0
Test changes to database applications or systems.,0.3333,0.5556,0.0,0.11109999999999999,0.0,0.0,0.0
"Test issues such as system integration, performance, and system security on a regular schedule or after any major program modifications.",0.8772,0.0702,0.0,0.0351,0.0,0.0175,0.0
Test new or updated software or tools and provide feedback to developers.,0.23079999999999998,0.5275,0.0,0.022000000000000002,0.20879999999999999,0.011000000000000001,0.0
Test software systems or applications for software enhancements or new products.,0.5233,0.35840000000000005,0.0036,0.025099999999999997,0.0681,0.0215,0.0
Test system modifications to prepare for implementation.,0.4714,0.5,0.0,0.0,0.0143,0.0143,0.0
"Test, maintain, and monitor computer programs and systems, including coordinating the installation of computer programs and systems.",0.5946,0.3378,0.013500000000000002,0.027000000000000003,0.027000000000000003,0.0,0.0
"Test, validate, and reformulate models to ensure accurate prediction of outcomes of interest.",0.125,0.3214,0.0689,0.0051,0.4388,0.0408,0.0
"Trace historical development in a particular field, such as social, cultural, political, or diplomatic history.",0.1637,0.0111,0.6709999999999999,0.0197,0.10800000000000001,0.026600000000000002,0.0
"Track and analyze factors that affect price movement, such as trade policies, weather conditions, political developments, or supply and demand changes.",0.3667,0.1883,0.2597,0.005699999999999999,0.1374,0.0421,0.0
Track delivery progress of shipments.,0.7742,0.1613,0.0,0.0323,0.0323,0.0,0.0
"Track, compile, and analyze Web site usage data.",0.4747,0.2323,0.0556,0.0202,0.19190000000000002,0.0253,0.0
Train faculty and media staff on the use of software and audio-visual equipment.,0.122,0.561,0.2439,0.0,0.0732,0.0,0.0
Train people in computer system use.,0.059000000000000004,0.5186,0.3556,0.009300000000000001,0.0528,0.004699999999999999,0.0
Train staff and users to work with computer systems and programs.,0.0178,0.5976,0.33140000000000003,0.0059,0.0414,0.0059,0.0
Train staff on technical procedures or software program usage.,0.0872,0.4698,0.3691,0.0,0.06709999999999999,0.0067,0.0
"Train staff on, and oversee the use of, information security standards, policies, and best practices.",0.129,0.2903,0.4355,0.0,0.1452,0.0,0.0
Train subordinates in programming and program coding.,0.07690000000000001,0.3077,0.34619999999999995,0.0,0.1346,0.1346,0.0
Train users and answer questions.,0.08,0.3619,0.4575,0.0049,0.0681,0.0275,0.0
Train users in procedures related to network applications software or related systems.,0.2432,0.4595,0.1892,0.027000000000000003,0.08109999999999999,0.0,0.0
"Transcribe data to worksheets, and enter data into computer for use in preparing documents and adjusting accounts.",0.5997,0.0747,0.0067,0.0053,0.3115,0.002,0.0
"Transcribe ideas for musical compositions into musical notation, using instruments, pen and paper, or computers.",0.3103,0.10339999999999999,0.0345,0.0345,0.5172,0.0,0.0
"Transcribe musical compositions and melodic lines to adapt them to a particular group, or to create a particular musical style.",0.2778,0.11109999999999999,0.0,0.0,0.6111,0.0,0.0
Transcribe recorded messages or practitioners' diagnoses or recommendations into patients' medical records.,0.8649,0.009000000000000001,0.0,0.06309999999999999,0.06309999999999999,0.0,0.0
Transfer details from separate journals to general ledgers or data processing sheets.,0.7726999999999999,0.0833,0.0038,0.0152,0.125,0.0,0.0
"Transfer photographs to computers for editing, archiving, and electronic transmission.",0.7548,0.0579,0.0028000000000000004,0.019299999999999998,0.1625,0.0028000000000000004,0.0
"Translate messages simultaneously or consecutively into specified languages, orally or by using hand signs, maintaining message content, context, and style as much as possible.",0.5529,0.0416,0.1369,0.0184,0.2343,0.016,0.0
Translate or request translation of reference materials.,0.5291,0.023399999999999997,0.19829999999999998,0.0171,0.21600000000000003,0.016,0.0
"Transmit correspondence or medical records by mail, e-mail, or fax.",0.8,0.05,0.0,0.1,0.05,0.0,0.0
"Transmit information or documents to customers, using computer, mail, or facsimile machine.",0.877,0.0833,0.0,0.0159,0.023799999999999998,0.0,0.0
Transmit work electronically to other locations.,0.8214,0.1429,0.0,0.0,0.035699999999999996,0.0,0.0
Trim film segments to specified lengths and reassemble segments in sequences that present stories with maximum effect.,0.4545,0.1273,0.0,0.0,0.4182,0.0,0.0
"Troubleshoot equipment, electrical components, hydraulics, or other mechanical systems.",0.1104,0.7340000000000001,0.1104,0.01,0.0258,0.009399999999999999,0.0
"Troubleshoot fuel, ignition, and emissions control systems, using electronic testing equipment.",0.11220000000000001,0.7347,0.11220000000000001,0.0,0.030600000000000002,0.0102,0.0
Troubleshoot network or connectivity problems for users or user groups.,0.13849999999999998,0.7864,0.038900000000000004,0.01,0.024399999999999998,0.0018,0.0
"Troubleshoot new or existing product problems involving designs, materials, or processes.",0.1862,0.4731,0.1821,0.0141,0.08900000000000001,0.0556,0.0
Troubleshoot problems with audio-visual equipment.,0.16649999999999998,0.6897,0.0666,0.0333,0.0333,0.010700000000000001,0.0
Troubleshoot program and system malfunctions to restore normal functioning.,0.0977,0.8029999999999999,0.0216,0.0042,0.06709999999999999,0.006500000000000001,0.0
"Troubleshoot robotic systems, using knowledge of microprocessors, programmable controllers, electronics, circuit analysis, mechanics, sensor or feedback systems, hydraulics, or pneumatics.",0.15789999999999998,0.4211,0.0526,0.0,0.31579999999999997,0.0526,0.0
Troubleshoot security and network problems.,0.0536,0.8356999999999999,0.0571,0.0070999999999999995,0.035699999999999996,0.010700000000000001,0.0
Tutor and assist children individually or in small groups to help them master assignments and to reinforce learning concepts presented by teachers.,0.5361,0.0361,0.13699999999999998,0.0072,0.24280000000000002,0.0409,0.0
Tutor or assist students individually or in small groups.,0.1898,0.0683,0.5291,0.0060999999999999995,0.1292,0.0774,0.0
Tutor or mentor students who need additional instruction.,0.1255,0.0755,0.6102000000000001,0.006999999999999999,0.09939999999999999,0.0825,0.0
Type acknowledgment letters to persons sending correspondence.,0.5661999999999999,0.0432,0.011200000000000002,0.0084,0.3529,0.0181,0.0
"Type correspondence, reports, text and other written material from rough drafts, corrected copies, voice recordings, dictation, or previous versions, using a computer, word processor, or typewriter.",0.745,0.0199,0.008,0.004,0.2191,0.004,0.0
"Type, format, proofread, and edit correspondence and other documents, from notes or dictating machines, using computers or typewriters.",0.3714,0.0,0.0,0.0286,0.5143,0.0857,0.0
"Update and maintain customer information records, such as beauty services provided.",0.7222,0.11109999999999999,0.0,0.0556,0.11109999999999999,0.0,0.0
Update directory information.,0.46149999999999997,0.2692,0.0,0.0,0.2692,0.0,0.0
Update knowledge and skills to keep up with rapid advancements in computer technology.,0.3333,0.1333,0.4667,0.0,0.0667,0.0,0.0
Upload digital images onto Web sites for customers.,0.5,0.3857,0.0,0.0,0.1143,0.0,0.0
"Upload digital media, such as photos, video, or scanned images to online storefront, auction sites, or other shopping Web sites.",0.5,0.3049,0.0,0.0,0.18289999999999998,0.012199999999999999,0.0
Use computer software to generate new images.,0.5501,0.0699,0.039599999999999996,0.013999999999999999,0.32630000000000003,0.0,0.0
"Use computers for various applications, such as database management or word processing.",0.6359,0.2618,0.02,0.0274,0.054900000000000004,0.0,0.0
"Use computers, audio-visual aids, and other equipment and materials to supplement presentations.",0.4375,0.0,0.0625,0.0,0.5,0.0,0.0
"Use computers, computer-interfaced equipment, robotics or high-technology industrial applications to perform work duties.",0.6574,0.2905,0.009300000000000001,0.005600000000000001,0.037200000000000004,0.0,0.0
Use informatics science to design or implement health information technology applications for resolution of clinical or health care administrative problems.,0.1957,0.1957,0.10869999999999999,0.0652,0.43479999999999996,0.0,0.0
"Use nondisciplinary tools and equipment, such as a computer.",0.8158,0.1242,0.0049,0.0362,0.0177,0.0012,0.0
"Use object-oriented programming languages, as well as client and server applications development processes and multimedia and Internet technology.",0.4105,0.2601,0.031200000000000002,0.0028000000000000004,0.2933,0.0021,0.0
"Use sales forecasting or strategic planning to ensure the sale and profitability of products, lines, or services, analyzing business developments and monitoring market trends.",0.32909999999999995,0.0633,0.0633,0.0,0.5127,0.0316,0.0
Use telephone to deliver verbal messages.,0.6593000000000001,0.0165,0.0,0.3132,0.011000000000000001,0.0,0.0
"Use the computer in the analysis and solution of business problems, such as development of integrated production and inventory control and cost analysis systems.",0.19940000000000002,0.304,0.1133,0.0184,0.3582,0.0068000000000000005,0.0
Vary language and tone of messages based on product and medium.,0.29,0.024399999999999998,0.0040999999999999995,0.003,0.6731,0.0055000000000000005,0.0
Verify accuracy of billing data and revise any errors.,0.3333,0.2698,0.0,0.0317,0.22219999999999998,0.1429,0.0
Verify accuracy of materials lists.,0.3636,0.1818,0.0182,0.0182,0.2364,0.1818,0.0
"Verify accuracy of reports, such as authorization forms, transaction reconciliations, or exchange summary reports.",0.33899999999999997,0.25420000000000004,0.0169,0.0085,0.322,0.0593,0.0
Verify accuracy of transcripts by checking copies against original records of proceedings and accuracy of rulings by checking with judges.,0.2,0.04,0.0,0.04,0.28,0.44,0.0
"Verify adherence of documentation to customs, insurance, or regulatory requirements.",0.21559999999999999,0.1497,0.0599,0.012,0.3114,0.2515,0.0
"Verify facts, dates, and statistics, using standard reference sources.",0.2807,0.0527,0.018799999999999997,0.010700000000000001,0.2938,0.3435,0.0
Verify key numbers and time codes on materials.,0.3515,0.0667,0.030299999999999997,0.0242,0.2606,0.2667,0.0
Verify regulatory compliance of transaction reporting.,0.4328,0.1642,0.0,0.0,0.19399999999999998,0.209,0.0
Verify scoring calculations before competition winners are announced.,0.2727,0.1313,0.0,0.0101,0.3232,0.2626,0.0
Verify that software technology is in place to adequately provide oversight and monitoring in all required areas.,0.1515,0.6364,0.030299999999999997,0.0,0.1515,0.030299999999999997,0.0
"Verify the accuracy and validity of data entered in databases, correcting any errors.",0.4242,0.2006,0.0072,0.0086,0.2712,0.08810000000000001,0.0
"Verify the accuracy of survey data, including measurements and calculations conducted at survey sites.",0.5075999999999999,0.0227,0.060599999999999994,0.0,0.1591,0.25,0.0
"Verify the authenticity of documents, such as foreign identification or immigration documents.",0.3636,0.1364,0.0909,0.0,0.0455,0.3636,0.0
Verify the mathematical correctness of newly collected survey data.,0.6021,0.0301,0.022799999999999997,0.0049,0.17329999999999998,0.1668,0.0
"Verify the structure, accuracy, or quality of warehouse data.",0.3529,0.27449999999999997,0.0588,0.0,0.27449999999999997,0.0392,0.0
"Visualize and compute dimensions, sizes, shapes, and tolerances of assemblies, based on specifications.",0.2727,0.12119999999999999,0.0,0.030299999999999997,0.5758,0.0,0.0
Visually inspect equipment to detect surface defects.,0.2667,0.3333,0.0667,0.0667,0.0667,0.2,0.0
Weigh or measure ingredients.,0.6296,0.037000000000000005,0.037000000000000005,0.037000000000000005,0.2593,0.0,0.0
"Weigh or measure materials, equipment, or products to maintain relevant records, using volume meters, scales, rules, or calipers.",0.6333,0.0,0.0333,0.0333,0.2667,0.0333,0.0
Work with clients to identify their financial goals and to find ways of reaching those goals.,0.21600000000000003,0.1351,0.0819,0.008199999999999999,0.5455,0.013300000000000001,0.0
"Work with staff to develop script, story, or advertising concepts.",0.035699999999999996,0.035699999999999996,0.0,0.2143,0.6786,0.035699999999999996,0.0
"Work with technical material, preparing statistical reports, planning and typing statistical tables, and combining and rearranging material from different sources.",0.39280000000000004,0.076,0.0213,0.002,0.4984,0.0095,0.0
Write about and present research findings for a variety of specialized and general audiences.,0.3333,0.0,0.0,0.0,0.6667000000000001,0.0,0.0
"Write advertising material for use by publication, broadcast, or internet media to promote the sale of goods and services.",0.3685,0.035,0.005600000000000001,0.0049,0.5836,0.0024,0.0
"Write and code logical and physical database descriptions and specify identifiers of database to management system, or direct others in coding descriptions.",0.2893,0.3565,0.0611,0.0023,0.271,0.019799999999999998,0.0
"Write and code logical and physical database descriptions, and specify identifiers of database to management system or direct others in coding descriptions.",0.27899999999999997,0.3232,0.0691,0.0055000000000000005,0.3094,0.0138,0.0
Write and edit news stories from information collected by reporters and other sources.,0.4217,0.0241,0.012,0.006,0.5301,0.006,0.0
Write and edit video and scripts for broadcasts.,0.36210000000000003,0.026000000000000002,0.0092,0.0036,0.5951,0.004,0.0
"Write and execute scripts to automate tasks, such as parsing large data files.",0.41350000000000003,0.3395,0.0232,0.0068000000000000005,0.2148,0.0022,0.0
"Write and review grant proposals, journal articles, institutional reports, and publicity materials.",0.2243,0.02,0.0189,0.0040999999999999995,0.7093,0.023399999999999997,0.0
"Write and review product specifications, maintaining a working technical knowledge of the goods or services to be purchased.",0.377,0.08199999999999999,0.0492,0.0,0.4918,0.0,0.0
Write and revise safety regulations and codes.,0.42219999999999996,0.0667,0.0,0.0,0.5111,0.0,0.0
Write and submit proposals to bid on contracts for projects.,0.25,0.01,0.01,0.0,0.73,0.0,0.0
Write applications for research grants.,0.22219999999999998,0.0556,0.0,0.0,0.6667000000000001,0.0556,0.0
Write articles and books.,0.4436,0.023799999999999998,0.010700000000000001,0.0053,0.5093,0.0073,0.0
Write articles for publication in professional journals.,0.36729999999999996,0.0275,0.013300000000000001,0.0031,0.5777,0.011000000000000001,0.0
"Write articles, bulletins, sales letters, speeches, and other related informative, marketing and promotional material.",0.39280000000000004,0.0403,0.0079,0.0075,0.5475,0.0040999999999999995,0.0
"Write articles, manuals, and other publications, and assist in the distribution of promotional literature about facilities and programs.",0.27940000000000004,0.0,0.0147,0.0294,0.6765000000000001,0.0,0.0
"Write articles, white papers, or reports to share research findings and educate others.",0.3784,0.0541,0.08109999999999999,0.0,0.4865,0.0,0.0
"Write columns, editorials, commentaries, or reviews that interpret events or offer opinions.",0.3893,0.0148,0.0322,0.004,0.5409,0.018799999999999997,0.0
"Write commentaries, columns, or scripts, using computers.",0.3347,0.0213,0.018799999999999997,0.0034999999999999996,0.6159,0.0059,0.0
Write computer programs or scripts to be used in querying databases.,0.24050000000000002,0.4508,0.0265,0.0028000000000000004,0.2756,0.0038,0.0
Write copy as part of layout.,0.1932,0.0741,0.0095,0.0063,0.7068000000000001,0.0101,0.0
"Write cyber defense recommendations, reports, or white papers using research or experience.",0.3492,0.0635,0.047599999999999996,0.0,0.5238,0.0159,0.0
Write decisions on cases.,0.6842,0.0,0.0,0.0,0.31579999999999997,0.0,0.0
Write descriptions of the property being appraised.,0.386,0.0526,0.0,0.0,0.5614,0.0,0.0
Write detailed analysis plans and descriptions of analyses and findings for research protocols or reports.,0.3801,0.027000000000000003,0.0216,0.008100000000000001,0.5445,0.0189,0.0
"Write documents describing protocols, policies, standards for use, maintenance, and repair of medical equipment.",0.4118,0.0,0.0588,0.0588,0.4706,0.0,0.0
"Write drafts of legislative proposals, and prepare speeches, correspondence, and policy papers for governmental use.",0.3636,0.0455,0.0152,0.0,0.5455,0.030299999999999997,0.0
"Write fiction or nonfiction prose, such as short stories, novels, biographies, articles, descriptive or critical analyses, and essays.",0.3332,0.0342,0.0106,0.0111,0.6034,0.0075,0.0
"Write for technical magazines, journals, and trade association publications.",0.43689999999999996,0.0,0.0,0.0097,0.5534,0.0,0.0
Write grant applications to obtain funding.,0.2742,0.0323,0.0161,0.0161,0.6613,0.0,0.0
Write grant proposals to obtain funding for research.,0.1489,0.0,0.0213,0.0213,0.8085,0.0,0.0
Write grant proposals to procure external research funding.,0.10710000000000001,0.035699999999999996,0.07139999999999999,0.0,0.7857,0.0,0.0
Write grants and papers or attend fundraising events to seek research funds.,0.2255,0.0425,0.0196,0.006500000000000001,0.6928,0.0131,0.0
"Write humorous material for publication, or for performances such as comedy routines, gags, and comedy shows.",0.3711,0.0146,0.005600000000000001,0.0084,0.5948,0.005600000000000001,0.0
Write information in medical records or provide narrative summaries to communicate patient information to other health care providers.,0.43939999999999996,0.096,0.060599999999999994,0.0051,0.39390000000000003,0.0051,0.0
Write instructional articles on designated subjects.,0.5481,0.0203,0.0349,0.0036,0.38630000000000003,0.0068000000000000005,0.0
"Write materials for research publications, such as maps, tables, and reports, to disseminate findings.",0.32780000000000004,0.0354,0.0118,0.0024,0.5943,0.028300000000000002,0.0
"Write narrative, dramatic, lyric, or other types of poetry for publication.",0.3739,0.0097,0.0161,0.0241,0.5688,0.0075,0.0
Write new functions or applications in programming languages to conduct analyses.,0.33270000000000005,0.2477,0.06860000000000001,0.0053,0.33740000000000003,0.0083,0.0
"Write new programs or modify existing programs to meet customer requirements, using current programming languages and technologies.",0.34130000000000005,0.2675,0.0181,0.006500000000000001,0.3636,0.003,0.0
Write new scripts for broadcasts.,0.3468,0.0329,0.0113,0.0019,0.6043,0.0028000000000000004,0.0
"Write online blog entries that address news developments or offer additional information, opinions, or commentary on news events.",0.4458,0.0608,0.009300000000000001,0.0013,0.4788,0.004,0.0
Write or contribute to instructions or manuals to guide end users.,0.5646,0.0787,0.0253,0.0169,0.3118,0.0028000000000000004,0.0
Write or edit copy for clients.,0.243,0.029900000000000003,0.0092,0.0051,0.6949,0.0179,0.0
"Write or update standard operating procedures, work instructions, or policies.",0.3906,0.0625,0.0,0.0,0.5468999999999999,0.0,0.0
Write original literary pieces.,0.335,0.0215,0.022000000000000002,0.0077,0.6037,0.0102,0.0
"Write original or adapted material for dramas, comedies, puppet shows, narration, or other performances.",0.28559999999999997,0.1533,0.0067,0.0063,0.5446,0.0036,0.0
Write patient discharge summaries and send them to primary care physicians.,0.5333,0.0,0.0667,0.0,0.4,0.0,0.0
Write performance requirements for product development or engineering projects.,0.3908,0.1121,0.0172,0.0086,0.47130000000000005,0.0,0.0
Write photograph captions.,0.315,0.0475,0.0108,0.0032,0.6117,0.011899999999999999,0.0
Write press releases or other media communications to promote clients.,0.3003,0.0239,0.0068000000000000005,0.0068000000000000005,0.6620999999999999,0.0,0.0
Write program code to analyze data with statistical analysis software.,0.2078,0.34490000000000004,0.0629,0.0040999999999999995,0.3664,0.0138,0.0
Write proposals to secure external funding or to partner with other companies.,0.35969999999999996,0.0288,0.0,0.0,0.6043,0.0072,0.0
"Write reports of findings and recommendations and advise farmers, growers, or processors of corrective action to be taken.",0.2843,0.25489999999999996,0.2402,0.0049,0.2059,0.0098,0.0
"Write reports or complete forms to document assessments, training, progress, or follow-up outcomes.",0.449,0.0204,0.0204,0.0,0.5102,0.0,0.0
Write reports or notes to summarize testing procedures or outcomes for physicians or other medical professionals.,0.4182,0.0364,0.1091,0.0182,0.4182,0.0,0.0
Write reports or proposals related to photonics research or development projects.,0.3636,0.0455,0.0909,0.0,0.5,0.0,0.0
Write reports regarding investigations of information security breaches or network evaluations.,0.21050000000000002,0.36840000000000006,0.0,0.0,0.4211,0.0,0.0
"Write reports to summarize student performance, social growth, or physical development.",0.3467,0.0311,0.0044,0.0,0.6133,0.0044,0.0
"Write reports, sign affidavits, or give depositions for legal proceedings.",0.3182,0.0455,0.0,0.0,0.6364,0.0,0.0
Write reports.,0.4354,0.0277,0.015600000000000001,0.0034000000000000002,0.4815,0.0364,0.0
Write research papers for publication in scientific journals.,0.3577,0.0455,0.0241,0.0027,0.5623,0.0077,0.0
Write research proposals or grant applications for submission to external bodies.,0.2414,0.0345,0.0,0.0,0.7069,0.0172,0.0
Write sales outlines for use by staff.,0.4213,0.0347,0.016,0.0053,0.52,0.0027,0.0
"Write speeches, press releases, or other promotional materials to increase awareness of the causes, missions, or goals of organizations seeking funds.",0.2651,0.028300000000000002,0.0121,0.0067,0.6809999999999999,0.0067,0.0
Write supporting code for Web applications or Web sites.,0.3193,0.25,0.0163,0.0069,0.4056,0.0018,0.0
Write technical documentation for products.,0.37829999999999997,0.1009,0.0264,0.0101,0.4788,0.0055000000000000005,0.0
Write technical reports for engineering and management personnel.,0.4625,0.175,0.025,0.0,0.3375,0.0,0.0
"Write technical reports or documentation, such as deviation reports, testing protocols, and trend analyses.",0.3382,0.1912,0.0441,0.0,0.4118,0.0147,0.0
"Write technical reports or other documentation, such as handbooks or bulletins, for use by engineering staff, management, or customers.",0.3925,0.1741,0.0392,0.052000000000000005,0.3345,0.0077,0.0
Write technical reports or prepare graphs or charts to document experimental results.,0.3037,0.1444,0.0148,0.0,0.5333,0.0037,0.0
Write technical reports or proposals related to engineering projects.,0.4561,0.0351,0.043899999999999995,0.0088,0.4474,0.0088,0.0
Write technical reports or publications related to water resources development or water use efficiency.,0.3776,0.07139999999999999,0.0,0.0,0.5408,0.0102,0.0
Write technical summaries to report findings.,0.4792,0.0315,0.0305,0.0060999999999999995,0.4203,0.0325,0.0
"Write text, such as stories, articles, editorials, or newsletters.",0.37189999999999995,0.028999999999999998,0.0206,0.0040999999999999995,0.5670000000000001,0.0073,0.0
"Write to customers in their terms and on their level so that the script, story, or advertisement message is more readily received.",0.278,0.0461,0.0067,0.0014000000000000002,0.6645,0.0032,0.0
"Write treatment plans, case summaries, or progress or other reports related to individual clients or client groups.",0.3557,0.0412,0.0155,0.0052,0.5670000000000001,0.0155,0.0
"Write words to fit musical compositions, including lyrics for operas, musical plays, and choral works.",0.2849,0.0398,0.0098,0.0125,0.6470999999999999,0.0058,0.0
"Write work instruction manuals, data capture guidelines, or standard operating procedures.",0.5422,0.07919999999999999,0.0172,0.0155,0.3425,0.0034000000000000002,0.0
"Write, analyze, review, and rewrite programs, using workflow chart and diagram, and applying knowledge of computer capabilities, subject matter, and symbolic logic.",0.2139,0.4032,0.0501,0.0062,0.3042,0.0223,0.0
"Write, review, or comment on documents, such as proposals, test plans, or procedures.",0.31379999999999997,0.0641,0.024300000000000002,0.0055000000000000005,0.5867,0.0055000000000000005,0.0
"Write, review, or maintain engineering documentation.",0.4043,0.1702,0.0213,0.0106,0.38299999999999995,0.0106,0.0
"Write, update, and maintain computer programs or software packages to handle specific jobs such as tracking inventory, storing or retrieving data, or controlling other equipment.",0.24,0.47369999999999995,0.013600000000000001,0.0062,0.2638,0.0027,0.0
