task_name,pct
Evaluate new technologies and methods to make recommendations regarding their use.,0.52
Enter data into computers for use in analyses or reports.,0.11
"Initiate, facilitate, and moderate classroom discussions.",0.07
"Recommend necessary corrective actions, based on inspection results.",0.13
Develop Web sites.,0.52
"Formulate mathematical or simulation models of problems, relating constants and variables, restrictions, alternatives, conflicting objectives, and their numerical parameters.",0.05
"Correct or record omissions, errors, or inconsistencies found.",0.11
"Integrate and develop visual elements, such as line, space, mass, color, and perspective, to produce desired effects, such as the illustration of ideas, emotions, or moods.",0.13
Answer questions about product features and benefits.,0.35
"Prepare or organize online storefront marketing material, including product descriptions or subject lines, optimizing content to search engine criteria.",0.21
"Edit, standardize, or make changes to material prepared by other writers or establishment personnel.",1.06
"Advise clients concerning business transactions, claim liability, advisability of prosecuting or defending lawsuits, or legal rights and obligations.",0.26
Monitor or analyze market and environmental trends.,0.11
Provide customers with ongoing technical support.,0.05
"Analyze expenditures and other financial information to develop plans, policies, or budgets for increasing profits or improving services.",0.09
"Provide consulting services, including educational programs, outreach programs, or prevention talks to schools, social service agencies, businesses, or the general public.",0.08
"Gather data on competitors and analyze their prices, sales, and method of marketing and distribution.",0.09
Plan programs of events or schedules of activities.,0.06
Conduct quality analyses of data inputs and resulting analyses or predictions.,0.08
Analyze user needs to determine technical requirements.,0.06
"Confer with potential customers regarding equipment needs, and advise customers on types of equipment to purchase.",0.05
"Advise licensees or other individuals or groups concerning licensing, permit, or passport regulations.",0.1
"Review existing or incoming data for currency, accuracy, usefulness, quality, or completeness of documentation.",0.06
"Maintain or update business intelligence tools, databases, dashboards, systems, or methods.",0.15
"Obtain, organize, or develop training procedure manuals, guides, or course materials, such as handouts or visual materials.",0.11
"Develop teaching or training materials, such as handouts, study materials, or quizzes.",0.98
Locate unusual or unique information in response to specific requests.,0.45
Create developmentally appropriate lesson plans.,0.06
"Interpret laws, rulings and regulations for individuals and businesses.",0.24
"Analyze test data to diagnose malfunctions, to determine performance characteristics of systems, or to evaluate effects of system modifications.",0.06
"Perform financial calculations, such as amounts due, interest charges, balances, discounts, equity, and principal.",0.26
"Identify problems uncovered by testing or customer feedback, and correct problems or refer problems to appropriate personnel for correction.",0.35
"Educate athletes or coaches on techniques to improve athletic performance, such as heart rate monitoring, recovery techniques, hydration strategies, or training limits.",0.11
"Answer customers' questions about products, prices, availability, or credit terms.",0.21
"Design and edit promotional publications, such as brochures.",0.09
Expand or modify system to serve new purposes or improve work flow.,0.05
Develop or direct development of offering documents or marketing materials.,0.09
"Research and apply innovative solutions for product design, visuals, and user experience to meet the needs of individual Web development projects.",0.3
"Prepare reports of findings, illustrating data graphically and translating complex findings into written text.",0.05
Confer with customers to assess customer needs or obtain feedback.,0.07
Prepare reports to provide answers in response to specific problems.,0.21
Develop application-specific software.,0.06
"Provide technical support for existing reports, dashboards, or other tools.",0.05
"Create, analyze, report, convert, or transfer data, using specialized applications program software.",0.15
"Write articles, bulletins, sales letters, speeches, and other related informative, marketing and promotional material.",0.17
"Recommend products to customers, based on customers' needs and interests.",1.28
"Inform athletes about nutrition, hydration, dietary supplements, or uses and possible consequences of medication.",0.05
Develop new software applications or customize existing applications to meet specific scientific project needs.,0.17
Perform or direct Web site updates.,0.06
Write or edit copy for clients.,0.97
Ask questions that will help clients identify their feelings and behaviors.,0.21
"Describe merchandise and explain use, operation, and care of merchandise to customers.",0.16
"Evaluate and grade students' class work, assignments, and papers.",0.05
Provide application or analytical support to researchers or traders on issues such as valuations or data.,0.08
Coach client representatives in effective communication with the public or with employees.,0.05
Analyze and interpret data to increase the understanding of human social behavior.,0.13
"Check completed work for spelling, grammar, punctuation, and format.",0.08
"Investigate system component suitability for specified purposes, and make recommendations regarding component use.",0.06
"Translate messages simultaneously or consecutively into specified languages, orally or by using hand signs, maintaining message content, context, and style as much as possible.",0.37
Present clear and concise explanations of governing rules and regulations.,0.28
"Identify main client groups and audiences, determine the best way to communicate publicity information to them, and develop and implement a communication plan.",0.09
Review technical documents to ensure completeness and conformance to requirements.,0.21
"Write original or adapted material for dramas, comedies, puppet shows, narration, or other performances.",0.12
Compose explanatory summaries of contents of books and other reference materials.,0.09
"Counsel clients on concerns, such as unsatisfactory relationships, divorce and separation, child rearing, home management, or financial difficulties.",0.28
Prepare responses to correspondence containing routine inquiries.,0.05
"Plan, prepare, and develop various teaching aids, such as bibliographies, charts, and graphs.",0.05
"Answer customers' questions, and provide information on procedures or policies.",0.82
"Develop or update project plans including information such as objectives, technologies, schedules, funding, and staffing.",0.1
Write and edit video and scripts for broadcasts.,0.06
Advise and teach students.,0.17
"Plan and develop pre-production ideas into outlines, scripts, story boards, and graphics, using own ideas or specifications of assignments.",0.06
"Position text and art elements from a variety of databases in a visually appealing way to design print or web pages, using knowledge of type styles and size and layout patterns.",0.11
"Read, evaluate and edit manuscripts or other materials submitted for publication, and confer with authors regarding changes in content, style or organization, or publication.",0.11
"Develop transactional Web applications, using Web programming software and knowledge of programming languages, such as hypertext markup language (HTML) and extensible markup language (XML).",0.17
Develop concepts or creative ideas for craft objects.,0.05
"Write commentaries, columns, or scripts, using computers.",0.13
"Analyze operations to evaluate performance of a company or its staff in meeting objectives or to determine areas of potential cost reduction, program improvement, or policy change.",0.13
Emphasize or recommend service features based on knowledge of customers' needs and vendor capabilities and limitations.,0.13
"Apply relevant laws, regulations, policies, or precedents to reach conclusions.",0.05
"Create or distribute offline promotional material, such as brochures, pamphlets, business cards, stationary, or signage.",0.13
"Develop exercise programs to improve participant strength, flexibility, endurance, or circulatory functioning, in accordance with exercise science standards, regulatory requirements, and credentialing requirements.",0.05
"Provide staff and users with assistance solving computer-related problems, such as malfunctions and program problems.",0.71
"Answer customers' questions about products, prices, availability, product uses, and credit terms.",0.07
"Counsel and provide guidance to students regarding personal, academic, vocational, or behavioral issues.",0.26
"Care for individuals or families during periods of incapacitation, family disruption, or convalescence, providing companionship, personal care, or help in adjusting to new lifestyles.",0.07
"Provide advice to clients on a contract basis, working as a consultant.",0.07
Answer customers' questions about merchandise and advise customers on merchandise selection.,0.05
"Advise clients or respond to inquiries about financial matters in person or via phone, email, Web site, or Internet chat.",1.37
"Prepare or review reports, manuscripts, or meeting presentations.",0.12
Develop training programs or routines designed to improve athletic performance.,0.05
"Recommend financial products, such as stocks, bonds, mutual funds, or insurance.",0.05
"Verify facts, dates, and statistics, using standard reference sources.",0.08
"Write and execute scripts to automate tasks, such as parsing large data files.",0.21
"Counsel patients about nutrition, exercise, sleeping habits, stress management, or other matters.",0.16
Provide individual support or counseling in general wellness or nutrition.,0.2
Create specialty dishes and develop recipes to be used in dining facilities.,0.08
Teach classes or courses to students.,0.23
"Apply mathematical theories and techniques to the solution of practical problems in business, engineering, the sciences, or other fields.",0.76
"Identify key risks and mitigating factors of potential investments, such as asset types and values, legal and ownership structures, professional reputations, customer bases, or industry segments.",0.06
"Evaluate existing systems to determine effectiveness, and suggest changes to meet organizational requirements.",0.08
"Prepare invoices, reports, memos, letters, financial statements, and other documents, using word processing, spreadsheet, database, or presentation software.",0.15
Analyze existing development or manufacturing procedures and suggest improvements.,0.13
"Reformat documents, moving paragraphs or columns.",0.15
Review manuscripts for publication in books and professional journals.,0.08
Provide feedback and recommendations to developers on software usability and functionality.,0.07
"Adjust settings for format, page layout, line spacing, and other style requirements.",0.46
"Write advertising material for use by publication, broadcast, or internet media to promote the sale of goods and services.",0.14
Write program code to analyze data with statistical analysis software.,0.05
Provide training and support to system designers and users.,0.77
"Provide private instruction to individual or small groups of students to improve academic performance, improve occupational skills, or prepare for academic or occupational tests.",0.19
"Create graphs, charts, or other visualizations to convey the results of data analysis using specialized software.",0.36
"Respond to user email inquiries, or set up automated systems to send responses.",0.08
"Observe and evaluate students' work to determine progress, provide feedback, and make suggestions for improvement.",0.07
"Assess the needs and interests of individuals and groups and plan activities accordingly, given the available equipment or facilities.",0.07
Compile and analyze test information to determine process or equipment operating efficiency or to diagnose malfunctions.,0.06
Prepare and review operational reports or project progress reports.,0.12
"Identify, analyze, and document problems with program function, output, online screen, or content.",0.91
"Study the objectives, promotional policies, or needs of organizations to develop public relations strategies that will influence public opinion or promote ideas, products, or services.",0.06
"Explain products or services and prices, and answer questions from customers.",0.23
"Create supporting documentation, such as metadata and diagrams of entity relationships, business processes, and process flow.",0.07
"Prepare sample layouts for approval, using computer software.",0.07
Participate in the development of product specifications.,0.16
"Modify existing software to correct errors, allow it to adapt to new hardware, or to improve its performance.",0.19
"Plan project arrangements or outlines, and organize material accordingly.",0.15
"Read technical manuals, confer with users, or conduct computer diagnostics to investigate and resolve problems or to provide technical assistance and support.",0.06
"Design, build, or maintain Web sites, using authoring or scripting languages, content creation tools, management tools, and digital media.",0.22
"Counsel individuals and groups on basic rules of good nutrition, healthy eating habits, and nutrition monitoring to improve their quality of life.",0.11
"Archive documents, conduct research, and read copy, using the internet and various computer programs.",0.28
Correct errors by making appropriate changes and rechecking the program to ensure that the desired results are produced.,0.33
Provide users with technical support for computer problems.,0.3
"Advise patients and their families on nutritional principles, dietary plans, diet modifications, and food selection and preparation.",0.08
"Prepare plans of action for investment, using financial analyses.",0.07
Write supporting code for Web applications or Web sites.,0.51
"Select material most pertinent to presentation, and organize this material into appropriate formats.",0.66
"Advise clients or community groups on issues related to improving general health, such as diet or exercise.",0.26
"Document design specifications, installation instructions, and other system-related information.",0.06
"Prepare or edit organizational publications, such as employee newsletters or stockholders' reports, for internal or external audiences.",0.16
"Perform or direct revision, repair, or expansion of existing programs to increase operating efficiency or adapt to new requirements.",0.15
"Convert various types of files for printing or for the Internet, using computer software.",0.22
"Perform system analysis, data analysis or programming, using a variety of computer languages and procedures.",0.09
"Emphasize product features, based on analyses of customers' needs and on technical knowledge of product capabilities and limitations.",0.05
"Instruct customers in the installation, repair, or maintenance of products.",0.05
"Report results of statistical analyses, including information in the form of graphs, charts, and tables.",0.07
"Review written, audio, or video copy, and correct errors in content, grammar, or punctuation, following prescribed editorial style and formatting guidelines.",0.29
"Develop or implement product-marketing strategies, including advertising campaigns or sales promotions.",0.18
Prepare requirements documentation for use by software developers.,0.08
Adjust sales scripts to better target the needs and interests of specific individuals.,0.22
"Plan and develop programs, agendas, budgets, and services according to customer requirements.",0.07
"Answer customers' questions about services, prices, availability, or credit terms.",0.09
"Initiate, facilitate, and moderate class discussions.",0.06
"Inform students of the procedures for completing and submitting class work, such as lab reports.",0.06
"Advise clients on financial and legal matters, such as investments and taxes.",0.11
"Extend existing software programs, web-based interactive tools, or database queries as sequence management and analysis needs evolve.",0.1
Assist students who need extra help with their coursework outside of class.,0.18
"Read written materials, such as legal documents, scientific works, or news reports, and rewrite material into specified languages.",0.47
"Conduct research, compile data, and prepare papers for consideration and presentation by executives, committees, and boards of directors.",0.05
Analyze problems to develop solutions involving computer hardware and software.,0.05
Design instructional aids for stand-alone or instructor-led classroom or online use.,0.12
Analyze system performance or operational requirements.,0.09
Prepare appropriate formatting to data sets as requested.,0.06
Provide technical support or instruction to staff or customers regarding electronics equipment standards.,0.12
Advise patients about recommended courses of treatment.,0.16
Revise work to meet editorial approval or to fit time or space requirements.,0.4
Provide technical support to computer users for installation and use of security products.,0.05
"Advise business or other groups on local, national, or international factors affecting the buying or selling of products or services.",0.12
Implement online customer service processes to ensure positive and consistent user experiences.,0.08
"Advise students on issues such as course selection, progress toward graduation, and career decisions.",0.41
"Find, retrieve, and make copies of information from files in response to requests and deliver information to authorized users.",0.07
"Review work procedures and operational problems to determine ways to improve service, performance, or safety.",0.05
"Diagnose, troubleshoot, and resolve hardware, software, or other network and system problems, and replace defective components when necessary.",0.05
"Prepare data analysis listings and activity, performance, or progress reports.",0.07
"Interpret engineering sketches, specifications, or drawings.",0.12
"Explain treatment procedures, medications, diets, or physicians' instructions to patients.",0.07
"Identify relationships and trends in data, as well as any factors that could affect the results of research.",0.06
"Conduct reference searches, using printed materials and in-house and online databases.",1.38
"Create, maintain, and enter information into databases.",0.25
"Develop and organize training manuals, multimedia visual aids, and other educational materials.",0.19
"Verify the accuracy and validity of data entered in databases, correcting any errors.",0.07
Analyze problems and take appropriate action to ensure continuous and reliable operation of equipment and systems.,0.45
"Prepare, edit, or review legal documents, including legislation, briefs, pleadings, appeals, wills, contracts, and real estate closing statements.",0.13
"Direct and execute pre-production activities, such as creating moodboards or storyboards and establishing a project timeline.",0.09
"Answer inquiries regarding information, such as schedules, accommodations, procedures, or policies.",0.06
Recommend new systems and processes to improve operations.,0.07
"Compile and study occupational, educational, and economic information to assist counselees in determining and carrying out vocational and educational objectives.",0.09
Develop new visual design concepts and modify concepts based on stakeholder feedback.,0.39
"Analyze business operations, trends, costs, revenues, financial commitments, and obligations to project future revenues and expenses or to provide advice.",0.05
Analyze or synthesize client data to draw conclusions or make recommendations for therapy.,0.05
Prepare or alter presentation contents to target specific audiences.,0.35
"Compose descriptions of merchandise for posting to online storefront, auction sites, or other shopping Web sites.",0.09
Write copy as part of layout.,0.09
"Advise management concerning personnel, managerial, and marketing policies and practices and their potential effects on organizational effectiveness and efficiency.",0.08
"Observe the current system in operation, and gather and analyze information about each of the component problems, using a variety of sources.",0.09
"Encourage clients to express their feelings and discuss what is happening in their lives, helping them to develop insight into themselves or their relationships.",0.34
"Work with technical material, preparing statistical reports, planning and typing statistical tables, and combining and rearranging material from different sources.",0.06
"Provide scientific or technical guidance or expertise to scientists, engineers, technologists, technicians, or others, using knowledge of chemical, analytical, or biological processes as applied to micro and nanoscale systems.",0.05
"Determine a published or broadcasted story's emphasis, length, and format, organizing material accordingly.",0.09
Tutor or mentor students who need additional instruction.,0.17
"Create or interpret engineering drawings, schematic diagrams, formulas, or blueprints for management or engineering staff.",0.07
"Edit or rewrite existing written material as necessary, and submit written material for approval by supervisor, editor, or publisher.",0.94
"Provide information and advice regarding drug interactions, side effects, dosage, and proper medication storage.",0.13
Identify quality problems or areas for improvement and recommend solutions.,0.19
Answer students' questions.,1.15
Write articles and books.,0.34
"Design research projects that apply valid scientific techniques, and use information obtained from baselines or historical data to structure uncompromised and efficient analyses.",0.05
"Read copy or proof to detect and correct errors in spelling, punctuation, and syntax.",0.23
"Conduct searches to find needed information, using such sources as the Internet.",0.1
Answer questions that patients have about their health and well-being.,0.81
Evaluate data pertaining to costs to plan budgets.,0.06
"Use nondisciplinary tools and equipment, such as a computer.",0.18
Issue notices and recommend corrective actions when infractions or problems are found.,0.1
"Develop communications materials, advertisements, presentations, or public relations initiatives to promote awareness of products and services.",0.44
"Develop, present, or respond to proposals for specific customer requirements, including request for proposal responses and industry-specific solutions.",0.05
Write original literary pieces.,0.06
"Develop system engineering, software engineering, system integration, or distributed system architectures.",0.05
"Discuss use and features of various parts, based on knowledge of machines or equipment.",0.05
"Prepare or interpret for clients information, such as investment performance reports, financial document summaries, or income projections.",0.15
"Research, compile, and prepare reports, manuals, correspondence, or other information required by management or governmental agencies.",0.12
"Prepare, rewrite and edit copy to improve readability, or supervise others who do this work.",0.61
"Consult with researchers to analyze problems, recommend technology-based solutions, or determine computational strategies.",0.12
Tutor or assist students individually or in small groups.,0.2
Troubleshoot program and system malfunctions to restore normal functioning.,0.93
"Interact with clients to assist them in gaining insight, defining goals, and planning action to achieve effective personal, social, educational, or vocational development and adjustment.",0.39
Write new functions or applications in programming languages to conduct analyses.,0.12
"Electronically sort and compile text and numerical data, retrieving, updating, and merging documents as required.",0.35
Analyze experimental data and interpret results to write reports and summaries of findings.,0.05
"Sort or classify information according to guidelines, such as content, purpose, user criteria, or chronological, alphabetical, or numerical order.",0.07
Advise students on academic and vocational curricula and on career issues.,0.07
Synthesize current business intelligence or trend data to support recommendations for action.,0.06
Write technical documentation for products.,0.09
"Write new programs or modify existing programs to meet customer requirements, using current programming languages and technologies.",1.47
Suggest specific product purchases to meet customers' needs.,0.49
"Provide clear, detailed descriptions of Web site specifications, such as product features, activities, software, communication protocols, programming languages, and operating systems software and hardware.",0.1
Vary language and tone of messages based on product and medium.,0.2
"Lead discussion sections, tutorials, or laboratory sections.",0.12
"Write, analyze, review, and rewrite programs, using workflow chart and diagram, and applying knowledge of computer capabilities, subject matter, and symbolic logic.",0.28
"Write words to fit musical compositions, including lyrics for operas, musical plays, and choral works.",0.05
"Provide guests with information about local areas, including directions.",0.17
"Search standard reference materials, including online sources and the Internet, to answer patrons' reference questions.",3.74
Provide individualized instruction and tutorial or remedial instruction.,0.18
"Write to customers in their terms and on their level so that the script, story, or advertisement message is more readily received.",0.07
"Educate patients regarding treatment plans, physiological reactions to treatment, or post-treatment care.",0.16
Review documents written by others.,0.05
"Recommend actions to ensure compliance with laws and regulations, or to protect solvency of institutions.",0.06
Prepare two-dimensional concept layouts or three-dimensional mock-ups.,0.16
"Prepare evaluations of software or hardware, and recommend improvements or upgrades.",0.07
"Develop manuals, texts, workbooks, or related materials for use in conjunction with production materials or for training.",0.23
Recommend and provide advice on a wide variety of products and services.,2.25
Review operational records and reports to project sales and determine profitability.,0.06
Participate in the preparation of reports or scientific publications.,0.12
"Compute and analyze data, using statistical formulas and computers or calculators.",0.27
"Compute figures such as balances, totals, or commissions.",0.18
Compile and interpret results of tests and analyses.,0.24
"Prepare and maintain logs, reports, or other documentation of work performed.",0.21
Write reports.,0.11
"Provide technical and non-technical support and services to clients or other staff members regarding the use, operation, and maintenance of equipment.",0.12
"Develop or revise business plans for online business, emphasizing factors such as product line, pricing, inventory, or marketing strategy.",0.08
Prepare meeting agendas or packets of related information.,0.1
Prepare reports and document project activities and data.,0.05
"Collect information about individuals or clients, using interviews, case histories, observational techniques, and other assessment methods.",0.06
Communicate likely outcomes of medical diseases or traumatic conditions to patients or their representatives.,0.08
"Review files, records, and other documents to obtain information to respond to requests.",0.7
"Prepare students for performances, exams, or assessments.",0.2
"Organize material and complete writing assignment according to set standards regarding order, clarity, conciseness, style, and terminology.",0.54
"Interpret and explain information such as eligibility requirements, application details, payment methods, and applicants' legal rights.",0.05
"Write text, such as stories, articles, editorials, or newsletters.",0.78
Assist customers by providing information and resolving their complaints.,0.08
Study and analyze information about alternative courses of action to determine which plan will offer the best outcomes.,0.09
"Review or update Web page content or links in a timely manner, using appropriate tools.",0.06
"Prepare reports summarizing operational results, financial performance, or accomplishments of specified objectives, goals, or plans.",0.06
"Demonstrate equipment to customers and explain its use, responding to any inquiries or complaints.",0.08
"Advise students on course selection, career decisions, and other academic and vocational concerns.",0.05
Recommend changes that could improve service and increase operational efficiency.,0.09
"Prepare reports or correspondence concerning project specifications, activities, or status.",0.05
"Modify and refine designs, using working models, to conform with customer specifications, production limitations, or changes in design trends.",0.1
Train users and answer questions.,0.06
Monitor system operation to detect potential problems.,0.07
"Compose business correspondence for supervisors, managers, and professionals.",0.76
"Counsel individuals regarding interpersonal, health, financial, or religious problems.",0.73
"Confer with users to analyze, configure, or troubleshoot applications.",0.64
"Counsel individuals or groups concerning their spiritual, emotional, or personal needs.",0.09
"Search electronic sources, such as databases or repositories, or manual sources for information.",4.95
Provide technical customer service.,0.19
Compile and format image data to increase its usefulness.,0.12
"Develop teaching materials, such as syllabi, visual aids, answer keys, supplementary notes, or course Web sites.",0.21
"Provide information, such as directions, visiting hours, or patient status information to visitors or callers.",0.33
"Develop factors such as themes, plots, characterizations, psychological analyses, historical environments, action, and dialogue to create material.",0.49
Provide technical guidance or support for the development or troubleshooting of systems.,0.48
Answer user inquiries regarding computer software or hardware operation to resolve problems.,1.98
"Prepare objectives, outlines, or other materials for courses of study, following curriculum guidelines or requirements.",0.07
"Recommend changes to improve systems and network configurations, and determine hardware or software requirements related to such changes.",0.07
Provide technical direction to other engineers or engineering support personnel.,0.22
"Track and analyze factors that affect price movement, such as trade policies, weather conditions, political developments, or supply and demand changes.",0.07
Write instructional articles on designated subjects.,0.07
"Answer customer inquiries or explain cost, availability, policies, and procedures of facilities.",0.56
Compile and record operational data on forms or in log books.,0.13
"Correct testing-identified problems, or recommend actions for their resolution.",0.05
"Counsel patients about drug regimens and possible side effects or interactions with other substances, such as food supplements, over-the-counter (OTC) medications, or herbal remedies.",0.07
"Counsel individuals or groups to help them understand and overcome personal, social, or behavioral problems affecting their educational or vocational situations.",0.06
Mentor others on mathematical techniques.,0.15
"Prepare, draft, and review legal documents, such as wills, deeds, patent applications, mortgages, leases, and contracts.",0.08
"Retrieve electronic assets from repository for distribution to users, collecting and returning to repository, if necessary.",0.06
Explain medical instructions to patients or family members.,0.08
Develop program plans for individuals or assist in plan development.,0.09
"Monitor changes affecting supply and demand, tracking market conditions, price trends, or futures markets.",0.05
"Interpret and explain laws and regulations to travelers, prospective immigrants, shippers, and manufacturers.",0.05
"Edit graphics and photos, using pixel or bitmap editing, airbrushing, masking, or image retouching.",0.14
"Perform complex calculations as part of the analysis and evaluation of data, using computers.",0.1
"Develop story or content ideas, considering reader or audience appeal.",0.75
"Confer with customers by telephone or in person to provide information about products or services, take or enter orders, cancel accounts, or obtain details of complaints.",0.06
Design and implement efforts to publicize events and promote sponsorships.,0.05
"Modify existing software to correct errors, adapt it to new hardware, or upgrade interfaces and improve performance.",0.2
Develop or maintain internal or external company Web sites.,0.09
"Generate standard or custom reports summarizing business, financial, or economic data for review by executives, managers, clients, and other stakeholders.",0.18
"Select and edit documents for publication and display, applying knowledge of subject, literary expression, and presentation techniques.",0.09
"Identify, develop, or evaluate marketing strategy, based on knowledge of establishment objectives, market characteristics, and cost and markup factors.",0.35
"Write fiction or nonfiction prose, such as short stories, novels, biographies, articles, descriptive or critical analyses, and essays.",0.45
Compose and edit scripts or provide screenwriters with story outlines from which scripts can be written.,0.06
Advise customers on use and care of merchandise.,0.46
"Analyze research data to determine its significance, using computers.",0.08
Diagnose problems with installed equipment.,0.42
"Choose subject matter and suitable form to express personal feelings and experiences or ideas, or to narrate stories or events.",0.17
"Examine documents, materials, or products and monitor work processes to assess completeness, accuracy, and conformance to standards and specifications.",0.14
Analyze data to determine answers to questions from customers or members of the public.,0.29
"Recommend, select, and help locate or obtain merchandise based on customer needs and desires.",0.22
Answer telephone calls and respond to inquiries or transfer calls.,0.1
Write research papers for publication in scientific journals.,0.05
"Analyze information processing or computation needs and plan and design computer systems, using techniques such as structured analysis, data modeling, and information engineering.",0.06
Recommend ways to control or reduce risk.,0.11
"Recommend investments and investment timing to companies, investment firm staff, or the public.",0.07
"Develop instructional materials, such as lesson plans, handouts, or examinations.",0.61
Provide user support by diagnosing network and device problems and implementing technical or procedural solutions.,0.08
"Counsel individuals, groups, or families to help them understand problems, deal with crisis situations, define goals, and develop realistic action plans.",0.16
"Revise written material to meet personal standards and to satisfy needs of clients, publishers, directors, or producers.",0.74
"Document findings of study and prepare recommendations for implementation of new systems, procedures, or organizational changes.",0.07
Develop sales presentations or proposals to explain service specifications.,0.07
"Write and review grant proposals, journal articles, institutional reports, and publicity materials.",0.07
"Write humorous material for publication, or for performances such as comedy routines, gags, and comedy shows.",0.07
Develop strategies to advertise green products or merchandise to consumers.,0.0
"Obtain and study information about clients' products, needs, problems, advertising history, and business practices to offer effective sales presentations and appropriate product assistance.",0.0
Counsel and encourage patients to develop leisure activities.,0.0
Provide feedback to design engineers on customer problems or needs.,0.0
"Compile statistics from source materials, such as production or sales records, quality-control or test records, time sheets, or survey sheets.",0.0
"Adjust remotely sensed images for optimum presentation by using software to select image displays, define image set categories, or choose processing routines.",0.0
Compile and analyze credit information gathered by investigation.,0.0
Compile and analyze accounting records and other data to determine the financial resources required to implement a program.,0.0
Prepare working sketches for the illustration of product appearance.,0.0
"Interpret and explain plans and contract terms to representatives of the owner or developer, including administrative staff, workers, or clients.",0.0
"Teach individual and team sports to participants through instruction and demonstration, using knowledge of sports techniques and of participants' physical capabilities.",0.0
"Determine procedures and instructions to be followed, according to design specifications and quantity of required materials.",0.0
"Inspect condition of premises, and arrange for necessary maintenance or notify owners of maintenance needs.",0.0
"Grade, classify, or sort products according to sizes, weights, colors, or other specifications.",0.0
"Plan, evaluate, and revise curricula, course content, and course materials and methods of instruction.",0.0
Evaluate data processing proposals to assess project feasibility and requirements.,0.0
"Build, test, and modify product prototypes, using working models or theoretical models constructed with computer simulation.",0.0
"Compile budget data and documents, based on estimated revenues and expenses and previous budgets.",0.0
"Provide customer service, such as limited instructions on proceeding with claims or referrals to auto repair facilities or local contractors.",0.0
Encourage participants to develop their own activities and leadership skills through group discussions.,0.0
Conduct historical analyses of test results.,0.0
"Produce data layers, maps, tables, or reports, using spatial analysis procedures or Geographic Information Systems (GIS) technology, equipment, or systems.",0.0
Upload digital images onto Web sites for customers.,0.0
Design and administer training programs for new employees and continuing education for existing employees.,0.0
Evaluate or recommend server hardware or software.,0.0
"Conduct research in a particular field of knowledge and present findings in professional journals, books, electronic media, or at professional conferences.",0.0
Negotiate details of contracts and payments.,0.0
Provide communication instruction to dialect speakers or students with limited English proficiency.,0.0
"Plan routes, itineraries, and accommodation details, and compute fares and fees, using schedules, rate books, and computers.",0.0
"Conduct research in a particular field of knowledge and publish findings in books, professional journals, or electronic media.",0.0
Confer with customers to determine the nature of malfunctions.,0.0
Analyze all aspects of corporate logistics to determine the most cost-effective or efficient means of transporting products or supplies.,0.0
Maintain technical project files.,0.0
"Compile information, such as production rates and progress, materials inventories, materials used, or customer information, so that status reports can be completed.",0.0
"Prepare ordinances, resolutions, or proclamations so that they can be executed, recorded, archived, or distributed.",0.0
Review and update credit and loan files.,0.0
"Compose images of products, using video or still cameras, lighting equipment, props, or photo or video editing software.",0.0
Determine materials needed to complete the job and place orders accordingly.,0.0
Develop or analyze information to assess the current or future financial status of firms.,0.0
Suggest treatments to alleviate hair problems.,0.0
Refer patients to specialists or other practitioners.,0.0
"Provide repair cost estimates, and recommend whether appliance repair or replacement is a better choice.",0.0
"Refer patients requiring more specialized or complex treatment to psychiatrists, primary care physicians, or other medical specialists.",0.0
"Listen to speakers' statements to determine meanings and to prepare translations, using electronic listening systems as necessary.",0.0
"Conduct research on the structures and properties of materials, such as metals, alloys, polymers, and ceramics, to obtain information that could be used to develop new products or enhance existing ones.",0.0
"Compute total holdings, dividends, interest, transfer taxes, brokerage fees, or commissions and allocate appropriate payments to customers.",0.0
"Promote company products, services, and savings plans when appropriate.",0.0
Develop or implement quality control programs.,0.0
"Record and edit audio material, such as movie soundtracks, using audio recording and editing equipment.",0.0
Calculate potential for energy savings.,0.0
"Monitor, evaluate, or record training activities or program effectiveness.",0.0
"Advise clients in areas such as compensation, employee health care benefits, the design of accounting or data processing systems, or long-range tax or estate plans.",0.0
Complete accident reports when necessary.,0.0
Advise businesses or agencies on ways to improve fraud detection.,0.0
Inspect work performed to ensure that it meets specifications and established standards.,0.0
"Plan and prepare advertising and promotional material to increase sales of products or services, working with customers, company officials, sales departments, and advertising agencies.",0.18
"Write, update, and maintain computer programs or software packages to handle specific jobs such as tracking inventory, storing or retrieving data, or controlling other equipment.",0.28
"Diagnose medical conditions of patients, using records, reports, test results, or examination information.",0.0
"Bake, roast, broil, and steam meats, fish, vegetables, and other foods.",0.0
"Script, plan, and create animated narrative sequences under tight deadlines, using computer software and hand drawing techniques.",0.0
Train faculty and media staff on the use of software and audio-visual equipment.,0.0
Enter commands and observe system functioning to verify correct operations and detect errors.,0.0
Explore and develop musical ideas based on sources such as imagination or sounds in the environment.,0.0
Analyze data to determine feasibility of product proposals.,0.0
"Implement controls to provide security for operating systems, software, and data.",0.0
"Assemble and issue required documentation, such as tickets, travel insurance policies, or itineraries.",0.0
Review and update standard operating procedures or quality assurance manuals.,0.0
"Diagnose or treat performance-related conditions, such as sports injuries or repetitive-motion injuries.",0.0
Evaluate employee performance.,0.0
"Identify, evaluate and recommend hardware or software technologies to achieve desired database performance.",0.0
Calculate load estimates or equipment requirements to determine required control settings.,0.0
Prepare students for further development by encouraging them to explore learning opportunities and to persevere with challenging tasks.,0.0
Perform risk assessments to develop response strategies.,0.0
"Recommend appropriate sizes and formats for advertising, depending on medium used.",0.0
Monitor daily stock prices and compute fluctuations to determine the need for additional collateral to secure loans.,0.0
"Calculate and compile order-related statistics, and prepare reports for management.",0.0
"Formulate recommendations, policies, or plans to solve economic problems or to interpret markets.",0.0
Formulate or modify recipes for specific kinds of food products.,0.0
Recommend energy-efficient technologies or alternate energy sources.,0.0
Conduct primary patient assessments that include information from prior medical care.,0.0
"Install or configure Web server software or hardware to ensure that directory structure is well-defined, logical, and secure, and that files are named properly.",0.0
Train subordinates in programming and program coding.,0.0
"Formulate and implement training programs, applying principles of learning and individual differences.",0.0
Modify and customize commercial programs for internal needs.,0.0
Diagnose acute or chronic conditions that could result in rapid physiological deterioration or life-threatening instability.,0.0
Prepare reports on investigations or inspections and actions taken.,0.0
Make diagnoses when different illnesses occur together or in situations where the diagnosis may be obscure.,0.0
"Prepare documents such as representation contracts, purchase agreements, closing statements, deeds, and leases.",0.0
Prepare management reports defining and evaluating problems and recommending solutions.,0.0
Maintain computer and manual records pertaining to facilities and equipment.,0.0
"Research, document, rate, or select alternatives for Web architecture or technologies.",0.0
"Select program content, in conjunction with producers and assistants, based on factors such as program specialties, audience tastes, or requests from the public.",0.0
Estimate patients' due dates and re-evaluate as necessary based on examination results.,0.0
"Collect, compile, or integrate Geographic Information Systems (GIS) data, such as remote sensing or cartographic data for inclusion in map manuscripts.",0.0
"Maintain metrics, reports, process documentation, customer service logs, or training or safety records.",0.0
Create sales or service contracts for products or services.,0.0
"Examine clients' skin, using magnifying lamps or visors when necessary, to evaluate skin condition and appearance.",0.0
"Negotiate the sale, lease, or development of property and complete or review appropriate documents and forms.",0.0
Maintain treatment records.,0.0
Plan and organize public events at the park.,0.0
"Select substitute titles when requested materials are unavailable, following criteria such as age, education, and interests.",0.0
Edit videotapes by erasing and removing portions of programs and adding video or sound as required.,0.0
Coordinate the look and function of product lines.,0.0
Hear and resolve complaints from customers or the public.,0.0
Prepare logistic strategies or conceptual designs for production facilities.,0.0
Operate computer-assisted engineering or design software or equipment to perform engineering tasks.,0.0
"Transmit correspondence or medical records by mail, e-mail, or fax.",0.0
"Inform customers of available options for advertisement artwork, and provide samples.",0.0
"Troubleshoot fuel, ignition, and emissions control systems, using electronic testing equipment.",0.0
"Match order forms with invoices, and record the necessary information.",0.0
"Participate in the research, development, or manufacturing of medicinal and pharmaceutical preparations.",0.0
"Process and prepare documents, such as business or government forms and expense reports.",0.0
"Document software defects, using a bug tracking system, and report defects to software developers.",0.0
"Provide technical information about test results to physicians, family members, or researchers.",0.0
"Explain services or policies to clients, such as debt management program rules, advantages and disadvantages of using services, or creditor concession policies.",0.0
"Perform statistical analyses, such as social network pattern analysis, network modeling, discrete event simulation, agent-based modeling, statistical natural language processing, computational sociology, mathematical optimization, or systems dynamics.",0.0
"Direct daily operations of departments, coordinating project activities with other departments.",0.0
"Create basic designs, drawings, and illustrations for product labels, cartons, direct mail, or television.",0.0
Explain drawings to production or construction teams and provide adjustments as necessary.,0.0
Monitor performance of quality control systems to ensure effectiveness and efficiency.,0.0
Review rents to ensure that they are in line with rental markets.,0.0
Evaluate the quality and effectiveness of nursing practice or organizational systems.,0.0
"Develop, recommend, or manage security procedures for operations or processes, such as security call centers, access control, and reporting tools.",0.0
"Locate files relating to specified design project in database library, load program into computer, and record completed job data.",0.0
Determine how food should be presented and create decorative food displays.,0.0
Monitor security system performance logs to identify problems and notify security specialists when problems occur.,0.0
"Evaluate code to ensure that it is valid, is properly structured, meets industry standards, and is compatible with browsers, devices, or operating systems.",0.0
Evaluate and manage chronic pain conditions.,0.0
"Educate, prepare, and reassure patients and their families by answering questions, providing physical assistance, and reinforcing physicians' advice regarding treatment reactions or post-treatment care.",0.0
Weigh or measure ingredients.,0.0
"Develop graphics and layouts for product illustrations, company logos, and Web sites.",0.0
"Communicate with or monitor service providers, such as ocean carriers, air freight forwarders, global consolidators, customs brokers, or trucking companies.",0.0
Prepare necessary documents to obtain planned project approvals or permits.,0.0
Establish fundraising or participation goals for special events or specified time periods.,0.0
"Instruct individuals in career development techniques, such as job search and application strategies, resume writing, and interview skills.",0.0
"Develop or maintain applications that process biologically based data into searchable databases for purposes of analysis, calculation, or presentation.",0.0
"Prepare financial or regulatory reports required by laws, regulations, or boards of directors.",0.0
"Specialize in an area of history or technology, researching topics or items relevant to collections to determine what should be retained or acquired.",0.0
Monitor bug resolution efforts and track successes.,0.0
"Compute design specifications for implementation of conservation practices, using survey or field information, technical guides or engineering manuals.",0.0
"Confer with clients, editors, writers, art directors, and other interested parties regarding the nature and content of artwork to be produced.",0.0
Identify and correct deviations from database development standards.,0.0
Counsel women regarding the nutritional requirements of pregnancy.,0.0
Instruct others in the selection and use of bioinformatics tools.,0.0
"Calculate, or verify calculations of, prescribed radiation doses.",0.0
Determine work assignments and procedures.,0.0
"Answer inquiries concerning the progress of medical cases, within the limits of confidentiality laws.",0.0
Determine location for product listings to maximize exposure to online traffic.,0.0
Write and revise safety regulations and codes.,0.0
"Draw and print charts, graphs, illustrations, and other artwork, using computer.",0.0
Input data into databases.,0.0
Develop or implement strategies to meet the needs of students with a variety of disabilities.,0.0
Keep records of invoices and support documents.,0.0
Prepare reports on students and activities as required by administration.,0.0
Develop engineering specifications or cost estimates for automotive design concepts.,0.0
"Inform financial decisions by analyzing financial information to forecast business, industry, or economic conditions.",0.0
"Consider such factors as ensemble size and abilities, availability of scores, and the need for musical variety, to select music to be performed.",0.0
"Prepare meeting agendas, attend meetings, and record and transcribe minutes.",0.0
"Analyze and interpret patient, nursing, or information systems data to improve nursing services.",0.0
Enter customers' transactions into computers to record transactions and issue computer-generated receipts.,0.0
Provide information to the public by leading workshops and training programs and by developing educational materials.,0.0
"Confer with clients, editors, publishers, or producers to discuss changes or revisions to written material.",0.0
Code data in preparation for computer entry.,0.0
"Provide customers with travel suggestions and information sources, such as guides, directories, brochures, or maps.",0.0
Coordinate work assignment preparation and completion with other workers.,0.0
"Confer with parents and staff to discuss educational activities, policies, and student behavior or learning problems.",0.0
"Answer customers' questions and explain available services, such as deposit accounts, bonds, and securities.",0.0
"Experiment with different sounds, and types and pieces of music, using synthesizers and computers as necessary to test and evaluate ideas.",0.0
Instruct emergency medical response team about emergency interventions to ensure correct application of procedures.,0.0
"Identify, collect, record, or analyze data relevant to the nursing care of patients.",0.0
"Recommend or arrange appropriate merchandise packing methods, according to climate, terrain, weight, nature of goods, or costs.",0.0
"Plan and teach classes on topics such as information literacy, library instruction, and technology use.",0.0
"Investigate sources, such as auctions, estate sales, liquidators, wholesalers, or trade shows for new items, used items, or collectibles.",0.0
Teach courses within their department.,0.0
Determine appropriate methods for fabricating and joining materials.,0.0
Assess students' dancing abilities to determine where improvement or change is needed.,0.0
"Estimate time for debt repayment, given amount of debt, interest rates, and available funds.",0.0
"Analyze information to determine, recommend, and plan layout, including type of computers and peripheral equipment modifications.",0.0
"Complete models and simulations, using manual or automated tools, to analyze or predict system performance under different operating conditions.",0.0
Explain real and personal property taxes to property owners.,0.0
Integrate remotely sensed data with other geospatial data.,0.0
Interpret the results of standardized tests to determine students' strengths and areas of need.,0.0
"Compose, type, and mail customer statements and other correspondence related to issues such as discrepancies and outstanding unpaid items.",0.0
Evaluate athletes' skills and review performance records to determine their fitness and potential in a particular area of athletics.,0.0
"Submit project deliverables to clients, ensuring adherence to quality standards.",0.0
Analyze statistical data and product specifications to determine standards and establish quality and reliability objectives of finished product.,0.0
"Plan, administer, and control budgets, maintain financial records, and produce financial reports.",0.0
Interpret information obtained from electrocardiograms (EKGs) or radiographs (x-rays).,0.0
Request and review project updates to ensure deadlines are met.,0.0
Assess physical performance requirements to aid in the development of individualized recovery or rehabilitation exercise programs.,0.0
"Instruct vendors or contractors on quality guidelines, testing procedures, or ways to eliminate deficiencies.",0.0
"Prepare project budgets, schedules, or specifications for labor or materials.",0.0
Create signs to advertise store products or events.,0.0
Plan or lead religious education programs.,0.0
"Prepare and issue orders of the court, such as probation orders, release documentation, sentencing information, or summonses.",0.0
Complete forms in accordance with company procedures.,0.0
"Examine and evaluate financial and information systems, recommending controls to ensure system reliability and data integrity.",0.0
"Plan and develop instructional methods and content for educational, vocational, or student activity programs.",0.0
Read and review project blueprints and structural specifications to determine dimensions of structure or system and material requirements.,0.0
"Resolve customers' service or billing complaints by performing activities such as exchanging merchandise, refunding money, or adjusting bills.",0.0
"Confer with engineers or other personnel to implement operating procedures, resolve system malfunctions, or provide technical information.",0.0
Interview patients to obtain comprehensive medical histories.,0.0
"Interpret diagnostic or laboratory tests, such as electrocardiograms (EKGs) and renal functioning tests.",0.0
Prepare reports that detail investigation findings.,0.0
"Compile, administer, and grade examinations or assign this work to others.",0.0
Perform systems analysis or programming of radio frequency identification device (RFID) technology.,0.0
"Guide or counsel students with adjustment problems, academic problems, or special academic interests.",0.0
Develop or direct study courses or religious education programs within congregations.,0.0
Maintain inventory records.,0.0
Draft detailed dimensional drawings and design layouts for projects to ensure conformance to specifications.,0.0
"Prepare management recommendations, such as proposed fee and tariff increases or schedule changes.",0.0
Evaluate the effectiveness of counseling programs on clients' progress in resolving identified problems and moving towards defined objectives.,0.0
Explain assembly procedures or techniques to other workers.,0.0
"Answer inquiries from current or prospective customers regarding methods, materials, or price ranges.",0.0
"Set educational standards and goals, and help establish policies and procedures to carry them out.",0.0
Create project status presentations for delivery to customers or project personnel.,0.0
"Import text and art elements, such as electronic clip art or electronic files from photographs that have been scanned or produced with a digital camera, using computer software.",0.0
Develop and coordinate educational programs for residents.,0.0
"Communicate with children's parents or guardians about daily activities, behaviors, and related issues.",0.0
"Open, read, route, and distribute incoming mail or other materials and answer routine letters.",0.0
Study archival collections of primary historical sources to help explain the origins and development of cultural patterns.,0.0
Make system device lists or event timing charts.,0.0
"Interpret the results of neuroimaging studies, such as Magnetic Resonance Imaging (MRI), Single Photon Emission Computed Tomography (SPECT), and Positron Emission Tomography (PET) scans.",0.0
Conduct investigations of information security breaches to identify vulnerabilities and evaluate the damage.,0.0
Present the results of mathematical modeling and data analysis to management or other end users.,0.0
"Calculate labor and equipment requirements and production specifications, using standard formulas.",0.0
Make manuscript acceptance or revision recommendations to the publisher.,0.0
Develop or write Individualized Education Programs (IEPs) for students.,0.0
Explain and demonstrate safety procedures and safety equipment use.,0.0
Respond to public suggestions and complaints.,0.0
"Verify the authenticity of documents, such as foreign identification or immigration documents.",0.0
"Develop defense plans or tactics, using intelligence and other information.",0.0
Formulate or implement regulatory affairs policies and procedures to ensure that regulatory compliance is maintained or enhanced.,0.0
"Verify adherence of documentation to customs, insurance, or regulatory requirements.",0.0
"Interpret data, reports, maps, photographs, or charts to predict long- or short-range weather conditions, using computer models and knowledge of climate theory, physics, and mathematics.",0.0
Analyze information about supplier performance or procurement program success.,0.0
"Explain and interpret house rules, such as game rules or betting limits, for patrons.",0.0
Sort cargo before loading and unloading.,0.0
"Analyze proposed legislation, regulations, or rule changes to determine how agency services could be impacted.",0.0
"Provide information about establishment, such as location of departments or offices, employees within the organization, or services provided.",0.0
Write information in medical records or provide narrative summaries to communicate patient information to other health care providers.,0.0
"Arrange music composed by others, changing the music to achieve desired effects.",0.0
Provide input into the design and manufacturing of new equipment.,0.0
Use informatics science to design or implement health information technology applications for resolution of clinical or health care administrative problems.,0.0
Conduct safety training or education programs and demonstrate the use of safety equipment.,0.0
Provide customers with information about local roads or highways.,0.0
Explain changes in contract provisions to customers.,0.0
"Prepare and submit budget requests and recommendations, or grant proposals to solicit program funding.",0.0
"Perform bookkeeping work, including posting data or keeping other records concerning costs of goods or services or the shipment of goods.",0.0
Monitor equipment to ensure proper operation.,0.0
Calculate amount of claim.,0.0
Advise management on matters related to the administration of contracts or employee discipline or grievance procedures.,0.0
"Maintain and update filing, inventory, mailing, and database systems, either manually or using a computer.",0.0
"Assess staffing needs and recruit staff, using methods such as newspaper advertisements or attendance at job fairs.",0.0
"Maintain records of contacts, accounts, and orders.",0.0
Maintain records and logbooks.,0.0
Determine which products or colors will improve clients' skin quality and appearance.,0.0
"Research particular roles to find out more about a character, or the time and place in which a piece is set.",0.0
"Design databases to support healthcare applications, ensuring security, performance and reliability.",0.0
"Estimate the costs and benefits of municipal projects, such as hydroelectric power plants, irrigation systems, and wastewater treatment facilities.",0.0
"Meet with clients to answer queries on subjects such as risk exposure, market scenarios, or values-at-risk calculations.",0.0
Forecast material costs or develop standard cost lists.,0.0
Complete form letters in response to requests or problems identified by correspondence.,0.0
Direct the development or implementation of policies and procedures related to compliance throughout an organization.,0.0
"Devise missions, challenges, or puzzles to be encountered in game play.",0.0
Key and program specified commands and engineering specifications into computer system to change functions and test final layout.,0.0
"Set up and maintain medical files and databases, including records such as x-ray, lab, and procedure reports, medical histories, diagnostic workups, admission and discharge summaries, and clinical resumes.",0.0
"Prepare forecasts or briefings to meet the needs of industry, business, government, or other groups.",0.0
"Record and report time, materials, faults, deficiencies, or other unusual occurrences on work orders.",0.0
"Communicate with readers, viewers, advertisers, or the general public via mail, email, or telephone.",0.0
"Prepare reports and maintain records, such as student grades, attendance rolls, and training activity details.",0.0
"Estimate parts and labor to repair damage, using standard automotive labor and parts cost manuals and knowledge of automotive repair.",0.0
"Respond to customer complaints, legal inquiries, payment negotiations, or other post-service matters.",0.0
"Conduct needs assessments or surveys to determine interest in, or satisfaction with, wellness and fitness programs, events, or services.",0.0
Match individuals' needs and eligibility with available financial aid programs to provide informed recommendations.,0.0
Prepare reports of findings and recommendations.,0.0
Develop databases that support Web applications and Web sites.,0.0
Assign duties or responsibilities to project personnel.,0.0
"Monitor testing procedures to ensure that all tests are performed according to established item specifications, standard test methods, or protocols.",0.0
Write grant proposals to procure external research funding.,0.0
Confer with customers to determine the nature of problems or to explain repairs.,0.0
"Calculate the value of property based on comparisons to recent sales, estimated cost to reproduce, and anticipated property income streams.",0.0
"Calculate purchase subtotals, taxes, and shipping costs for submission to customers.",0.0
"Assess performance following athletic competition, identifying strengths and weaknesses and making adjustments to improve future performance.",0.0
Write reports or proposals related to photonics research or development projects.,0.0
"Inform customers by mail or telephone of order information, such as unit prices, shipping dates, and any anticipated delays.",0.0
"Review final layouts and suggest improvements, as needed.",0.0
Transcribe recorded messages or practitioners' diagnoses or recommendations into patients' medical records.,0.0
"Explain magnetic resonance imaging (MRI) procedures to patients, patient representatives, or family members.",0.0
Advise other physicians on the treatment of neurological problems.,0.0
"Identify protocol problems, inform investigators of problems, or assist in problem resolution efforts, such as protocol revisions.",0.0
"Advise students on academic and vocational curricula, career issues, and laboratory and field research.",0.0
"Inform Web site users of problems, problem resolutions, or application changes and updates.",0.0
"Interpret religious education activities to the public through speaking, leading discussions, or writing articles for local or national publications.",0.0
Complete and maintain time and attendance forms and inventory lists.,0.0
"Analyze the financial impact of proposed logistics changes, such as routing, shipping modes, product volumes or mixes, or carriers.",0.0
Access computerized financial information to answer general questions as well as those related to specific accounts.,0.0
"Compute, withhold, and account for all payroll deductions.",0.0
Calculate potential energy savings by comparing estimated energy consumption of proposed design to baseline standards.,0.0
"Develop or implement production tracking or quality control systems, analyzing production, quality control, maintenance, or other operational reports to detect production problems.",0.0
"Plan the contents of publications according to the publication's style, editorial policy, and publishing requirements.",0.0
Recommend adjudication of product complaints.,0.0
Estimate costs of vehicle repair.,0.0
"Read from scripts or books to narrate action or to inform or entertain audiences, utilizing few or no stage props.",0.0
Answer customers' questions about postal services and regulations.,0.0
Present clients with information required to make informed health care and treatment decisions.,0.0
"Prepare reports, manuscripts, proposals, and technical manuals for use by other scientists and requestors, such as sponsors and customers.",0.0
Plan commercial displays to entice and appeal to customers.,0.0
Schedule staff hours and assign duties.,0.0
Identify and recommend energy savings strategies to achieve more energy-efficient operation.,0.0
"Answer inquiries pertaining to hotel policies and services, and resolve occupants' complaints.",0.0
Complete reports and forms required to finalize cases.,0.0
Optimize shopping cart experience or Web site conversion rates against Key Performance Indicators (KPIs).,0.0
Prepare and file annual tax returns or prepare financial information so that outside accountants can complete tax returns.,0.0
Record amounts and types of special food items served to customers.,0.0
Keep records and accounts.,0.0
Document help desk requests and resolutions.,0.0
Provide technical advice and guidance to organizations on how to handle health-related problems and make needed changes.,0.0
"Tell jokes, perform comic dances, songs and skits, impersonate mannerisms and voices of others, contort face, and use other devices to amuse audiences.",0.0
Review forensic analysts' reports for technical merit.,0.0
Visually inspect equipment to detect surface defects.,0.0
"Devise or evaluate methods and procedures for collecting data, such as surveys, opinion polls, and questionnaires.",0.0
Evaluate patients' progress and prepare reports that detail progress.,0.0
Prepare documentation for case reports or court proceedings.,0.0
Examine accounting systems and records to determine whether accounting methods used were appropriate and in compliance with statutory provisions.,0.0
Estimate cost of restoration work.,0.0
"Perform general administrative tasks, such as keeping records or writing reports.",0.0
"Use computers, audio-visual aids, and other equipment and materials to supplement presentations.",0.0
Direct the compilation of summary sheets that show wager amounts and payoffs for races or events.,0.0
"Maintain records, such as quantities or types of processing completed, materials used, or customer charges.",0.0
"Compute cost of travel and accommodations, using calculator, computer, carrier tariff books, and hotel rate books, or quote package tour's costs.",0.0
"Maintain updated client records with plans, notes, appropriate forms, or related information.",0.0
"Calculate gross and net tonnage, hold capacities, volumes of stored fuel and water, cargo weights, and vessel stability factors, using mathematical formulas.",0.0
"Calculate, review, and correct errors on interest, principal, payment, and closing costs, using computers or calculators.",0.0
Combine secondary data sources with keyword research to more accurately profile and satisfy user intent.,0.0
Maintain sales forecasting reports.,0.0
Refer clients to medical personnel for treatment of serious skin problems.,0.0
Keep records of customers' charges and payments.,0.0
Season and cook food according to recipes or personal judgment and experience.,0.0
"Explain testing procedures to patients, answering questions or reassuring patients, as needed.",0.0
Clean or prepare various foods for cooking or serving.,0.0
"Collect supplementary information needed to assist client, such as employment records, medical records, or school reports.",0.0
"Gather all relevant material for bid processes, and coordinate bidding and contract approval.",0.0
Determine customers' financial services needs and prepare proposals to sell services that address these needs.,0.0
"Check original texts or confer with authors to ensure that translations retain the content, meaning, and feeling of the original material.",0.0
"Educate patients and family members about mental health and medical conditions, preventive health measures, medications, or treatment plans.",0.0
Contact job applicants to inform them of the status of their applications.,0.0
"Analyze clinical or survey data, using statistical approaches such as longitudinal analysis, mixed-effect modeling, logistic regression analyses, and model-building techniques.",0.0
"Maintain records of business transactions and product inventories, reporting data to companies or government agencies as necessary.",0.0
Identify transaction mistakes when debits and credits do not balance.,0.0
"Collect data about existing client hardware, software, networking, or key business processes to inform implementation of radio frequency identification device (RFID) technology.",0.0
"Record and maintain files or records of customer requests, work or services performed, charges, expenses, inventory, or other dispatch information.",0.0
Retrieve and examine real estate closing files for accuracy and to ensure that information included is recorded and executed according to regulations.,0.0
"Advise or inform guardians, relatives, or significant others of patients' conditions or treatment.",0.0
Schedule appointments for sales representatives to meet with prospective customers or for customers to attend sales presentations.,0.0
Assess nature and extent of illness or injury to establish and prioritize medical procedures.,0.0
"Investigate whether networks, workstations, the central processing unit of the system, or peripheral equipment are responding to a program's instructions.",0.0
Prepare accident reports.,0.0
"Write, review, or maintain engineering documentation.",0.0
"Perform or evaluate research, such as detailed company or industry analyses, to inform financial forecasting, decision making, or valuation.",0.0
"Define and analyze objectives, scope, issues, or organizational impact of information systems.",0.0
"Design sets, lighting, costumes, and other artistic elements of productions, in collaboration with cast members.",0.0
"Prepare contracts or negotiate revisions to contractual agreements with architects, consultants, clients, suppliers, or subcontractors.",0.0
Prepare reports documenting investigation activities and results.,0.0
"Monitor and analyze system performance, such as network traffic, security, and capacity.",0.0
Conduct social research.,0.0
"Converse with customer to determine destination, mode of transportation, travel dates, financial considerations, and accommodations required.",0.0
"Prepare and deliver lectures to undergraduate or graduate students on topics such as organic chemistry, analytical chemistry, and chemical separation.",0.0
Read corrected copies or proofs to ensure that all corrections have been made.,0.0
Cut and edit film or tape to integrate component parts into desired sequences.,0.0
Link or chart suspects to criminal organizations or events to determine activities and interrelationships.,0.0
"Specify power supply requirements and configuration, drawing on system performance expectations and design specifications.",0.0
"Sort products or materials into predetermined sequences or groupings for display, packing, shipping, or storage.",0.0
"Prepare charges or responses to charges, or information for court cases, according to formalized procedures.",0.0
Inform designated employees or departments of items loaded or problems encountered.,0.0
"Identify prospective customers, using business directories, leads from existing clients, participation in organizations, or trade show or conference attendance.",0.0
"Apply modeling or quantitative analysis to forecast events, such as human decisions or behaviors, the structure or processes of organizations, or the attitudes or actions of human groups.",0.0
"Open, sort, and distribute incoming correspondence, including faxes and email.",0.0
Evaluate transportation project needs or costs.,0.0
"Read and interpret blueprints, schematics, work specifications, drawings, or charts.",0.0
"Prepare technical and research reports, such as environmental impact reports, and communicate the results to individuals in industry, government, or the general public.",0.0
Analyze marketing or sales trends to forecast future conditions.,0.0
"Conduct agricultural research, analyze data, and prepare research reports.",0.0
Prepare project proposals.,0.0
Contact carriers for rates or schedules.,0.0
"Prepare sketches of ideas, detailed drawings, illustrations, artwork, or blueprints, using drafting instruments, paints and brushes, or computer-aided design equipment.",0.0
"Appraise property values, assessing income potential when relevant.",0.0
"Compare logic element configuration on display screen with engineering schematics and calculate figures to convert, redesign, or modify element.",0.0
"Recommend changes to curricula or delivery methods, based on information such as instructional effectiveness data, current or future performance requirements, feasibility, and costs.",0.0
"Develop, validate, and document test routines and schedules to ensure that test cases mimic external interfaces and address all browser and device types.",0.0
Compile information on content and context of information to be translated and on intended audience.,0.0
Select cartographic elements needed for effective presentation of information.,0.0
Converse with customers to determine details of equipment problems.,0.0
"Analyze patient's medical history, medication allergies, physical condition, and examination results to verify operation's necessity and to determine best procedure.",0.0
"Instruct individuals or groups in sports rules, game strategies, and performance principles, such as specific ways of moving the body, hands, or feet, to achieve desired results.",0.0
"Review and interpret government codes, and develop programs to ensure adherence to codes and facility safety, security, and maintenance.",0.0
Assist in setting up or optimizing analytics tools for tracking visitors' behaviors.,0.0
"Inspect completed work to ensure conformance to specifications, standards, and contract requirements.",0.0
"Develop and apply time and cost networks to plan, control, and review large projects.",0.0
"Monitor, evaluate, and record client progress with respect to treatment goals.",0.0
"Maintain records and compile statistical reports concerning personnel-related data such as hires, transfers, performance appraisals, and absenteeism rates.",0.0
Evaluate advertising and promotion programs for compatibility with public relations efforts.,0.0
"Read and interpret blueprints, technical drawings, schematics, or computer-generated reports.",0.0
"Advise retail managers on compliance with applicable codes, laws, regulations, or standards.",0.0
"Address legal issues, such as child abuse and discipline, assisting with hearings and providing testimony to inform custody arrangements.",0.0
"Grade homework and tests, and compute and record results, using answer sheets or electronic marking devices.",0.0
"Visualize and compute dimensions, sizes, shapes, and tolerances of assemblies, based on specifications.",0.0
"Inform personnel of changes in regulations and policies, implications of new or amended laws, and new techniques of police work.",0.0
Record the specifics of malfunctioning machines and document malfunctions needing repair.,0.0
Collect data through surveys or experimentation.,0.0
"Schedule special events, such as camps, conferences, meetings, seminars, or retreats.",0.0
Prepare employee work schedules.,0.0
"Locate and notify customers of delinquent accounts by mail, telephone, or personal visits to solicit payment.",0.0
"Document user support activity, such as system problems, corrective actions, resolution status, and completed equipment installations.",0.0
"Compile and maintain records documenting engineering schematics, installed equipment, installation or operational problems, resources used, repairs, or corrective action performed.",0.0
"Direct marketing, advertising, or other customer recruitment efforts.",0.0
"Search files and contact witnesses, attorneys, or litigants to obtain information for the court.",0.0
Inspect plants and bud ties to assess quality.,0.0
"Gather records pertinent to specific problems, review them for completeness and accuracy, and attach records to correspondence as necessary.",0.0
"Compile and record medical charts, reports, or correspondence, using typewriter or personal computer.",0.0
Identify interested and qualified customers to provide them with additional information.,0.0
Evaluate analytical methods and procedures to determine how they might be improved.,0.0
Test new or updated software or tools and provide feedback to developers.,0.0
"Apply analytic methods or tools to understand, predict, or control logistics operations or processes.",0.0
Confer with customers to determine project requirements or to provide cost estimates.,0.0
"Sketch rough and detailed drawings of apparel or accessories, and write specifications such as color schemes, construction, material types, and accessory requirements.",0.0
Develop and maintain log of surveillance observations.,0.0
Design and implement data repositories to integrate data.,0.0
"Test issues such as system integration, performance, and system security on a regular schedule or after any major program modifications.",0.0
"Explain rules established by owner or management, such as sanitation or maintenance requirements or parking regulations.",0.0
Prepare required paperwork pertaining to departmental functions.,0.0
"Confer with systems analysts, engineers, programmers and others to design systems and to obtain information on project limitations and capabilities, performance requirements and interfaces.",0.0
"Develop or implement research methodologies or statistical analysis plans to test and evaluate developmental prototypes used in new products or processes, such as cockpit designs, user workstations, or computerized human models.",0.0
"Teach library patrons basic computer skills, such as searching computerized databases.",0.0
Evaluate new products for usefulness and suitability.,0.0
"Interview clients individually, in families, or in groups, assessing their situations, capabilities, and problems to determine what services are required to meet their needs.",0.0
"Design, implement, or establish requirements for security systems, video surveillance, motion detection, or closed-circuit television systems to ensure proper installation and operation.",0.0
Compute and record totals of transactions.,0.0
"Develop advertising campaigns for a wide range of clients, working with an advertising agency's creative director and art director to determine the best way to present advertising information.",0.0
"Implement Web site security measures, such as firewalls or message encryption.",0.0
"Set up and operate computer editing systems, electronic titling systems, video switching equipment, and digital video effects units to produce a final product.",0.0
Keep records of work performed.,0.0
"Develop performance standards, and evaluate work in light of established standards.",0.0
Create client presentations of plan details.,0.0
"Demonstrate equipment to customers, and explain functioning of equipment.",0.0
"Prepare reports of services rendered, tools used, or time required, for billing purposes.",0.0
"Resolve garbled or indecipherable messages, using cryptographic procedures and equipment.",0.0
Monitor and review paperwork procedures and systems to prevent error-related shortages.,0.0
Record and process results of procedures.,0.0
"Collaborate with other personnel to plan and develop recipes or menus, taking into account such factors as seasonal availability of ingredients or the likely number of customers.",0.0
"Advocate for patients' and families' needs, or provide emotional support for patients and their families.",0.0
Organize and string together raw footage into a continuous whole according to scripts or the instructions of directors and producers.,0.0
"Prepare and deliver lectures to undergraduate or graduate students on topics such as mechanics, hydraulics, and robotics.",0.0
Examine objects to be included in exhibits to plan where and how to display them.,0.0
Evaluate capital needs of clients and assess market conditions to inform structuring of financial packages.,0.0
"Compute final estimation of property values, taking into account such factors as depreciation, replacement costs, value comparisons of similar properties, and income potential.",0.0
Confer with customers and engineers to assess equipment needs and to determine system requirements.,0.0
Calculate actual treatment dosages delivered during each session.,0.0
"Advise architects, builders, and other construction personnel on fire prevention equipment and techniques and on fire code and standard interpretation and compliance.",0.0
Prepare and process requisitions and purchase orders for supplies and equipment.,0.0
Compile or develop materials to submit to granting or other funding organizations.,0.0
Analyze and modify compensation and benefits policies to establish competitive programs and ensure compliance with legal requirements.,0.0
"Review records or reports pertaining to activities such as production, payroll, or shipping to verify details, monitor work activities, or evaluate performance.",0.0
"Resolve personnel problems, complaints, or formal grievances when possible, or refer them to higher-level supervisors for resolution.",0.0
Explain company policies and procedures to staff using oral or written communication.,0.0
Teach in colleges and universities.,0.0
"Inspect crops, fields, or plant stock to determine conditions and need for cultivating, spraying, weeding, or harvesting.",0.0
"Describe artifacts' physical properties or attributes, such as the materials from which artifacts are made and their size, shape, function, and decoration.",0.0
Interview job applicants to obtain and verify information used to screen and evaluate them.,0.0
Develop and implement behavioral management and care plans for clients.,0.0
"Design specialized or customized equipment, machines, or structures.",0.0
"Evaluate the structure, efficiency, activities, and performance of government agencies.",0.0
Store completed documents in appropriate locations.,0.0
Refer patients to medical specialists or other practitioners when necessary.,0.0
"Refer patients to medical specialists, social services, or other professionals as appropriate.",0.0
Interpret regulatory rules or rule changes and ensure that they are communicated through corporate policies and procedures.,0.0
Enter insurance- and claims-related information into database systems.,0.0
Explain and demonstrate work tasks to new workers or assign training tasks to experienced workers.,0.0
Write applications for research grants.,0.0
"Provide information about local features, such as shopping, dining, nightlife, or recreational destinations.",0.0
"Plan and schedule programming and event coverage, based on broadcast length, time availability, and other factors, such as community needs, ratings data, and viewer demographics.",0.0
"Prepare rental or lease agreements, specifying charges and payment procedures for use of machinery, tools, or other items.",0.0
Document test procedures to ensure replicability and compliance with standards.,0.0
"Separate materials or products according to size, weight, type, condition, color, or shade.",0.0
"Perform humorous and serious interpretations of emotions, actions, and situations, using body movements, facial expressions, and gestures.",0.0
"Conduct personal background investigations, such as pre-employment checks, to obtain information about an individual's character, financial status, or personal history.",0.0
"Maintain wellness- and fitness-related schedules, records, or reports.",0.0
Refer clients to other types of therapists when necessary.,0.0
Compute costs of labor and materials to determine production costs of products and articles.,0.0
Analyze new legislation to determine impact on risk exposure.,0.0
Answer questions and provide future tax planning to clients.,0.0
Conduct user research to determine design requirements and analyze user feedback to improve design quality.,0.0
Answer questions about game rules and casino policies.,0.0
"Document patient information including session notes, progress notes, recommendations, and treatment plans.",0.0
Maintain logistics records in accordance with corporate policies.,0.0
Evaluate patients' vital signs or laboratory data to determine emergency intervention needs and priority of treatment.,0.0
"Create visual representations of geospatial data, using complex procedures such as analytical modeling, three-dimensional renderings, or plot creation.",0.0
Prepare publications and reports containing research findings.,0.0
"Supply the latest price quotes on any security, as well as information on the activities or financial positions of the corporations issuing these securities.",0.0
Teach patient education programs that include information required to make informed health care and treatment decisions.,0.0
"Obtain and record accurate patient history, including prior test results or information from physical examinations.",0.0
"Study diagnostic records, such as medical or dental histories, plaster models of the teeth, photos of a patient's face and teeth, and X-rays, to develop patient treatment plans.",0.0
Confer with clients to discuss and determine layout design.,0.0
Perform data entry and other clerical work as required for project completion.,0.0
"Review processing schedules or production orders to make decisions concerning inventory requirements, staffing requirements, work procedures, or duty assignments, considering budgetary limitations and time constraints.",0.0
Prepare cost and expenditure statements and other necessary documentation at regular intervals for the duration of the project.,0.0
Diagnose and repair vehicle heating and cooling systems.,0.0
Explain products or services and prices and demonstrate use of products.,0.0
Consult with clients to determine functional or spatial requirements of structures.,0.0
"Research, compile, analyze and organize information from maps, reports, investigations, and books for use in reports and special projects.",0.0
"Prepare invoices, shipping documents, and contracts.",0.0
"Plan, organize, or lead group activities for customers, such as exercise routines, athletic events, or arts and crafts.",0.0
Record operational data on specified forms.,0.0
Apply selected research findings to practice.,0.0
"Prepare lesson materials, bulletin board displays, exhibits, equipment, and demonstrations.",0.0
"Identify and analyze public health issues related to foodborne parasitic diseases and their impact on public policies, scientific studies, or surveys.",0.0
"Advise or instruct patients regarding preventive dental care, the causes and treatment of dental problems, or oral health care services.",0.0
Develop and implement organizational policies and procedures for the facility or medical unit.,0.0
Calculate material requirements or yields according to formulas.,0.0
"Plan layouts of stockrooms, warehouses, or other storage areas, considering turnover, size, weight, or related factors pertaining to items stored.",0.0
Collaborate with engineers or software developers to select appropriate design solutions or ensure the compatibility of system components.,0.0
Perform spatial analysis and modeling using geographic information system techniques.,0.0
"Analyze survey reports, maps, drawings, blueprints, aerial photography, or other topographical or geologic data.",0.0
"Prepare cost estimates, contracts, bidding documents, and technical reports for specific projects under an architect's or engineer's supervision.",0.0
"Record transaction information on forms or logs, and notify designated personnel of discrepancies.",0.0
"Diagnose or treat acute health care problems, such as illnesses, infections, or injuries.",0.0
"Instruct or advise clients on issues, such as household cleanliness, utilities, hygiene, nutrition, or infant care.",0.0
Develop criteria for the design and modification of survey instruments.,0.0
"Prepare grant applications to obtain funding for programs related to climate change, environmental management, or sustainability.",0.0
"Perform original and stock tricks of illusion to entertain and mystify audiences, occasionally including audience members as participants.",0.0
"Discuss with the client the product, advertising themes and methods, and any changes that should be made in advertising copy.",0.0
Evaluate mortgage options to help clients obtain financing at the best prevailing rates and terms.,0.0
"Enter information into computerized court calendar, filing, or case management systems.",0.0
"Provide forestry education and general information, advice, and recommendations to woodlot owners, community organizations, and the general public.",0.0
"Make objects or characters appear lifelike by manipulating light, color, texture, shadow, and transparency, or manipulating static images to give the illusion of motion.",0.0
"Analyze price proposals, financial reports, and other data and information to determine reasonable prices.",0.0
"Manipulate and enhance scanned or digital images to create desired effects, using computers and specialized software.",0.0
Advise patients about treatments and foot care techniques necessary for prevention of future problems.,0.0
"Analyze and record test data to issue reports that use charts, graphs, or narratives.",0.0
"Prepare scale drawings or architectural designs, using computer-aided design or other tools.",0.0
"Gather and compile data from hand count sheets, machine count tapes, or radar speed checks and code data for computer input.",0.0
"Negotiate, renegotiate, and administer contracts with suppliers, vendors, and other representatives.",0.0
"Inform clients of factors such as shipping options, timelines, transfers, or regulations affecting shipments.",0.0
"Plan work assignments and equipment allocations to meet transportation, operations or production goals.",0.0
Maintain system logs or manuals to document testing or operation of equipment.,0.0
Examine legal documents submitted to courts for adherence to laws or court procedures.,0.0
"Provide passengers with information or advice about the local area, points of interest, hotels, or restaurants.",0.0
"Develop and implement individualized treatment plans addressing family relationship problems, destructive patterns of behavior, and other personal issues.",0.0
Establish pace of programs and sequences of scenes according to time requirements and cast and set accessibility.,0.0
"Evaluate land and neighborhoods where properties are situated, considering locations and trends or impending changes that could influence future values.",0.0
Teach writing or communication classes.,0.0
"Confer with co-workers to obtain information about orders, processes, or problems.",0.0
Monitor inventory levels of products or materials in warehouses.,0.0
"Design, program, or model Geographic Information Systems (GIS) applications or procedures.",0.0
Consult classification manuals to locate information about disease processes.,0.0
"Analyze or interpret logistics data involving customer service, forecasting, procurement, manufacturing, inventory, transportation, or warehousing.",0.0
Establish and maintain relationships with individuals who are credible sources of information.,0.0
"Prepare environmental impact statements, reports, or presentations for regulatory or other agencies.",0.0
"Determine requirements for treatment, such as type, method and duration of therapy, precautions to be taken, or medication and dosages, compatible with physicians' orders.",0.0
"Review procedures, such as distribution or inventory management, to ensure maximum efficiency or minimum cost.",0.0
"Prepare reports or make presentations on internal investigations, losses, or violations of regulations, policies and procedures.",0.0
"Plan routines, choose appropriate music, and choose different movements for each set of muscles, depending on participants' capabilities and limitations.",0.0
Refer patients to specialists or community resources.,0.0
"Perform administrative duties, such as compiling and maintaining records, completing forms, preparing reports, or composing correspondence.",0.0
Handle customer complaints and take appropriate action to resolve them.,0.0
Report equipment problems and ensure that required repairs are made.,0.0
"Provide assistance to faculty and staff in duties such as teaching classes, conducting orientation programs, issuing transcripts, and scheduling events.",0.0
"Compare colors, shapes, textures, or grades of products or materials with color charts, templates, or samples to verify conformance to standards.",0.0
Prepare for assigned classes and show written evidence of preparation upon request of immediate supervisors.,0.0
Estimate transportation project costs.,0.0
"Check products for quality, and identify damaged or expired goods.",0.0
Compile and analyze data obtained from monitoring or diagnostic tests.,0.0
"Write and review product specifications, maintaining a working technical knowledge of the goods or services to be purchased.",0.0
"Plan and carry out work assignments, using blueprints, schematic drawings, technical manuals, wiring diagrams, or liquid or air flow sheets, following prescribed regulations, directives, or other instructions as required.",0.0
Participate in the publication of data or information.,0.0
Coach senior executives and managers on leadership and performance.,0.0
"Assess clients' soft tissue condition, joint quality and function, muscle strength, and range of motion.",0.0
"Design custom clothing and accessories for individuals, retailers, or theatrical, television, or film productions.",0.0
Prepare written opinions and decisions.,0.0
Recommend new equipment or software packages.,0.0
Design surveys to assess health issues.,0.0
"Compute moisture or salt content, percentages of ingredients, formulas, or other product factors, using mathematical and chemical procedures.",0.0
"Review workflow charts developed by programmer analyst to understand tasks computer will perform, such as updating records.",0.0
Analyze test results and develop a treatment plan.,0.0
"Keep records on individual children, including daily observations and information about activities, meals served, and medications administered.",0.0
"Consult sources, such as rate books, manuals, or insurance company representatives, to determine specific charges or information such as rules, regulations, or government tax and tariff information.",0.0
Update knowledge and skills to keep up with rapid advancements in computer technology.,0.0
"Observe and monitor patient food intake and body weight, and report changes, progress, and dietary problems to dietician.",0.0
"Compare prices, specifications, and delivery dates to determine the best bid among potential suppliers.",0.0
"Conduct research, data analysis, systems design, or support for software such as Geographic Information Systems (GIS) or Global Positioning Systems (GPS) mapping software.",0.0
"Interview patients to obtain information, such as complaints, symptoms, medical histories, and family histories.",0.0
Develop proposed project objectives and targets and report to management on progress in attaining them.,0.0
"Provide information about, and enforce, regulations, such as those concerning environmental protection, resource utilization, fire safety, and accident prevention.",0.0
Review manuscripts for professional journals.,0.0
Maintain and update organization information technology applications and network systems blueprints.,0.0
Advise clients on transportation and payment methods.,0.0
"Create, populate, or maintain databases for tracking validation activities, test results, or validated systems.",0.0
"Design and produce displays and materials that can be used to decorate windows, interior displays, or event locations, such as streets and fairgrounds.",0.0
Deliver oral or written presentations of the results of mathematical modeling and data analysis to management or other end users.,0.0
"Monitor, evaluate, and record client progress according to measurable goals described in treatment and care plan.",0.0
"Monitor operations to identify and solve problems, improve work methods, and ensure compliance with safety, company, and government regulations.",0.0
Complete baggage insurance forms.,0.0
"Assess patients' mental and physical status, based on the presenting symptoms and complaints.",0.0
"Estimate material, time, and staffing requirements for a given project, based on work orders, job specifications, and experience.",0.0
Prepare actors for auditions by providing scripts and information about roles and casting requirements.,0.0
Evaluate athletes' readiness to play and provide participation clearances when necessary and warranted.,0.0
"Organize and lead activities designed to promote physical, mental, and social development, such as games, arts and crafts, music, storytelling, and field trips.",0.0
"Provide information about facilities, entertainment options, and rules and regulations.",0.0
"Specialize in a particular type of treatment, such as dentistry, pathology, nutrition, surgery, microbiology, or internal medicine.",0.0
Perform quality checks on products and parts.,0.0
"Produce environmental assessment reports, tabulating data and preparing charts, graphs, or sketches.",0.0
"Promote products in online communities through weblog or discussion-forum postings, e-mail marketing programs, or online advertising.",0.0
"Prepare for assigned classes, and show written evidence of preparation upon request of immediate supervisors.",0.0
"Prioritize client debt repayment to avoid dire consequences, such as bankruptcy or foreclosure or to reduce overall costs, such as by paying high-interest or short-term loans first.",0.0
"Provide information about rental items, such as availability, operation, or description.",0.0
"Record, process, and maintain patient data or treatment records and prepare reports.",0.0
Install and configure recreations of software production environments to allow testing of software performance.,0.0
Offer alternatives during classes to accommodate different levels of fitness.,0.0
Develop applied software for the analysis and interpretation of geological data.,0.0
Design and implement warehouse database structures.,0.0
"Perform managerial functions, such as preparing proposals and budgets, analyzing labor costs, and writing reports.",0.0
"Advise teaching and administrative staff in curriculum development, use of materials and equipment, and implementation of state and federal programs and procedures.",0.0
"Prepare and present summaries and analyses of survey data, including tables, graphs, and fact sheets that describe survey techniques and results.",0.0
Make recommendations to management concerning such issues as staffing decisions or procedural changes.,0.0
Furnish customers with information on events or activities.,0.0
"Distinguish between physiologically- and psychologically-based disorders, and diagnose appropriately.",0.0
"Develop, conduct, support, or assist in governmental reviews, internal corporate evaluations, or assessments of the overall effectiveness of facility and personnel security processes.",0.0
Keep records of the quantities of food used.,0.0
"Diagnose and treat skin conditions such as acne, dandruff, athlete's foot, moles, psoriasis, or skin cancer.",0.0
Prepare plans to manage renewable resources.,0.0
Monitor participants' progress and adapt programs as needed.,0.0
"Develop, maintain, or analyze budgets, preparing periodic reports that compare budgeted costs to actual costs.",0.0
"Record operating data, such as process conditions, test results, or instrument readings.",0.0
"Compare models using statistical performance metrics, such as loss functions or proportion of explained variance.",0.0
"Lay out and draw schematic, orthographic, or angle views to depict functional relationships of components, assemblies, systems, and machines.",0.0
"Observe animals for signs of illness, injury, or unusual behavior, notifying veterinarians or managers as warranted.",0.0
"Participate in product design reviews to provide input on functional requirements, product designs, schedules, or potential problems.",0.0
"Compile terminology and information to be used in translations, including technical terms such as those for legal or medical material.",0.0
"Keep informed regarding pending industry changes, trends, or best practices.",0.0
Evaluate business operations to identify risk areas for fraud.,0.0
"Assess effectiveness and efficiency of instruction according to ease of instructional technology use and student learning, knowledge transfer, and satisfaction.",0.0
"Study illustrations and photographs to plan presentation of materials, products, or services.",0.0
Intervene as an advocate for clients or patients to resolve emergency problems in crisis situations.,0.0
"Gather client information from sources such as case documentation, client observation, or interviews of client or family members.",0.0
"Sort and file correspondence and perform miscellaneous clerical duties, such as answering correspondence and writing reports.",0.0
Recommend assistive devices according to patients' needs or nature of impairments.,0.0
"Estimate quantities and cost of materials, equipment, or labor to determine project feasibility.",0.0
Schedule appointments for patients.,0.0
"Prepare plans that outline operating procedures to be used in response to disasters or emergencies, such as hurricanes, nuclear accidents, and terrorist attacks, and in recovery from these events.",0.0
Record facts to prepare reports that document incidents and activities.,0.0
"Record or compile test results or prepare graphs, charts, or reports.",0.0
Instruct participants in maintaining exertion levels to maximize benefits from exercise routines.,0.0
"Report and document safety hazards, potentially hazardous conditions, and unsafe practices and procedures.",0.0
"Identify target markets for designs, looking at factors such as age, gender, and socioeconomic status.",0.0
Maintain databases of logistics information.,0.0
Write decisions on cases.,0.0
"Provide logistics technology or information for effective and efficient support of product, equipment, or system manufacturing or service.",0.0
Teach instructional courses and advise students.,0.0
Propose recommendations for improving content management system capabilities.,0.0
Explain procedures and discuss test results or prescribed treatments with patients and parents or guardians.,0.0
"Assess urgent and emergent health conditions, using both physiologically and technologically derived data.",0.0
"Design, develop, select, test, implement, and evaluate new or modified informatics solutions, data structures, and decision-support mechanisms to support patients, health care professionals, and their information management and human-computer and human-technology interactions within health care contexts.",0.0
"Confer with coworkers to obtain information about orders, processes, or problems.",0.0
"Discard or reject products, materials, or equipment not meeting specifications.",0.0
"Estimate amounts and costs of required supplies, such as food and ingredients.",0.0
"Plan and prepare food for parties, holiday meals, luncheons, special functions, and other social events.",0.0
"Promote conference, convention and trades show services by performing tasks such as meeting with professional and trade associations, and producing brochures and other publications.",0.0
Examine records to locate links in chains of evidence or information.,0.0
Interpret administrative and operating policies and procedures for employees.,0.0
"Set specifications for materials, dimensions, and finishes.",0.0
"Test, maintain, and monitor computer programs and systems, including coordinating the installation of computer programs and systems.",0.0
Perform marketing and public relations activities.,0.0
Organize tutoring environment to promote productivity and learning.,0.0
Maintain inventories of materials.,0.0
Develop or integrate control feature requirements.,0.0
"Present statistical and nonstatistical results, using charts, bullets, and graphs, in meetings or conferences to audiences such as clients, peers, and students.",0.0
Teach instructors to use instructional technology or to integrate technology with teaching.,0.0
"Catalogue and sort books and other print and non-print materials according to procedure and return them to shelves, files, or other designated storage areas.",0.0
Prepare or review engineering studies or specifications.,0.0
"Edit films and videotapes to insert music, dialogue, and sound effects, to arrange films into sequences, and to correct errors, using editing equipment.",0.0
Organize and maintain periodicals and reference materials.,0.0
"Perform quality control audits to ensure accuracy, completeness, or proper usage of clinical systems and data.",0.0
"Calculate design specifications or cost, material, and resource estimates, and prepare project schedules and budgets.",0.0
Collaborate with counselors to develop counseling programs that address the needs of individual students.,0.0
"Develop therapeutic and treatment plans based on clients' interests, abilities, or needs.",0.0
Evaluate needs for procurement of funds and investment of surpluses and make appropriate recommendations.,0.0
"Maintain customer records, using automated systems.",0.0
"Provide technical engineering support in the planning of projects, such as wastewater treatment plants, to ensure compliance with environmental regulations and policies.",0.0
"Monitor industry standards, trends, or practices to identify developments in logistics planning or execution.",0.0
Review completed construction drawings and cost estimates for accuracy and conformity to standards and regulations.,0.0
Advise clients on nail care and use of products and colors.,0.0
"Select appropriate tools, safety equipment, and parts, according to job requirements.",0.0
"Develop rehabilitation plans that fit clients' aptitudes, education levels, physical abilities, and career goals.",0.0
Conduct presentations of analytic findings.,0.0
"Evaluate the statistical methods and procedures used to obtain data to ensure validity, applicability, efficiency, and accuracy.",0.0
"Develop and implement purchasing and contract management instructions, policies, and procedures.",0.0
"Recommend changes in patients' work or living environments, consistent with their needs and capabilities.",0.0
"Install network software, including security or firewall software.",0.0
"Develop and use multimedia course materials and other current technology, such as online courses.",0.0
Answer customer questions regarding problems with their accounts.,0.0
Recommend improvements in security systems or procedures.,0.0
"Make computations relating to load requirements of wiring or equipment, using algebraic expressions and standard formulas.",0.0
"Prepare responses to customer requests for information, such as product data, written regulatory affairs statements, surveys, or questionnaires.",0.0
Determine guidelines that specify which source material is acceptable for use.,0.0
"Write documents describing protocols, policies, standards for use, maintenance, and repair of medical equipment.",0.0
Review operations and confer with technical or administrative staff to resolve production or processing problems.,0.0
"Demonstrate or explain products, methods, or services to persuade customers to purchase products or use services.",0.0
Prepare diagnostic or treatment reports for other medical practitioners or therapists.,0.0
"Develop or implement plans for facility modification or expansion, such as equipment purchase or changes in space allocation or structural design.",0.0
Document technical specifications and operating standards for telecommunications equipment.,0.0
"Perform business management duties, such as maintaining records or files, preparing reports, or ordering supplies or equipment.",0.0
"Confer with clients to develop strategies for their careers, and to explain actions taken on their behalf.",0.0
Complete sales order tickets and submit for processing of client-requested transactions.,0.0
Direct or participate in emergency management and contingency planning.,0.0
"Compile scripts, program notes, and other material related to productions.",0.0
Monitor and evaluate effectiveness of sustainability programs.,0.0
Develop department and course schedules.,0.0
Compile and prepare reports and documents pertaining to personnel activities.,0.0
"Evaluate the organization's technology use and needs and recommend improvements, such as hardware and software upgrades.",0.0
"Conduct research to develop methodologies, instrumentation, and procedures for medical application, analyzing data and presenting findings to the scientific audience and general public.",0.0
"Interpret safety regulations for others interested in industrial safety, such as safety engineers, labor representatives, and safety inspectors.",0.0
"Page guests in hotel lobbies, dining rooms, or other areas.",0.0
Maintain case history records and prepare reports.,0.0
Write grant proposals to obtain funding for research.,0.0
"Conduct analyses to determine the maximum amount of work that can be accomplished for a given amount of energy in a system, such as industrial production systems and waste treatment systems.",0.0
"Complete production reports, purchase orders, and material, tool, and equipment lists.",0.0
Monitor patients' progress and adjust treatments accordingly.,0.0
"Maintain records and compile statistical reports concerning personnel-related data, such as hires, transfers, performance appraisals, and absenteeism rates.",0.0
"Record and evaluate patient and family health and food history, including symptoms, environmental toxic exposure, allergies, medication factors, and preventive health-care measures.",0.0
Evaluate workers' performance and prepare written performance evaluations.,0.0
Check preliminary and final proofs for errors and make necessary corrections.,0.0
"Inform customers of procedures for applying for services, such as ATM cards, direct deposit of checks, and certificates of deposit.",0.0
Prepare and submit budget requests or grant proposals to solicit program funding.,0.0
"Review data about material assets, net worth, liabilities, capital stock, surplus, income, or expenditures.",0.0
"Modify computer security files to incorporate new software, correct errors, or change individual access status.",0.0
"Perform database verifications, using computers.",0.0
Identify or maintain links to and from other Web sites and check links to ensure proper functioning.,0.0
"Prepare or maintain required records, such as work activity or personnel reports.",0.0
"Evaluate and grade students' class work, laboratory work, assignments, and papers.",0.0
"Formulate policies, procedures and programs for recruitment, testing, placement, classification, orientation, benefits and compensation, and labor and industrial relations.",0.0
Track delivery progress of shipments.,0.0
"Examine city directories and public records to verify residence property ownership, bankruptcies, liens, arrest record, or unpaid taxes of applicants.",0.0
"Maintain required records of work hours, budgets, payrolls, and other information.",0.0
"Evaluate new and existing programming to assess suitability and the need for changes, using information such as audience surveys and feedback.",0.0
"Analyze statistical information to estimate mortality, accident, sickness, disability, and retirement rates.",0.0
"Create Web models or prototypes that include physical, interface, logical, or data models.",0.0
Adapt the quantity of ingredients to match the amount of items to be baked.,0.0
"Develop, direct, and participate in training programs for staff and students.",0.0
Write about and present research findings for a variety of specialized and general audiences.,0.0
Develop cost reduction strategies and savings plans.,0.0
Design tests of finished products or process capabilities to establish standards or validate process requirements.,0.0
Plan work schedules and assign duties to maintain adequate staff for effective performance of activities and response to fluctuating workloads.,0.0
"Gather diagnostic data from sources such as case documentation, observations of clients, or interviews with clients or family members.",0.0
Provide consulting services to other physicians.,0.0
Integrate engineering elements into unified architectural designs.,0.0
"Schedule events and organize details, including refreshment, entertainment, decorations, and the collection of any fees.",0.0
"Develop data models describing data elements and how they are used, following procedures and using pen, template, or computer software.",0.0
Recommend acceptance or rejection of compromise settlement offers.,0.0
"Gather, register, and arrange the material to be typed, following instructions.",0.0
Prepare documents recording the outcomes of court proceedings.,0.0
"Produce or update overlay maps to show information boundaries, water locations, or topographic features on various base maps or at different scales.",0.0
"Draft working drawings, wiring diagrams, wiring connection specifications, or cross-sections of underground cables, as required for instructions to installation crew.",0.0
Feed and water animals according to schedules and feeding instructions.,0.0
Prepare or validate documentation on automated logistics or maintenance-data reporting or management information systems.,0.0
Discuss data presentation requirements with clients.,0.0
"Recommend the acceptance or rejection of claims or compromise settlements according to laws, regulations, policies, and precedent decisions.",0.0
Write grant applications to obtain funding.,0.0
Inspect and test systems to verify system compliance with plans and specifications or to detect and locate malfunctions.,0.0
"Recommend educational materials or resources to clients on matters, such as financial planning, budgeting, or credit.",0.0
Identify appropriate Key Performance Indicators (KPIs) and report key metrics from digital campaigns.,0.0
"Transcribe ideas for musical compositions into musical notation, using instruments, pen and paper, or computers.",0.0
"Compile, analyze, and report data to explain economic phenomena and forecast market trends, applying mathematical models and statistical techniques.",0.0
Document or review patients' histories.,0.0
"Prepare and maintain a directory of suppliers, contractors and subcontractors.",0.0
"Compile employee time, production, and payroll data from time sheets and other records.",0.0
Answer telephones and schedule appointments.,0.0
"Answer inquiries pertaining to hotel services, guest registration, and travel directions, or make recommendations regarding shopping, dining, or entertainment.",0.0
Assemble documentation packages and produce drawing sets to be checked by an engineer or an architect.,0.0
Review and edit standard operating procedures.,0.0
"Enter computer commands to store or retrieve parts patterns, graphic displays, or programs that transfer data to other media.",0.0
"Fill out and maintain client-related paperwork, including federal- and state-mandated forms, client diagnostic records, and progress notes.",0.0
Compare a property with similar properties that have recently sold to determine its competitive market price.,0.0
"Present information in audio-visual or interactive formats, using computers, television, audio-visual aids, or other equipment, materials, or technologies.",0.0
Prepare detailed reports on audit findings.,0.0
Collaborate with other actors as part of an ensemble.,0.0
Interpret drilling and testing information for personnel.,0.0
"Calculate and quote rates for tours, stocks, insurance policies, or other products or services.",0.0
Provide technical expertise in Geographic Information Systems (GIS) technology to clients or users.,0.0
Conduct seminars and training sessions for sales agents to improve sales techniques.,0.0
Write technical reports for engineering and management personnel.,0.0
"Evaluate staff performance, recording evaluations on appropriate forms.",0.0
"Recommend or implement methods to monitor, evaluate, or enable resolution of safety, operations, or compliance interruptions.",0.0
Compute payment schedules.,0.0
"Interview clients to determine clients' assets, liabilities, cash flow, insurance coverage, tax status, or financial objectives.",0.0
"Maintain library of model documents, templates, or other reusable knowledge assets.",0.0
"Provide information to the patient about the proposed intervention, its material risks and expected benefits, and any reasonable alternatives.",0.0
Present designs and reports to customers or design committees for approval and discuss need for modification.,0.0
"Write drafts of legislative proposals, and prepare speeches, correspondence, and policy papers for governmental use.",0.0
"Collect data about the attitudes, values, and behaviors of people in groups, using observation, interviews, and review of documents.",0.0
"Prepare and type loan applications, closing documents, legal documents, letters, forms, government notices, and checks, using computers.",0.0
Interpret and communicate work procedures and company policies to staff.,0.0
Build models for algorithm or control feature verification testing.,0.0
"Develop new business by contacting potential clients, making sales presentations, and writing proposals.",0.0
"Analyze test readings, computer printouts, and trouble reports to determine equipment repair needs and required repair methods.",0.0
"Perform various data entry or word processing tasks, such as updating phone directories, typing or proofreading documents, or creating schedules.",0.0
"Sort, assemble, and proof completed work.",0.0
"Conduct logistics studies or analyses, such as time studies, zero-base analyses, rate analyses, network analyses, flow-path analyses, or supply chain analyses.",0.0
"Provide information or technical or program assistance to government representatives, employers, or the general public on the issues of public health, environmental protection, or workplace safety.",0.0
"Prepare, administer, or grade assignments to evaluate students' progress.",0.0
Write and submit proposals to bid on contracts for projects.,0.0
Discuss test results and analyses with customers.,0.0
"Book airline or train tickets, reserve rental cars, or arrange shuttle service for guests.",0.0
Incorporate research findings into practice as appropriate.,0.0
Prepare and maintain all required treatment records and reports.,0.0
Assess employee performance and suggest ways to improve work.,0.0
"Prepare reports or recommendations, based upon research outcomes.",0.0
"Analyze or estimate production costs, such as labor, equipment, and plant space.",0.0
Give advice on sightseeing and shopping.,0.0
"Collect, record, and maintain patient information, such as medical histories, reports, or examination results.",0.0
"Develop or specify standards, methods, or procedures to determine product quality or release readiness.",0.0
"Review and interpret government codes and develop procedures to meet codes and to ensure facility safety, security, and maintenance.",0.0
Analyze test data to identify defects or determine calibration requirements.,0.0
Maintain records of performance reports for future reference.,0.0
"Compile information about flights from flight plans, pilot reports, radar, or observations.",0.0
Interpret protocols and advise treating physicians on appropriate dosage modifications or treatment calculations based on patient characteristics.,0.0
Maintain input or data quality of risk management systems.,0.0
"List parts needed, estimate costs, and plan work procedures, using parts lists, technical manuals, or diagrams.",0.0
Contact applicants or creditors to resolve questions about applications or to assist with completion of paperwork.,0.0
Provide technical or administrative support for sustainability programs or issues.,0.0
Arrange and edit music to fit style and purpose.,0.0
"Submit preliminary or finished artwork or project plans to clients for approval, incorporating changes as necessary.",0.0
"Resolve any problems with itineraries, service, or accommodations.",0.0
Carry messages or documents between departments.,0.0
"Present lectures and conduct discussions to increase students' knowledge and competence using visual aids, such as graphs, charts, videotapes, and slides.",0.0
"Formulate predictions by interpreting environmental data, such as meteorological, atmospheric, oceanic, paleoclimate, climate, or related information.",0.0
"Consult with and advise government officials, civic bodies, research agencies, the media, political parties, and others concerned with political issues.",0.0
Collect and analyze data to determine environmental conditions and restoration needs.,0.0
"Prepare plans, estimates, design and construction schedules, and contract specifications, including any special provisions.",0.0
"Compile, record, and evaluate personal and financial data to verify completeness and accuracy, and to determine eligibility status.",0.0
"Consult with advertising agencies or staff to arrange promotional campaigns in all types of media for products, organizations, or individuals.",0.0
"File and store completed documents on computer hard drive or disk, or maintain a computer filing system to store, retrieve, update, and delete documents.",0.0
Confer with clients regarding the nature of the information processing or computation needs a computer program is to address.,0.0
Analyze financial or operational performance of companies facing financial difficulties to identify or recommend remedies.,0.0
"Work with staff to develop script, story, or advertising concepts.",0.0
"Design or prepare graphic representations of Geographic Information Systems (GIS) data, using GIS hardware or software applications.",0.0
Communicate with system users to ensure accounts are set up properly or to diagnose and solve operational problems.,0.0
"Counsel student athletes on academic, athletic, and personal issues.",0.0
Verify regulatory compliance of transaction reporting.,0.0
Devise testing methods to evaluate the effects of various conditions on particular materials.,0.0
"Communicate with clients to build rapport, acknowledge their progress, or reflect upon their reactions to musical experiences.",0.0
Present information to customers about the energy efficiency or environmental impact of scientific or technical products.,0.0
Calculate required capacities for equipment of proposed system to obtain specified performance and submit data to engineering personnel for approval.,0.0
Speak foreign languages to communicate with foreign visitors.,0.0
Advise clients or community groups to ensure parental understanding of the importance of childhood immunizations and how to access immunization services.,0.0
Schedule medical appointments for patients.,0.0
"Research laws, regulations, policies, or precedent decisions to prepare for hearings.",0.0
"Write for technical magazines, journals, and trade association publications.",0.0
"Type, format, proofread, and edit correspondence and other documents, from notes or dictating machines, using computers or typewriters.",0.0
Recommend new remote sensing hardware or software acquisitions.,0.0
"Analyze test data, making computations as necessary, to determine test results.",0.0
"Locate and correct data entry errors, or report them to supervisors.",0.0
"Develop or validate product-specific test protocols, acceptance thresholds, or inspection tools for quality control testing or performance measurement.",0.0
"Compile reports of cost factors, such as labor, production, storage, and equipment.",0.0
"Recommend process formulas, instrumentation, or equipment specifications, based on results of bench or pilot experimentation.",0.0
Configure wide area network (WAN) or local area network (LAN) routers or related equipment.,0.0
"Locate suppliers, using sources such as catalogs and the internet, and interview them to gather information about products to be ordered.",0.0
"Analyze blueprints and other documentation to prepare time, cost, materials, and labor estimates.",0.0
"Grill, cook, and fry foods such as french fries, eggs, and pancakes.",0.0
"Analyze performance data to determine effectiveness of instructional systems, courses, or instructional materials.",0.0
Analyze laboratory findings to check the accuracy of the results.,0.0
"Maintain daily logs of operation, maintenance, and safety activities, including test results, instrument readings, and details of equipment malfunctions and maintenance work.",0.0
"Communicate test results or technical information to patients, physicians, family members, or researchers.",0.0
"Perform Web site tests according to planned schedules, or after any Web site or product revision.",0.0
"Locate and record data on sales of comparable property using specialized software, internet searches, or personal records.",0.0
"Prepare and maintain records detailing tests, repairs, and maintenance.",0.0
"Prepare technical reports for use by engineering, management, or sales personnel.",0.0
"Recommend or initiate personnel actions, such as promotions, transfers, or disciplinary measures.",0.0
"Coordinate with developers to optimize Web site architecture, server configuration, or page construction for search engine consumption and optimal visibility.",0.0
"Prepare budget or cost estimates for equipment, construction, or installation projects or control expenditures.",0.0
"Apply elements of music theory to create musical and tonal structures, including harmonies and melodies.",0.0
"Prepare grant proposals, budgets, and program policies and goals or assist in their preparation.",0.0
Monitor product quality to ensure compliance with standards and specifications.,0.0
Determine project material or equipment needs.,0.0
Determine training needs of students or workers.,0.0
Compile and maintain records of food use and expenditures.,0.0
Confer with project personnel to identify and resolve problems.,0.0
"Recommend or implement personnel actions, such as employee selection, evaluation, rewards, or disciplinary actions.",0.0
"Conduct research to determine best methods of planting, spraying, cultivating, harvesting, storing, processing, or transporting horticultural products.",0.0
"Provide professional consulting services to government, educational institutions, or industry.",0.0
Manage user access to systems and equipment through account management and password administration.,0.0
"Prepare, organize, and maintain inspection records.",0.0
"Measure or weigh ingredients, using scales or measuring containers.",0.0
"Recommend actions related to historical art, such as which items to add to a collection or which items to display in an exhibit.",0.0
"List parts needed, estimate costs, and plan work procedures, using parts lists, technical manuals, and diagrams.",0.0
"Recommend and implement measures to improve worker motivation, work methods, or customer services.",0.0
Quote prices to customers.,0.0
"Develop marketing materials, proposals, or presentations to generate new work opportunities.",0.0
Advertise services using media such as internet advertising and brochures.,0.0
Modify treatment plans to comply with changes in client status.,0.0
Write technical reports or publications related to water resources development or water use efficiency.,0.0
Calculate costs for billings or commissions.,0.0
"Enter, store, and retrieve information on computer-aided equipment.",0.0
"Create diagrams to communicate environmental remediation planning, using geographic information systems (GIS), computer-aided design (CAD), or other mapping or diagramming software.",0.0
"Analyze organic or inorganic compounds to determine chemical or physical properties, composition, structure, relationships, or reactions, using chromatography, spectroscopy, or spectrophotometry techniques.",0.0
Analyze x-rays to locate the sources of patients' difficulties and to rule out fractures or diseases as sources of problems.,0.0
"Encourage clients with special needs and circumstances to acquire new skills and get involved in health-promoting leisure activities, such as sports, games, arts and crafts, and gardening.",0.0
Review electrical engineering plans to ensure adherence to design specifications and compliance with applicable electrical codes and standards.,0.0
"Prepare, maintain, or oversee the preparation and maintenance of attendance, activity, planning, or personnel reports and records.",0.0
"Compare liquidity, profitability, and credit histories of establishments being evaluated with those of similar establishments in the same industries and geographic locations.",0.0
Appraise and inventory real and personal property for estate planning.,0.0
"Use sales forecasting or strategic planning to ensure the sale and profitability of products, lines, or services, analyzing business developments and monitoring market trends.",0.0
"Recommend repair or design modifications of electronics components or systems, based on factors such as environment, service, cost, or system capabilities.",0.0
Review illustrative material to determine if it conforms to standards and specifications.,0.0
"Communicate examination results or diagnostic information to referring physicians, patients, or families.",0.0
Confer with colleagues to formulate positions and strategies pertaining to pending issues.,0.0
"Perform accounting duties, such as recording daily cash flow, preparing bank deposits, or generating financial statements.",0.0
"Inform customers about issues related to responsible use and disposal of products, such as waste reduction or product or byproduct recycling or disposal.",0.0
Document installation or configuration procedures to allow maintenance and repetition.,0.0
"Design, analyze, and decipher encryption systems designed to transmit military, political, financial, or law-enforcement-related information in code.",0.0
"Answer inquiries from the general public regarding judicial procedures, court appearances, trial dates, adjournments, outstanding warrants, summonses, subpoenas, witness fees, or payment of fines.",0.0
Document application and Web site changes or change procedures.,0.0
"Provide litigation support, such as writing reports for expert testimony or testifying as an expert witness.",0.0
Prepare reports on logistics performance measures.,0.0
"Document account activities, generate reports, and keep records of business transactions with customers and suppliers.",0.0
"Interview clients to determine their current income, expenses, insurance coverage, tax status, financial objectives, risk tolerance, or other information needed to develop a financial plan.",0.0
Review security assessments for computing environments or check for compliance with cybersecurity standards and regulations.,0.0
"Maintain records, such as daily production records, using specified forms.",0.0
"Plan, evaluate, and revise curricula, course content, course materials, and methods of instruction.",0.0
Plan and prepare grant proposals to request program funding.,0.0
"Develop data models for applications, metadata tables, views or related database structures.",0.0
Prepare reports on students and activities as required by administration.,0.0
"Prepare, compile, and submit reports on work activities, operations, production, or work-related accidents.",0.0
Seek out new clients and develop clientele by networking to find new customers and generate lists of prospective clients.,0.0
Examine societal issues and their relationship with both technical systems and the environment.,0.0
"Advise management on such matters as equal employment opportunity, sexual harassment, and discrimination.",0.0
"Evaluate and grade students' class work, performances, projects, assignments, and papers.",0.0
"Explain procedures to patients, family members, staff members or others.",0.0
"Conduct research to obtain factual information and authentic detail, using sources such as newspaper accounts, diaries, and interviews.",0.0
Prepare personnel forecasts to project employment needs.,0.0
"Diagnose faults or malfunctions to determine required repairs, using engine diagnostic equipment such as computerized test equipment and calibration devices.",0.0
"Present information with a variety of instructional techniques or formats, such as role playing, simulations, team exercises, group discussions, videos, or lectures.",0.0
Schedule appointments with clients.,0.0
Provide follow-up consultations for clients to ensure landscape designs are maturing or developing as planned.,0.0
Draw building diagrams and record dimensions.,0.0
"Inspect merchandise or products to determine quality, value, or yield.",0.0
Enter and update patrons' records on computers.,0.0
Resolve customer complaints regarding sales and service.,0.0
Prepare settlement agreements for disputants to sign.,0.0
"Perform administrative or business management tasks, such as scheduling appointments, accepting payments from clients, budgeting, or maintaining business records.",0.0
"Answer inquiries regarding rates, routing, or procedures.",0.0
"Prepare reports on activity, personnel, and information, such as occupancy, hours worked, facility usage, work performed, and departmental expenses.",0.0
"Establish or implement departmental policies, goals, objectives, or procedures in conjunction with board members, organization officials, or staff members.",0.0
Analyze and interpret news and information received from various sources to broadcast the information.,0.0
"Analyze building codes, by-laws, space and site requirements, and other technical documents and reports to determine their effect on architectural designs.",0.0
"Advertise products and work, using media such as internet advertising and brochures.",0.0
"Identify staff vacancies and recruit, interview, and select applicants.",0.0
"Operate scanners or related computer equipment to digitize negatives, photographic prints, or other images.",0.0
Write patient discharge summaries and send them to primary care physicians.,0.0
"Study drawings, specifications, mockups, and product samples to integrate and delineate technology, operating procedure, and production sequence and detail.",0.0
Transmit work electronically to other locations.,0.0
Provide patients with assistance in locating or holding jobs.,0.0
"Prepare shipping documentation, such as bills of lading, packing lists, dock receipts, or certificates of origin.",0.0
Recommend improvements to existing or planned logistics processes.,0.0
Create custom illustrations or other graphic elements.,0.0
Recommend personnel actions related to programs and services.,0.0
"Write reports, sign affidavits, or give depositions for legal proceedings.",0.0
Review billing for accuracy.,0.0
"Write or update standard operating procedures, work instructions, or policies.",0.0
Record production and operational data on specified forms.,0.0
"Implement or perform preventive maintenance, backup, or recovery procedures.",0.0
"Inform management about problems, such as employee disputes.",0.0
Prepare and structure data warehouses for storing data.,0.0
Schedule employee work assignments and set work priorities.,0.0
Prepare written opinions or decisions regarding cases.,0.0
Monitor compliance systems to ensure their effectiveness.,0.0
"Provide project management services, including the provision and analysis of technical data.",0.0
Suggest best methods of packaging or labeling products.,0.0
Document methods used and write technical reports containing information collected.,0.0
"Analyze corporate intelligence data to identify trends, patterns, or warnings indicating threats to security of people, assets, information, or infrastructure.",0.0
Review clinical or other medical research protocols and recommend appropriate statistical analyses.,0.0
"Confer with staff, users, and management to establish requirements for new systems or modifications.",0.0
Write descriptions of the property being appraised.,0.0
Confer with parents and staff to discuss educational activities and policies and students' behavioral or learning problems.,0.0
"Analyze ecological data about the impact of pollution, erosion, floods, and other environmental problems on bodies of water.",0.0
"Provide statistical and computational tools for biologically based activities, such as genetic analysis, measurement of gene expression, or gene function determination.",0.0
"Prepare administrative, technical, or statistical reports on traffic-operation matters, such as accidents, safety measures, or pedestrian volume or practices.",0.0
"Develop, implement, and evaluate methods of data collection, such as questionnaires or interviews.",0.0
"Research production topics using the internet, video archives, and other informational sources.",0.0
"Explain company personnel policies, benefits, and procedures to employees or job applicants.",0.0
"Refer people to community support services, psychologists, or doctors.",0.0
Monitor patients' medication usage and results.,0.0
"Conduct research on cell organization and function, including mechanisms of gene expression, cellular bioinformatics, cell signaling, or cell differentiation.",0.0
"Quote unit exchange rates, following daily international rate sheets or computer displays.",0.0
Provide psychological or administrative services and advice to private firms or community agencies regarding mental health programs or individual cases.,0.0
Prepare comprehensive interpretive reports of findings.,0.0
"Measure parts to verify specified dimensions or settings, such as camera shutter speed or light meter reading accuracy, using measuring instruments.",0.0
"Monitor market conditions, innovations, and competitors' services, prices, and sales.",0.0
Trim film segments to specified lengths and reassemble segments in sequences that present stories with maximum effect.,0.0
Prepare reports that include the degree of risk involved in extending credit or lending money.,0.0
"Advise planning officials on project feasibility, cost-effectiveness, regulatory conformance, or possible alternatives.",0.0
Record production or operational data on specified forms.,0.0
Calculate corrections for refractive errors.,0.0
Analyze credit data and financial statements to determine the degree of risk involved in extending credit or lending money.,0.0
"Assess patients' psychosocial status and needs, including areas such as sleep patterns, anxiety, grief, anger, and support systems.",0.0
"Analyze network data to determine network usage, disk space availability, or server function.",0.0
"Prepare or maintain employment records related to events, such as hiring, termination, leaves, transfers, or promotions, using human resources management system software.",0.0
Develop or review specifications for design or construction of security systems.,0.0
"Establish operational policies and procedures and make any necessary modifications, based on analysis of operations, demographics, and other research information.",0.0
"Obtain, move, and sort products, materials, containers, and orders, using hand tools.",0.0
Evaluate new testing and sampling methodologies or technologies to determine usefulness.,0.0
Encourage students to explore learning opportunities or persevere with challenging tasks to prepare them for later grades.,0.0
Analyze details of sales territories to assess their growth potential and to set quotas.,0.0
Provide assistance in the design of survey instruments such as questionnaires.,0.0
Key in processing instructions to program electronic equipment.,0.0
"Evaluate hearing or speech and language test results, barium swallow results, or medical or background information to diagnose and plan treatment for speech, language, fluency, voice, or swallowing disorders.",0.0
Check inventory records to determine availability of requested merchandise.,0.0
Develop new analytical techniques or sensor systems.,0.0
"Measure, weigh, and count products and materials.",0.0
Encourage individuals and family members to develop and use skills and strategies for confronting their problems in a constructive manner.,0.0
Test changes to database applications or systems.,0.0
Estimate costs for system or component implementation and operation.,0.0
"Draw charts and graphs, using computer spreadsheets, to illustrate technical reports.",0.0
Assign and grade class work and homework.,0.0
Check all load-related documentation for completeness and accuracy.,0.0
"Record production data, and maintain production logs.",0.0
"Prepare and write reports detailing specific fire prevention and protection issues, such as work performed, revised codes or standards, and proposed review schedules.",0.0
Monitor and record clients' progress to ensure that goals and objectives are met.,0.0
"Review papers or serve on editorial boards for scientific journals, and review grant proposals for federal agencies.",0.0
"Instruct students in the knowledge and skills required in a specific occupation or occupational field, using a systematic plan of lectures, discussions, audio-visual presentations, and laboratory, shop, and field studies.",0.0
Submit daily reports on facility operations.,0.0
"Read and understand operating manuals, blueprints, and technical drawings.",0.0
"Compute, record, and proofread data and other information, such as records or reports.",0.0
Use telephone to deliver verbal messages.,0.0
"Analyze data on conditions such as site location, drainage, or structure location for environmental reports or landscaping plans.",0.0
"Revise production schedules when required due to design changes, labor or material shortages, backlogs, or other interruptions, collaborating with management, marketing, sales, production, or engineering.",0.0
"Plan and deliver client-centered programs and services, such as special services for corporate clients, storytelling for children, newsletters, or programs for special groups.",0.0
Develop staff service or retail goals and guide staff in goal achievement.,0.0
"Read and interpret electronic circuit diagrams, function block diagrams, specifications, engineering drawings, and service manuals.",0.0
"Prepare or review professional, technical, or other reports regarding sampling, testing, or recommendations of data analysis.",0.0
Maintain time or production records.,0.0
Advise industries or government agencies about environmental policies and standards.,0.0
Document technical functions and specifications for new or proposed content management systems.,0.0
"Estimate the costs of requested products or services such as custom footwear or footwear repair, and receive payment from customers.",0.0
"Answer telephones, and route calls or deliver messages.",0.0
"Analyze records, reports, test results, or examination information to diagnose medical condition of patient.",0.0
Review purchase order claims and contracts for conformance to company policy.,0.0
Participate in the planning or development of mapping projects.,0.0
Design classes and programs to meet the needs of special students.,0.0
"Analyze and interpret results from tests, such as microbial or parasite tests, urine analyses, hormonal assays, fine needle aspirations (FNAs), and polymerase chain reactions (PCRs).",0.0
"Record details of attendance, sales, receipts, reservations, or repair activities.",0.0
"Plan or supervise experiential learning activities, such as class projects, field trips, demonstrations, or visits by guest speakers.",0.0
"Inform the public of available services, and of postal laws and regulations.",0.0
"Guide and counsel students with adjustments, academic problems, or special academic interests.",0.0
Offer counsel and comfort to families and friends of the deceased.,0.0
"Review environmental, historical, or technical reports and publications for accuracy.",0.0
"Determine specific network hardware or software requirements, such as platforms, interfaces, bandwidths, or routine schemas.",0.0
Instruct staff on how to handle difficult and complicated sales.,0.0
"Analyze records, examination information, or test results to diagnose medical conditions.",0.0
Keep accurate records of transactions.,0.0
"Examine and analyze data from ground surveys, reports, aerial photographs, and satellite images to prepare topographic maps, aerial-photograph mosaics, and related charts.",0.0
"Verify the accuracy of survey data, including measurements and calculations conducted at survey sites.",0.0
"Provide technical information about solar power, solar systems, equipment, and services to potential customers or dealers.",0.0
"Prepare, review, or update environmental investigation or recommendation reports.",0.0
Provide requested information on students' progress and the development of case plans.,0.0
"Investigate cause, progress, life cycle, or mode of transmission of diseases or parasites.",0.0
"Advise clients or colleagues on topics such as climate control systems, energy modeling, data logging, sustainable design, or energy auditing.",0.0
Employ financial models to develop solutions to financial problems or to assess the financial or capital impact of transactions.,0.0
"Code data prior to computer entry, using lists of codes.",0.0
Prepare correspondence to inform concerned parties of licensing decisions or appeals processes.,0.0
"Collect and analyze data, such as studying old records, tallying the number of outpatients entering each day or week, or participating in federal, state, or local population surveys as a Census Enumerator.",0.0
Compare encoded tapes or computer printouts with original part specifications and blueprints to verify accuracy of instructions.,0.0
"Create or implement security standards, policies, and procedures.",0.0
"Perform or evaluate the results of diagnostic tests, such as radiographs (x-rays) and electrocardiograms (EKGs).",0.0
Schedule courses.,0.0
Evaluate new technologies to enhance or complement current research.,0.0
"Read and interpret engineering drawings, diagrams, instructions, or specifications to determine needed repairs, fabrication method, and operation sequence.",0.0
"Design cognitive aids, such as procedural storyboards or decision support systems.",0.0
Maintain and promote a positive attitude toward clients and their treatment programs.,0.0
"Create and modify maps, graphs, or diagrams, using geographical information software and related equipment, and principles of cartography, such as coordinate systems, longitude, latitude, elevation, topography, and map scales.",0.0
Modify treatment activities or approaches as needed to comply with changes in clients' status.,0.0
"Create three-dimensional or interactive representations of designs, using computer-assisted design software.",0.0
"Analyze information from interviews, educational and medical records, consultation with other professionals, and diagnostic evaluations to assess clients' abilities, needs, and eligibility for services.",0.0
"Prepare detailed reports or design statements, based on results of validation and qualification tests or reviews of procedures and protocols.",0.0
Analyze equipment performance records to assess equipment functioning.,0.0
"Diagnose health conditions, based on patients' symptoms and health histories, laboratory and diagnostic radiology test results, or other physiological measurements, such as electrocardiograms and electroencephalographs.",0.0
"Analyze archival data, such as birth, death, and disease records.",0.0
"Design software to control robotic systems for applications, such as military defense or manufacturing.",0.0
Examine animals to detect behavioral changes or clinical symptoms that could indicate illness or injury.,0.0
"Conduct statistical analyses to quantify risk, using statistical analysis software or econometric models.",0.0
"Determine supplementary virtual features, such as currency, item catalog, menu design, and audio direction.",0.0
"Research, evaluate, and prepare recommendations on curricula, instructional methods, and materials for school systems.",0.0
"Support children's emotional and social development, encouraging understanding of others and positive self-concepts.",0.0
"Provide patients with information needed to promote health, reduce risk factors, or prevent disease or disability.",0.0
Evaluate patients' behavior to formulate diagnoses or assess treatments.,0.0
Provide technical consultation or direction related to the development or production of fuel cell systems.,0.0
"Record test data and prepare reports, summaries, or charts that interpret test results.",0.0
"File and retrieve corporate documents, records, and reports.",0.0
Investigate customer or public complaints to determine the nature and extent of problems.,0.0
Refer clients to community resources or services.,0.0
"Provide clinical services to clients, such as assessing psychological problems and conducting psychotherapy.",0.0
Modify treatment plans to comply with changes in clients' status.,0.0
"Explain and demonstrate the use of sports and training equipment, such as trampolines or weights.",0.0
Review reports submitted by staff members to recommend approval or to suggest changes.,0.0
Train users in procedures related to network applications software or related systems.,0.0
Perform data backups and disaster recovery operations.,0.0
"Compile operational or personnel records, such as time and production records, inventory data, repair or maintenance statistics, or test results.",0.0
"Allocate print space for story text, photos, and illustrations according to space parameters and copy significance, using knowledge of layout principles.",0.0
Observe and monitor staff performance to ensure efficient operations and adherence to facility's policies and procedures.,0.0
"Develop business methods and procedures, including accounting systems, file systems, office systems, logistics systems, and production schedules.",0.0
"Conduct research to develop methodologies, instrumentation, and procedures for medical application, analyzing data and presenting findings.",0.0
"Confer with users to discuss issues such as computer data access needs, security violations, and programming changes.",0.0
"Prepare correspondence or assist physicians or medical scientists with preparation of reports, speeches, articles, or conference proceedings.",0.0
"Conduct research in a particular field of knowledge and publish findings in scholarly journals, books, or electronic media.",0.0
Measure ingredients required for specific food items.,0.0
Train staff on technical procedures or software program usage.,0.0
"Analyze and recommend chemical, biological, or other wastewater treatment methods to prepare water for industrial or domestic use.",0.0
Develop ideas or plans for merchandise displays or window decorations.,0.0
Prepare results of experimental findings for presentation at professional conferences or in scientific journals.,0.0
"Provide customer assistance and information, such as giving directions or handling wheelchairs.",0.0
Keep records or prepare reports for owner or management concerning visits with clients.,0.0
"Assess clients' overall financial situations by reviewing income, assets, debts, expenses, credit reports, or other financial information.",0.0
"Confer or correspond with establishment representatives to rectify problems, such as damages, shortages, or nonconformance to specifications.",0.0
"Teach a variety of subjects, such as English, mathematics, and social studies.",0.0
"Render drawings, illustrations, and sketches of buildings, manufactured products, or models, working from sketches, blueprints, memory, models, or reference materials.",0.0
Teach residents or medical students about pediatric topics.,0.0
"Provide basic health services, such as first aid.",0.0
"Prepare equipment inspection schedules, reliability schedules, work plans, or other records.",0.0
"Study the chemistry of living processes, such as cell development, breathing and digestion, or living energy changes, such as growth, aging, or death.",0.0
Collaborate with workers and managers to solve work-related problems.,0.0
Verify scoring calculations before competition winners are announced.,0.0
"Obtain and analyze information on suspects, crimes, or disturbances to solve cases, to identify criminal activity, or to gather information for court cases.",0.0
Prepare and send requests for price quotations to all companies in a particular market.,0.0
"Participate in case reviews, consulting with the team caring for the client, to evaluate the client's needs and plan for continuing services.",0.0
Apply for and obtain all necessary permits or licenses.,0.0
"Develop calibration methodologies, test methodologies, or tools.",0.0
"Produce drawings, using computer-assisted drafting systems (CAD) or drafting machines, or by hand, using compasses, dividers, protractors, triangles, and other drafting devices.",0.0
Answer questions about records or files.,0.0
"Provide applicants with assistance in completing application forms, such as those for job referrals or unemployment compensation claims.",0.0
"Track, compile, and analyze Web site usage data.",0.0
Instruct and monitor students in the use and care of equipment and materials to prevent injuries and damage.,0.0
Consult reference books or secure aid of readers to check references with rules of grammar and composition.,0.0
"Maintain medical records, technical library, or correspondence files.",0.0
"Write cyber defense recommendations, reports, or white papers using research or experience.",0.0
"Direct daily operations of department, analyzing workflow, establishing priorities, developing standards and setting deadlines.",0.0
Provide advice on the resolution of classification and salary complaints.,0.0
"Recommend or approve new program or service offerings to promote wellness and fitness, produce revenues, or minimize costs.",0.0
"Perform administrative support tasks, such as proofreading, transcribing handwritten information, or operating calculators or computers to work with pay records, invoices, balance sheets, or other documents.",0.0
"Investigate products or markets to determine areas for opportunity or viability for merchandising specific products, using online or offline sources.",0.0
"Maintain records of event aspects, including financial details.",0.0
Solicit sales of new or additional services or products.,0.0
Draw sketches to illustrate specified materials or assembly sequence.,0.0
"Study the structure and function of human, animal, and plant tissues, cells, pathogens, and toxins.",0.0
Develop or teach strategies to promote client wellness and independence.,0.0
"Explain loan information to clients, such as available loan types, eligibility requirements, or loan restrictions.",0.0
Conduct needs assessments and strategic learning assessments to develop the basis for curriculum development or to update curricula.,0.0
Teach artistic techniques to children or adults.,0.0
"Prepare and maintain records and reports, such as budgets, personnel records, or training manuals.",0.0
"Prepare technical reports and recommendations, based upon research outcomes.",0.0
Record symbols on computer storage media and use computer aided transcription to translate and display them as text.,0.0
"Identify plants, pests, and weeds to determine the selection and application of pesticides and fertilizers.",0.0
Diagnose performance problems by reviewing reports or documentation from customers or field engineers or by inspecting malfunctioning or damaged products.,0.0
"Confer with personnel, such as management, engineering, quality control, customer, or union workers' representatives, to coordinate work activities, resolve employee grievances, or identify and review resource needs.",0.0
"Verify the structure, accuracy, or quality of warehouse data.",0.0
Verify accuracy of billing data and revise any errors.,0.0
Establish tables of accounts and assign entries to proper accounts.,0.0
"Maintain case files that include activities, progress notes, evaluations, and recommendations.",0.0
"Calculate, measure, and record radiation dosage or radiopharmaceuticals received, used, and disposed, using computer and following physician's prescription.",0.0
"Examine news items of local, national, and international significance to determine topics to address, or obtain assignments from editorial staff members.",0.0
Monitor customer preferences to determine focus of sales efforts.,0.0
Evaluate complaint and emergency-request information to determine response requirements.,0.0
"Plan or develop applications or modifications for electronic properties used in components, products, or systems to improve technical performance.",0.0
Conduct inspections to determine crop maturity or condition or to detect disease or insect infestation.,0.0
"Determine desired images and picture composition, selecting and adjusting subjects, equipment, and lighting to achieve desired effects.",0.0
"Perform or interpret the outcomes of diagnostic imaging procedures including magnetic resonance imaging (MRI), computer tomography (CT), positron emission tomography (PET), nuclear cardiology treadmill studies, mammography, or ultrasound.",0.0
"Interpret data from traffic modeling software, geographic information systems, or associated databases.",0.0
"Conduct cost-benefit analyses for the construction of water supply systems, runoff collection networks, water and wastewater treatment plants, or wastewater collection systems.",0.0
"Prepare estimates used by management for purposes such as planning, organizing, and scheduling work.",0.0
"Edit video for broadcast productions, including non-linear editing.",0.0
Schedule space or equipment for special programs and prepare lists of participants.,0.0
Educate patients about health care management.,0.0
"Organize paperwork, such as survey forms or reports, for distribution or analysis.",0.0
"Explain rental fees, policies, and procedures.",0.0
Refer patients to other health care practitioners as necessary.,0.0
"Consult with and advise physicians, educators, researchers, government health officials and others regarding medical applications of sciences, such as physics, biology, and chemistry.",0.0
"Explain features, advantages, and disadvantages of various policies to promote sale of insurance plans.",0.0
Compare survey computations with applicable standards to determine adequacy of data.,0.0
Develop computer programs to collect meteorological data or to present meteorological information.,0.0
Advise producers about improved products and techniques that could enhance their animal production efforts.,0.0
"Prepare, maintain, or review validation and compliance documentation, such as engineering change notices, schematics, or protocols.",0.0
Analyze test results to classify products or compare results with standard tables.,0.0
"Investigate diseases or parasites to determine cause and risk factors, progress, life cycle, or mode of transmission.",0.0
"Teach courses or seminars on topics, such as budgeting, management of personal finances, or financial literacy.",0.0
Write and edit news stories from information collected by reporters and other sources.,0.0
"Provide instructions to clients on how to obtain help with legal, financial, and other personal issues.",0.0
Prepare outlines of instructional programs and training schedules and establish course goals.,0.0
Design equipment configurations to meet personnel needs.,0.0
Provide consulting services to other doctors caring for patients with special or difficult problems.,0.0
Evaluate machining procedures and recommend changes or modifications for improved efficiency or adaptability.,0.0
"Develop and administer compensation programs, such as merit or incentive pay.",0.0
Examine employee files to answer inquiries and provide information for personnel actions.,0.0
"Recommend workplace changes to improve health and safety, using knowledge of potentially harmful factors, such as heavy loads or repetitive motions.",0.0
"Examine documentation such as mortgages, liens, judgments, easements, plat books, maps, contracts, and agreements to verify factors such as properties' legal descriptions, ownership, or restrictions.",0.0
Write reports regarding investigations of information security breaches or network evaluations.,0.0
Configure information systems to incorporate principles of least functionality and least access.,0.0
Review or draft risk disclosures for offer documents.,0.0
"Conduct research in a particular field of knowledge and publish findings in professional journals, books, or electronic media.",0.0
Talk to customers to convey information about events or activities.,0.0
"Write technical reports or documentation, such as deviation reports, testing protocols, and trend analyses.",0.0
Provide biostatistical consultation to clients or colleagues.,0.0
"Prepare objectives and outlines for courses of study, following curriculum guidelines or requirements of states and schools.",0.0
"Write articles, manuals, and other publications, and assist in the distribution of promotional literature about facilities and programs.",0.0
"Resolve problems concerning transportation, logistics systems, imports or exports, or customer issues.",0.0
Gather financial documents related to investigations.,0.0
Prepare and deliver sales presentations to new and existing customers to sell new advertising programs and to protect and increase existing advertising.,0.0
"Refer patients, clients, or family members to community resources or to specialists as necessary.",0.0
"Prepare study-related documentation, such as protocol worksheets, procedural manuals, adverse event reports, institutional review board documents, or progress reports.",0.0
Train staff and users to work with computer systems and programs.,0.0
"Identify opportunities or develop plans for sustainability projects or programs to improve energy efficiency, minimize pollution or waste, or restore natural systems.",0.0
"Incorporate technical considerations into Web site design plans, such as budgets, equipment, performance requirements, and legal issues including accessibility and privacy.",0.0
"Observe and report on social, economic, and political trends that might affect employers.",0.0
"Explain goals, policies, or procedures to staff members.",0.0
Counsel outpatients or other patients during office visits.,0.0
"Maintain or verify records of time, materials, expenditures, or crew activities.",0.0
"Operate and manage land-information computer systems, performing tasks such as storing data, making inquiries, and producing plots and reports.",0.0
Analyze genetic information to identify patients or families at risk for specific disorders or syndromes.,0.0
Direct or conduct studies or research on issues affecting areas of responsibility.,0.0
"Dispense herbal formulas and inform patients of dosages and frequencies, treatment duration, possible side effects, and drug interactions.",0.0
Code documents according to company procedures.,0.0
Accept music requests from event guests.,0.0
"Map data between source systems, data warehouses, and data marts.",0.0
Respond to medical emergencies by administering basic first aid or by obtaining assistance from paramedics.,0.0
Prepare documentation for new manufacturing processes or engineering procedures.,0.0
"Provide scientific or technical guidance, support, coordination, or oversight to governmental agencies, environmental programs, industry, or the public.",0.0
"Conduct historical research, and publish or present findings and theories.",0.0
Communicate with staff or clients to understand specific system requirements.,0.0
"Interpret the artistic creations of clients to assess their functioning, needs, or progress.",0.0
"Consult with and advise individuals such as administrators, social workers, and legislators regarding social issues and policies, as well as the implications of research findings.",0.0
Offer advice on the purchase or sale of particular securities.,0.0
"Provide technical support to users or clients regarding the maintenance, development, or operation of Geographic Information Systems (GIS) databases, equipment, or applications.",0.0
"Obtain information needed to complete legal documents, such as death certificates or burial permits.",0.0
"Prepare itemized statements, bills, or invoices and record amounts due for items purchased or services rendered.",0.0
"Record and report job-related activities, findings, transactions, violations, discrepancies, and decisions.",0.0
"Determine or coordinate treatment plans by requesting laboratory services, reviewing genetics or counseling literature, and considering histories or diagnostic data.",0.0
"Interview clients to obtain information about employment history, educational background, and career goals, and to identify barriers to employment.",0.0
"Establish work schedules and assignments for staff, according to workload, space, and equipment availability.",0.0
"Monitor and analyze network performance and reports on data input or output to detect problems, identify inefficient use of computer resources, or perform capacity planning.",0.0
"Recommend disposal of excess, defective, or obsolete stock.",0.0
Apply customer feedback to service improvement efforts.,0.0
Plan bar menus.,0.0
Interview people and keep track of their responses.,0.0
Develop individual treatment plans and strategies.,0.0
"Research and analyze customer design proposals, specifications, manuals, or other data to evaluate the feasibility, cost, or maintenance requirements of designs or applications.",0.0
Design or develop information databases that include geographic or topographic data.,0.0
Review inventory and sales records to prepare reports for management and budget departments.,0.0
Keep records of employees' attendance and hours worked.,0.0
Explain to claimants how they can appeal rulings that go against them.,0.0
"Estimate costs, production times, or staffing requirements for new designs.",0.0
"Calculate premiums, refunds, commissions, adjustments, or new reserve requirements, using insurance rate standards.",0.0
"Develop or implement policies, standards, or procedures for engineering and technical work.",0.0
"Organize and supervise games and other recreational activities to promote physical, mental, and social development.",0.0
Write proposals to secure external funding or to partner with other companies.,0.0
"Perform sales floor work, such as greeting or assisting customers, stocking shelves, or taking inventory.",0.0
"Record and maintain patient information, such as vital signs, eating habits, behavior, progress notes, treatments, or discharge plans.",0.0
Prepare lesson plans or learning modules for tutoring sessions according to students' needs and goals.,0.0
Modify treatment plans according to changes in client status.,0.0
Plan store layouts or design displays.,0.0
"Report to management about asset utilization and audit results, and recommend changes in operations and financial activities.",0.0
"Develop and document security procedures, policies, or standards.",0.0
"Research laws, court decisions, documents, opinions, briefs, or other information related to cases before the court.",0.0
"Determine if inventory quantities are sufficient for needs, ordering more materials when necessary.",0.0
Offer specific training programs to help workers maintain or improve job skills.,0.0
"Consult with company officials, sales departments, and advertising agencies to develop promotional plans.",0.0
"Confer with management and conduct surveys to identify training needs based on projected production processes, changes, and other factors.",0.0
"Provide user applications or engineering support or recommendations for new or existing equipment with regard to installation, upgrades, or enhancements.",0.0
"Present information in audio-visual or interactive formats, using computers, televisions, audio-visual aids, or other equipment, materials, or technologies.",0.01
"Answer passengers' questions about flights, aircraft, weather, travel routes and services, arrival times, or schedules.",0.01
"Evaluate customer records and recommend payment plans, based on earnings, savings data, payment history, and purchase activity.",0.01
"Respond to passengers' questions, requests, or complaints.",0.01
Compute cost estimates for labor and materials.,0.01
Seek new ways to improve efficiency and increase profits.,0.01
Recommend information security enhancements to management.,0.01
"Explain principles, techniques, and safety procedures to participants in recreational activities and demonstrate use of materials and equipment.",0.01
"Review all regulatory agency submission materials to ensure timeliness, accuracy, comprehensiveness, or compliance with regulatory standards.",0.01
"Develop or implement human performance research, investigation, or analysis protocols.",0.01
"Document patient information, such as notes on their progress.",0.01
"Conduct nutritional assessments of individuals, including obtaining and evaluating individuals' dietary histories, to plan nutritional programs.",0.01
Conduct trial runs of programs and software applications to be sure they will produce the desired information and that the instructions are correct.,0.01
"Diagnose mechanical problems and determine how to correct them, checking blueprints, repair manuals, or parts catalogs, as necessary.",0.01
"Write work instruction manuals, data capture guidelines, or standard operating procedures.",0.01
Write technical reports or prepare graphs or charts to document experimental results.,0.01
"Develop specifications for equipment, tools, facility layouts, or material-handling systems.",0.01
Provide education and counseling on illness and injury prevention.,0.01
Prepare contract documents for building contractors.,0.01
"Evaluate the financial aspects of product development, such as budgets, expenditures, research and development appropriations, or return-on-investment and profit-loss projections.",0.01
Review subject matter of materials to be classified and select classification numbers and headings according to classification systems.,0.01
"Analyze engineering designs of logic or digital circuitry, motor controls, instrumentation, or data acquisition for implementation into new or existing automated, servomechanical, or other electromechanical systems.",0.01
Contact customers to respond to inquiries or to notify them of claim investigation results or any planned adjustments.,0.01
"Counsel employees in work-related activities, personal growth, or career development.",0.01
"Develop methods to improve employment policies, processes, and practices, and recommend changes to management.",0.01
Review collection reports to determine the status of collections and the amounts of outstanding balances.,0.01
Propose logistics solutions for customers.,0.01
Provide feedback to health service providers regarding improving service accessibility or acceptability.,0.01
Specify manipulative or computational methods to be applied to models.,0.01
"Inform investment decisions by analyzing financial information to forecast business, industry, or economic conditions.",0.01
"Manage schedules and set dates, times, and locations for meetings and appointments.",0.01
Inform citizens of community services and recommend options to facilitate longer-term problem resolution.,0.01
"Dispense medical devices or drugs, and calculate dosages and provide instructions as necessary.",0.01
"Use computers, computer-interfaced equipment, robotics or high-technology industrial applications to perform work duties.",0.01
"Plan, evaluate, or modify treatment programs, based on information gathered by observing and interviewing patients or by analyzing patient records.",0.01
Post and update content on the company's Web site and social media outlets.,0.01
"Produce reports or presentations that outline findings, explain risk positions, or recommend changes.",0.01
Explain sociological research to the general public.,0.01
"Design electronic components, software, products, or systems for commercial, industrial, medical, military, or scientific applications.",0.01
Document individuals' progress toward meeting their treatment goals.,0.01
"Prepare and deliver lectures to undergraduate or graduate students on topics such as linear algebra, differential equations, and discrete mathematics.",0.01
"Interpret legal requirements, provide safety information, or recommend compliance procedures to contractors, craft workers, engineers, or property owners.",0.01
"Participate in the hiring process by reviewing credentials, conducting interviews, or making hiring decisions or recommendations.",0.01
"Plan and establish work schedules, assignments, and production sequences to meet production goals.",0.01
"Read source documents such as canceled checks, sales reports, or bills, and enter data in specific data fields or onto tapes or disks for subsequent entry, using keyboards or scanners.",0.01
"Plan and conduct activities for a balanced program of instruction, demonstration, and work time that provides students with opportunities to observe, question, and investigate.",0.01
"Describe tour points of interest to group members, and respond to questions.",0.01
Advise dealers and distributors on policies and operating procedures to ensure functional effectiveness of business.,0.01
"Aid in planning work assignments in accordance with worker performance, machine capacity, production schedules, or anticipated delays.",0.01
Offer counsel and comfort to bereaved families or friends.,0.01
"Review catalogs, industry periodicals, directories, trade journals, and Internet sites and consult with other department personnel to locate necessary goods and services.",0.01
"Participate in architectural and engineering planning and design, including space and installation management.",0.01
Identify relationships and trends or any factors that could affect the results of research.,0.01
Provide terminated employees with outplacement or relocation assistance.,0.01
"Recommend approval, denial, or conditional approval of proposals.",0.01
"Perform budgeting duties, such as assisting in budget preparation, expenditure review, or budget administration.",0.01
"Prepare drawings, estimates, and bids that meet specific customer needs.",0.01
"Evaluate clients' physical or mental condition, based on review of client information.",0.01
Provide clinical services or health education to improve and maintain the oral health of patients or the general public.,0.01
Negotiate prices or terms of sales or service agreements.,0.01
"Prepare, administer, and grade tests and assignments to evaluate students' progress.",0.01
"Produce three-dimensional models, using computer-aided design (CAD) software.",0.01
Develop sales plans to introduce products in new markets.,0.01
Analyze validation test data to determine whether systems or processes have met validation criteria or to identify root causes of production problems.,0.01
Explain proper operation of vehicle systems to customers.,0.01
"Create debt management plans, spending plans, or budgets to assist clients to meet financial goals.",0.01
"Analyze the indications, contraindications, risk complications, and cost-benefit tradeoffs of therapeutic interventions.",0.01
Demonstrate correct use of exercise equipment or performance of exercise routines.,0.01
Use computer software to generate new images.,0.01
Assess the usefulness of pre-developed application packages and adapt them to a user environment.,0.01
Write press releases or other media communications to promote clients.,0.01
"Conduct network and security system audits, using established criteria.",0.01
Analyze patrons' hair and other physical features to determine and recommend beauty treatment or suggest hair styles.,0.01
Make tentative diagnoses and decisions about management and treatment of patients.,0.01
"Develop and interpret organizational goals, policies, and procedures.",0.01
"Guide clients in the gathering of information, such as bank account records, income tax returns, life and disability insurance records, pension plans, or wills.",0.01
Tutor and assist children individually or in small groups to help them master assignments and to reinforce learning concepts presented by teachers.,0.01
Write grants and papers or attend fundraising events to seek research funds.,0.01
Advise athletes on the proper use of equipment.,0.01
"Counsel clients in individual or group sessions to assist them in dealing with substance abuse, mental or physical illness, poverty, unemployment, or physical abuse.",0.01
Create novel computational approaches and analytical tools as required by research goals.,0.01
"Recommend and explain the use of cosmetics, lotions, and creams to soften and lubricate skin and enhance and restore natural appearance.",0.01
Review contents of written orders to ensure adherence to legal requirements.,0.01
Recommend product or service improvements to employers.,0.01
"Explain general financial topics to clients, such as credit report ratings, bankruptcy laws, consumer protection laws, wage attachments, or collection actions.",0.01
Enter logistics-related data into databases.,0.01
"Arrange telephone answering services, deliver mail and packages, or answer questions regarding locations for eating and entertainment.",0.01
Guide and counsel students with adjustment or academic problems or with special academic interests.,0.02
"Provide students with information on topics such as college degree programs and admission requirements, financial aid opportunities, trade and technical schools, and apprenticeship programs.",0.02
"Advise students on academic and vocational curricula, and on career issues.",0.02
"Develop or approve project plans, schedules, or budgets.",0.02
"Develop and distribute newsletters, brochures, or other printed materials to share information with patients or medical staff.",0.02
Interpret diagnostic test results for deviations from normal.,0.02
"Identify program deviance from standards, and suggest modifications to ensure compliance.",0.02
"Develop master course documentation or manuals according to applicable accreditation, certification, or other requirements.",0.02
"Edit instructional materials, such as books, simulation exercises, lesson plans, instructor guides, and tests.",0.02
"Prepare documentation containing information such as confidential descriptions or specifications of proprietary hardware or software, product development or introduction schedules, product costs, or information about product performance weaknesses.",0.02
Perform security analyses of developed or packaged software components.,0.02
"Develop, document, or maintain standards, best practices, or system usage procedures.",0.02
"Advise clients or community groups on issues related to self-care, such as diabetes management.",0.02
"Prepare, administer, or grade tests or assignments to evaluate students' progress.",0.02
"Formulate basic layout design or presentation approach and specify material details, such as style and size of type, photographs, graphics, animation, video, and sound.",0.02
Develop or implement procedures for ongoing Web site revision.,0.02
"Prepare, analyze, or verify annual reports, financial statements, and other records, using accepted accounting and statistical procedures to assess financial condition and facilitate financial planning.",0.02
"Compare data with source documents, or re-enter data in verification format to detect errors.",0.02
"Plan arrangement according to client's requirements, using knowledge of design and properties of materials, or select appropriate standard design pattern.",0.02
"Prepare necessary criteria, procedures, reports, or plans for successful conduct of the project with consideration given to site preparation, facility validation, installation, quality assurance, or testing.",0.02
Develop and document database architectures.,0.02
Design and implement dashboard and data visualizations to meet customer reporting needs.,0.02
"Identify solutions to business problems, such as budgeting, staffing, and marketing decisions, using the results of data analysis.",0.02
"Develop and maintain design level documentation, including mechanics, guidelines, and mission outlines.",0.03
"Compile and write documentation of program development and subsequent revisions, inserting comments in the coded instructions so others can understand the program.",0.03
Guide and counsel students with adjustment or academic problems or special academic interests.,0.03
Define or recommend model specifications or data collection methods.,0.03
"Create designs, concepts, and sample layouts, based on knowledge of layout principles and esthetic design concepts.",0.03
Write articles for publication in professional journals.,0.03
Advise customers on product usage to improve production.,0.03
Create or administer training and awareness presentations or materials.,0.03
Define the goals of the system and devise flow charts and diagrams describing logical operational steps of programs.,0.03
Analyze and record personnel or operational data and write related activity reports.,0.03
"Communicate project information through presentations, technical reports, or white papers.",0.03
"Demonstrate systems for customers and explain details, such as the causes and consequences of false alarms.",0.03
Resolve customer complaints or answer customers' questions regarding policies and procedures.,0.03
Research new software or design concepts.,0.03
Monitor program performance to ensure efficient and problem-free operations.,0.03
Collaborate with staff members to plan or develop programs of events or schedules of activities.,0.03
"Prepare correspondence, reports of inspections or investigations, or recommendations for action.",0.03
"Select or assist customers in selecting products based on customer needs, product specifications, and applicable regulations.",0.04
"Collect information and make judgments through observation, interviews, and review of documents.",0.04
"Program and use computers to store, process, and analyze data.",0.04
"Review, develop, or prepare maintenance standards.",0.0
"Prepare and deliver lectures to undergraduate or graduate students on topics such as quantum mechanics, particle physics, and optics.",0.0
Develop contingency plans to deal with emergencies.,0.0
"Determine and specify details of survey projects, including sources of information, procedures to be used, and the design of survey instruments and materials.",0.0
"Review and critique proposals, plans, or designs related to water or wastewater treatment systems.",0.0
"Record data from operations, testing, and production on specified forms.",0.0
"Confer with taxpayers or their representatives to discuss the issues, laws, and regulations involved in returns, and to resolve problems with returns.",0.0
"Verify accuracy of reports, such as authorization forms, transaction reconciliations, or exchange summary reports.",0.0
"Complete and maintain accurate records or reports regarding the patients' histories and progress, services provided, or other required information.",0.0
"Prepare detailed network specifications, including diagrams, charts, equipment configurations, or recommended technologies.",0.0
Enhance the cultural sensitivity of elementary and secondary curricula and classroom interactions in collaboration with educators and teachers.,0.0
"Implement changes to machine programs, and enter new specifications, using computers.",0.0
"Review and analyze specifications, sketches, drawings, ideas, and related data to assess factors affecting component designs and the procedures and instructions to be followed.",0.01
"Provide consultation to other health care providers in areas such as patient discharge, patient care, or clinical procedures.",0.01
Schedule and make appointments.,0.01
Compute and compare costs of services.,0.01
"Classify, record, and summarize numerical and financial data to compile and keep financial records, using journals and ledgers or computers.",0.01
"Review complaints, petitions, motions, or pleadings that have been filed to determine issues involved or basis for relief.",0.01
"Write reports of findings and recommendations and advise farmers, growers, or processors of corrective action to be taken.",0.01
Analyze user needs and software requirements to determine feasibility of design within time and cost constraints.,0.01
Provide direction and assistance to other organizational units regarding accounting and budgeting policies and procedures and efficient control and utilization of financial resources.,0.01
"Conceptualize and help design interfaces for multimedia games, products, and devices.",0.01
"Optimize digital assets, such as text, graphics, or multimedia assets, for search engine optimization (SEO) or for display and usability on internet-connected devices.",0.01
"Determine sources of Web page or server problems, and take action to correct such problems.",0.01
Interpret government regulations and applicable codes to ensure compliance.,0.01
"Prepare or direct preparation of financial statements, business activity reports, financial position forecasts, annual budgets, or reports required by regulatory agencies.",0.01
Recommend merchandise or services that will meet customers' needs.,0.01
"Supply guests or travelers with directions, travel information, and other information, such as available services and points of interest.",0.01
"Communicate with customers regarding orders, comments, and complaints.",0.01
Create or review technical design documentation to ensure the accurate development of reporting solutions.,0.01
Prepare adjusting journal entries.,0.01
Negotiate claim settlements or recommend litigation when settlement cannot be negotiated.,0.01
Troubleshoot security and network problems.,0.01
Document penetration test findings.,0.01
"Compare information or figures on one record against same data on other records, or with original copy, to detect errors.",0.01
"Perform validation and testing of models to ensure adequacy, and reformulate models, as necessary.",0.01
"Prepare geometric layouts from graphic displays, using computer-assisted drafting software or drafting instruments and graph paper.",0.01
"Assist students who need extra help, such as by tutoring and preparing and implementing remedial programs.",0.01
"Create special effects such as vignettes, mosaics, and image combining, and add elements such as sound and animation to electronic publications.",0.01
"Plan or conduct activities for a balanced program of instruction, demonstration, and work time that provides students with opportunities to observe, question, and investigate.",0.01
Instruct customers in alteration of products.,0.01
Recommend data-driven solutions to key stakeholders.,0.01
Prepare operational or risk reports for management analysis.,0.01
Research the target audience of projects.,0.01
Assist in laying out material for publication.,0.01
Teach undergraduate-level courses.,0.01
Prepare requests for proposals or statements of work.,0.01
"Provide counseling to patient and family members by providing information, education, or reassurance.",0.01
Review compiled data on operating costs and revenues to set rates.,0.01
"Provide regulatory guidance to departments or development project teams regarding design, development, evaluation, or marketing of products.",0.01
"Interpret and explain human resources policies, procedures, laws, standards, or regulations.",0.01
"Observe or examine patients to detect symptoms that may require medical attention, such as bruises, open wounds, or blood in urine.",0.01
"Apply story development, directing, cinematography, and editing to animation to create storyboards that show the flow of the animation and map out key scenes and characters.",0.01
Classify and catalog items according to content and purpose.,0.01
Evaluate manufactured products according to specifications and quality standards.,0.01
Contact new or existing customers to discuss how specific products or services can meet their needs.,0.01
"Advise customers on import and export restrictions, tariff systems, insurance requirements, quotas, or other customs-related matters.",0.01
"Evaluate financial reporting systems, accounting or collection procedures, or investment activities and make recommendations for changes to procedures, operating systems, budgets, or other financial control functions.",0.01
"Store, retrieve, and manipulate data for analysis of system capabilities and requirements.",0.01
"Create or revise user instructions, procedures, or manuals.",0.01
Conduct predictive or reactive analyses on security measures to support cyber security initiatives.,0.01
Perform needs assessments or consult with clients to determine the types of research and information required.,0.01
"Explain policies, procedures, or services to patients using medical or administrative knowledge.",0.01
Contact prospective customers to present information and explain available services.,0.01
"Recommend methods for improving utilization of personnel, material, and utilities.",0.01
"Research current trends and new technology, such as printing production techniques, computer software, and design trends.",0.01
Monitor markets or positions.,0.01
"Conduct research on consumer opinions and buying habits, and identify target audiences for products, services, or technologies.",0.01
"Evaluate current or emerging technologies to consider factors such as cost, portability, compatibility, or usability.",0.01
Prepare or proctor examinations.,0.01
"Compile, record, and code results or data from interview or survey, using computer or specified form.",0.01
Estimate material or worker requirements to complete jobs.,0.01
"Write reports to summarize student performance, social growth, or physical development.",0.01
Recommend remedial procedures to correct any violations found during inspections.,0.01
Greet customers and ascertain what each customer wants or needs.,0.01
"Compile statistical, financial, accounting, or auditing reports and tables pertaining to such matters as cash receipts, expenditures, accounts payable and receivable, and profits and losses.",0.01
"Develop or maintain cost estimates, forecasts, or cost models.",0.01
"Determine size and arrangement of illustrative material and copy, and select style and size of type.",0.01
"Select programming languages, design tools, or applications.",0.01
Write or contribute to instructions or manuals to guide end users.,0.01
"Select photographs, drawings, sketches, diagrams, and charts to illustrate material.",0.01
"Prepare technical reports of findings or recommendations, based on synthesized analyses of test results.",0.01
Develop computational methods for solving problems that occur in areas of science and engineering or that come from applications in business or industry.,0.01
Interpret results of financial analysis procedures.,0.01
"Identify relevant guidance documents, international standards, or consensus standards.",0.01
"Write materials for research publications, such as maps, tables, and reports, to disseminate findings.",0.01
Consult with clients after sales or contract signings to resolve problems and provide ongoing support.,0.01
"Coordinate, prepare, or review regulatory submissions for domestic or international projects.",0.01
Inform customers of contracts or other information pertaining to purchased services.,0.01
Confer with network users about solutions to existing system problems.,0.01
"Create or maintain formal engineering documents, such as schematics, bills of materials, components or materials specifications, or packaging requirements.",0.02
"Research the history of a particular country or region, or of a specific time period.",0.02
Present drafts and ideas to clients.,0.02
Discuss financial options with clients and keep them informed about transactions.,0.02
Produce and distribute project documents.,0.02
"Prepare, maintain, or revise quality assurance documentation or procedures.",0.02
"Communicate with customers, employees, and other individuals to answer questions, disseminate or explain information, take orders, and address complaints.",0.02
Collect and analyze relevant data to identify real estate market trends.,0.02
"Collect business intelligence data from available industry reports, public information, field reports, or purchased sources.",0.02
"Prepare objectives, outlines, or other materials for courses of study, following curriculum guidelines or school or state requirements.",0.02
"Write and code logical and physical database descriptions, and specify identifiers of database to management system or direct others in coding descriptions.",0.02
Develop new recipes for baked goods.,0.02
"Advise clients on aspects of capitalization, such as amounts, sources, or timing.",0.02
"Adapt statistical methods to solve specific problems in many fields, such as economics, biology, and engineering.",0.02
Advise internal management or business partners on the implementation or operation of compliance programs.,0.02
Observe and evaluate students' work to determine progress and make suggestions for improvement.,0.02
"Discuss emerging compliance issues to ensure that management and employees are informed about compliance reporting systems, policies, and practices.",0.02
Create or maintain database of customer accounts.,0.02
"Develop computer information resources, providing for data security and control, strategic computing, and disaster recovery.",0.02
"Forecast and track marketing and sales trends, analyzing collected data.",0.02
Develop or document style guidelines for Web site content.,0.02
Receive and respond to customer complaints.,0.02
"Recommend product or component design improvements, based on test data or observations.",0.02
"Advise patients and community members concerning diet, activity, hygiene, or disease prevention.",0.02
"Research production specifications, costs, production materials, and manufacturing methods and provide cost estimates and itemized production requirements.",0.02
Locate items requested by customers.,0.02
Prepare tables and graphs to present clinical data or results.,0.02
Recommend interventions to modify behavior associated with health risks.,0.02
"Develop project budgets for approval, estimating time lines and material costs.",0.02
Write technical summaries to report findings.,0.02
Identify issues for research and analysis.,0.02
Write photograph captions.,0.02
"Provide customers with information, such as quotes, orders, sales, shipping, warranties, credit, funding options, incentives, or tax rebates.",0.02
"Trace historical development in a particular field, such as social, cultural, political, or diplomatic history.",0.03
Greet customers and make them feel welcome.,0.03
Maintain records and files of work and revisions.,0.03
Analyze data gathered and develop solutions or alternative methods of proceeding.,0.03
"Provide feedback to students, using positive reinforcement techniques to encourage, motivate, or build confidence in students.",0.03
Provide system design and integration recommendations.,0.03
Prepare and review operational reports and schedules to ensure accuracy and efficiency.,0.03
"Advise patients and community members concerning diet, activity, hygiene, and disease prevention.",0.03
Verify the mathematical correctness of newly collected survey data.,0.03
"Read manuals, periodicals, and technical reports to learn how to develop programs that meet staff and user requirements.",0.03
"Evaluate product data or design from inspections or reports for conformance to engineering principles, customer requirements, environmental regulations, or quality standards.",0.03
"Analyze information to determine, recommend, and plan installation of a new system or modification of an existing system.",0.03
Assess the user-interface or usability characteristics of products.,0.03
"Maintain records, document actions, and present written progress reports.",0.03
Monitor and analyze sales promotion results to determine cost effectiveness of promotion campaigns.,0.03
Comfort and reassure patients.,0.03
Develop system interaction or sequence diagrams.,0.04
"Organize or work with detailed office or warehouse records, using computers to enter, access, search or retrieve data.",0.04
Translate or request translation of reference materials.,0.04
Collaborate with field staff or customers to evaluate or diagnose problems and recommend possible solutions.,0.04
Provide directions and other pertinent information to visitors.,0.0
"Prepare and maintain work records and reports of information such as employee time and wages, daily receipts, or inspection results.",0.0
"Maintain operations data, such as time, production, and cost records, and prepare management reports of production results.",0.0
"Document, and ensure communication of, key risks.",0.0
"Design research studies in collaboration with physicians, life scientists, or other professionals.",0.0
Interpret civil rights laws and equal opportunity regulations for individuals or employers.,0.0
Analyze prescribing trends to monitor patient compliance and to prevent excessive usage or harmful interactions.,0.0
"Inform clients of essential travel information, such as travel times, transportation connections, or medical and visa requirements.",0.0
Verify accuracy of materials lists.,0.0
"Explain drawings to production or construction teams and provide adjustments, as necessary.",0.0
Perform statistical analysis of environmental data.,0.0
"Conduct logical analyses of business, scientific, engineering, and other technical problems, formulating mathematical models of problems for solution by computers.",0.0
"Diagnose neurological conditions based on interpretation of examination findings, histories, or test results.",0.0
"Train staff on, and oversee the use of, information security standards, policies, and best practices.",0.0
"Monitor all aspects of patient care, including diet and physical activity.",0.0
"Plan details such as framing, composition, camera movement, sound, and actor movement for each shot or scene.",0.0
Draft and type office memos.,0.0
"Develop, or contribute to the development of, educational or outreach programs on the environment or climate change.",0.0
Discuss production requirements with clients.,0.0
"Process, prepare, and submit business or government forms, such as submitting applications for coverage to insurance carriers.",0.0
Prepare for trial by performing tasks such as organizing exhibits.,0.0
Evaluate costs and revenue of agreements to determine continued profitability.,0.0
"Prepare capability data, training materials, or other documentation for transfer of processes to production.",0.0
Monitor project milestones and deliverables.,0.0
Prepare staff work schedules and assign specific duties.,0.0
Automate the deployment of software updates over geographically distributed network nodes.,0.0
Compile and maintain regulatory documentation databases or systems.,0.0
"Plan or direct development or communication of programs to maintain favorable public or stockholder perceptions of an organization's accomplishments, agenda, or environmental responsibility.",0.0
"Analyze organizational, occupational, and industrial data to facilitate organizational functions and provide technical information to business, industry, and government.",0.0
Inform survivors of benefits for which they may be eligible.,0.0
"Determine map content and layout, as well as production specifications such as scale, size, projection, and colors, and direct production to ensure that specifications are followed.",0.0
"Assign duties to workers, and schedule shifts.",0.0
Estimate ingredients and supplies required to prepare a recipe.,0.0
Provide customers with cost estimates for equipment installation.,0.0
"Plan and prepare work schedules, and assign employees to specific duties.",0.0
"Construct historical, scientific, and nature visitor-center displays.",0.0
Complete laboratory projects prior to assigning them to students so that any needed modifications can be made.,0.0
Write reports or notes to summarize testing procedures or outcomes for physicians or other medical professionals.,0.0
"Perform general administrative tasks, such as scheduling appointments or ordering supplies or equipment.",0.0
Provide directions to guests.,0.0
"Discuss medical health of pets with clients, such as post-operative status.",0.0
Refer students or patients to specialized health resources or community agencies furnishing assistance.,0.0
Advise clients about colors and types of makeup and instruct them in makeup application techniques.,0.0
Plan or cultivate lawns or gardens.,0.0
"Produce environmental documents, such as environmental assessments or environmental impact statements.",0.0
Write technical reports or proposals related to engineering projects.,0.0
Test system modifications to prepare for implementation.,0.0
"Compile and prepare documentation related to production sequences, transportation, personnel schedules, or purchase, maintenance, or repair orders.",0.0
"Analyze large molecular datasets, such as raw microarray data, genomic sequence data, or proteomics data, for clinical or basic research purposes.",0.0
Estimate costs of repairs based on parts and labor requirements.,0.0
"Apply mathematical or statistical techniques to address practical issues in finance, such as derivative valuation, securities trading, risk management, or financial market regulation.",0.0
Prepare or maintain technical files as necessary to obtain and sustain product approval.,0.0
"Troubleshoot robotic systems, using knowledge of microprocessors, programmable controllers, electronics, circuit analysis, mechanics, sensor or feedback systems, hydraulics, or pneumatics.",0.0
Deliver messages and run errands.,0.0
Examine products purchased for resale or received for storage to assess the condition of each product or item.,0.0
"Examine documents to determine degree of risk from factors such as applicant health, financial standing and value, and condition of property.",0.0
Examine incoming or outgoing mail to ensure conformance with regulations.,0.0
Prepare reports summarizing information or trends related to manufacturing performance.,0.0
"Revise existing maps and charts, making all necessary corrections and adjustments.",0.0
Assist patrons by giving directions to points in or outside of the facility or providing information about local attractions.,0.0
"Prepare technical drawings, specifications of electrical systems, or topographical maps to ensure that installation and operations conform to standards and customer requirements.",0.0
Prepare students for further education by encouraging them to explore learning opportunities and to persevere with challenging tasks.,0.0
"Develop curricula, and recommend curricula revisions and additions.",0.0
Establish appropriate server directory trees.,0.0
"Administer, proctor, or score academic or diagnostic assessments.",0.0
"Develop client relationships and communicate with clients to explain proposals, present research findings, establish specifications, or discuss project status.",0.0
Calculate valve areas from blood flow velocity measurements.,0.0
Relay or route written or verbal messages.,0.0
"Select electronics equipment, components, or systems to meet functional specifications.",0.0
"Prepare specifications, designs, or sketches for machines, components, or systems related to the generation, transmission, or use of mechanical or fluid energy.",0.0
"Research, test, or verify proper functioning of software patches and fixes.",0.0
Develop measurement tools to evaluate the effectiveness of instruction or training interventions.,0.0
"Talk to coworkers using electronic devices, such as computers and radios.",0.0
Diagnose or treat disorders of the musculoskeletal system.,0.0
Plan physical education programs to promote development of participants' physical attributes and social skills.,0.0
"Organize data, and analyze and interpret its authenticity and relative significance.",0.0
"Organize and lead activities designed to promote physical, mental, and social development, such as games, arts and crafts, music, and storytelling.",0.0
"Research new technologies by attending seminars, reading trade articles, or taking classes, and implement or recommend the implementation of new technologies.",0.0
Gather cyber intelligence to identify vulnerabilities.,0.0
Prepare reports on academic or institutional data.,0.0
"Complete expense reports, sales reports, or other paperwork.",0.0
Develop criteria for survey methods and procedures.,0.0
"Answer clients' questions regarding construction work, financing, maintenance, repairs, and appraisals.",0.0
Collaborate with other writers on specific projects.,0.0
"Perform accounting and bookkeeping activities, such as invoicing, maintaining financial records, budgeting, and handling cash.",0.0
Answer patients' calls and determine how to assist them.,0.0
"Confer with board members, organization officials, or staff members to discuss issues, coordinate activities, or resolve problems.",0.0
"Talk with clients during art or other therapy sessions to build rapport, acknowledge their progress, or reflect upon their reactions to the artistic process.",0.0
Guide design discussions between development teams.,0.0
"Maintain logs, prepare reports, and direct the preparation, handling, and maintenance of departmental records.",0.0
Provide staff with assistance in performing difficult or complicated duties.,0.0
"Meet and collaborate with agency personnel, community organizations, and other professional personnel to plan balanced recreational programs for participants.",0.0
Develop and maintain Web sites for online courses.,0.0
"Identify and classify documents or other electronic content according to characteristics such as security level, function, and metadata.",0.0
"Record information, such as cash receipts and ticket fares, and maintain log book.",0.0
"Update and maintain customer information records, such as beauty services provided.",0.0
"Provide information, technical assistance, or training to supervisors, managers, or employees on topics such as employee supervision, hiring, grievance procedures, or staff development.",0.0
"Prepare and submit budget estimates, progress reports, or cost tracking reports.",0.0
"Upload digital media, such as photos, video, or scanned images to online storefront, auction sites, or other shopping Web sites.",0.0
Analyze training needs to develop new training programs or modify and improve existing programs.,0.0
"Plan, develop, and provide training and staff development programs, using knowledge of the effectiveness of methods such as classroom training, demonstrations, on-the-job training, meetings, conferences, and workshops.",0.0
Answer questions about game rules or casino policies.,0.0
"Assess clients' functioning in areas such as vision, orientation and mobility skills, social and emotional issues, cognition, physical abilities, and personal goals.",0.0
"Develop design specifications and functional requirements for residential, commercial, or industrial solar energy systems or components.",0.0
"Review patients' dietary restrictions, food allergies, and preferences to ensure patient receives appropriate diet.",0.0
Analyze and understand the local and national implications of proposed legislation.,0.0
Analyze financial information obtained from clients to determine strategies for meeting clients' financial objectives.,0.0
Write research proposals or grant applications for submission to external bodies.,0.0
"Develop data model describing data elements and their use, following procedures and using pen, template or computer software.",0.0
Formulate strategic plans for the institution.,0.0
Monitor patients' conditions and progress and reevaluate treatments as necessary.,0.0
"Develop statistical models or simulations, using statistical or modeling software.",0.0
"Design, implement, maintain, or improve electrical instruments, equipment, facilities, components, products, or systems for commercial, industrial, or domestic purposes.",0.0
"Meet with customers to discuss menus for special occasions, such as weddings, parties, or banquets.",0.0
"Instruct staff in work policies and procedures, and the use and maintenance of equipment.",0.0
Research hardware or software products to meet technical networking or security needs.,0.0
"Collaborate with web development professionals, such as front-end or back-end developers, to complete the full scope of Web development projects.",0.0
Research and test new or modified hardware or software products to determine performance and interoperability.,0.0
Coordinate and link the computer systems within an organization to increase compatibility so that information can be shared.,0.0
"Implement grant-funded projects, monitoring and reporting progress in accordance with sponsoring agency requirements.",0.0
Prepare design presentations and proposals for staff or customers.,0.0
Assess employee performance.,0.04
"Identify and resolve conflicts related to the meanings of words, concepts, practices, or behaviors.",0.04
"Maintain and review account records, updating and recategorizing them according to status changes.",0.04
"Propose solutions in engineering, the sciences, and other fields using mathematical theories and techniques.",0.04
Provide consultation or training on topics such as mechatronics or automated control.,0.04
Develop curricula and plan course content and methods of instruction.,0.04
"Evaluate processes and technologies, and suggest revisions to increase productivity and efficiency.",0.04
"Act as consultants to agency staff and other community programs regarding the interpretation of program-related federal, state, and county regulations and policies.",0.04
"Adjust coaching techniques, based on the strengths and weaknesses of athletes.",0.04
"Manage paper or electronic filing systems by recording information, updating paperwork, or maintaining documents, such as attendance records or correspondence.",0.04
Prepare or maintain inventory or production records.,0.0
"Document and communicate database schemas, using accepted notations.",0.0
"Mark copy to indicate and correct errors in type, arrangement, grammar, punctuation, or spelling, using standard printers' marks.",0.0
Assign or schedule tasks to meet work priorities and goals.,0.0
"Analyze inventories to determine how to increase inventory turns, reduce waste, or optimize customer service.",0.0
Resolve worker problems or collaborate with employees to assist in problem resolution.,0.0
"Document all aspects of formal game design, using mock-up screenshots, sample menu layouts, gameplay flowcharts, and other graphical devices.",0.0
Explain design specifications to integration or test engineers.,0.0
"Assess client functioning levels, strengths, and areas of need in terms of perceptual, sensory, affective, communicative, musical, physical, cognitive, social, spiritual, or other abilities.",0.0
Back up or modify applications and related data to provide for disaster recovery.,0.0
Plan and develop audio-visual devices for public programs.,0.0
Conduct economic or commercial surveys to identify potential markets for products or services.,0.0
"Quote prices, credit terms, or other bid specifications.",0.0
Produce written summary reports of financial research results.,0.0
Check translations of technical terms and terminology to ensure that they are accurate and remain consistent throughout translation revisions.,0.0
Develop environmental educational programs and curricula for schools.,0.0
Investigate customer problems referred by technical support.,0.0
"Prepare tables, graphs, fact sheets, and written reports summarizing research results.",0.01
Telephone or write letters to respond to correspondence from customers or to follow up initial sales contacts.,0.01
Integrate online retailing strategy with physical or catalogue retailing operations.,0.01
"Recommend tests or testing conditions in accordance with designs, customer requirements, or industry standards to ensure test validity.",0.01
"Install and perform minor repairs to hardware, software, or peripheral equipment, following design or installation specifications.",0.01
"Study basic principles of plant and animal life, such as origin, relationship, development, anatomy, and function.",0.01
Formulate general rules that describe and predict the development and behavior of cultures and social institutions.,0.01
Optimize Web site exposure by analyzing search engine patterns to direct online placement of keywords or other content.,0.01
Mentor graduate students and junior colleagues.,0.01
"Confer with customers or supervising personnel to address questions, problems, or requests for service or equipment.",0.01
"Install new hardware or software systems or components, ensuring integration with existing network systems.",0.01
"Configure and define parameters for installation or testing of local area network (LAN), wide area network (WAN), hubs, routers, switches, controllers, multiplexers, or related networking equipment.",0.01
"Compile or maintain records of system operation, performance, and maintenance.",0.01
"Evaluate and grade examinations, assignments, or papers, and record grades.",0.01
"Determine conditions under which tests are to be conducted, as well as sequences and phases of test operations.",0.01
"Prepare or present reports concerning activities, expenses, budgets, government statutes or rulings, or other items affecting businesses or program services.",0.01
Describe and express observations and conclusions in mathematical terms.,0.01
Instruct individuals and groups on ways to preserve health and prevent disease.,0.01
"Design, develop and modify software systems, using scientific analysis and mathematical models to predict and measure outcomes and consequences of design.",0.01
"Make clinical recommendations to physicians, other health care providers, insurance companies, patients, or health care organizations.",0.01
Prepare reports to document patients' care activities.,0.01
Test software systems or applications for software enhancements or new products.,0.01
"Prepare data summaries, reports, or analyses that include results, charts, or graphs to document research findings and results.",0.01
"Determine advertising medium to be used, and prepare sample advertisements within the selected medium for presentation to customers.",0.01
Transfer details from separate journals to general ledgers or data processing sheets.,0.01
Read incoming correspondence to ascertain nature of writers' concerns and to determine disposition of correspondence.,0.01
Evaluate technical specifications and economic factors relating to process or product design objectives.,0.01
Advise students on academic and vocational curricula and career issues.,0.01
"Develop or test models of alternate designs or processing methods to assess feasibility, sustainability, operating condition effects, potential new applications, or necessity of modification.",0.01
"Develop product packaging, display, and pricing strategies.",0.01
"Consult with or provide consultation to other doctors, therapists, or clinicians regarding patient care.",0.01
"Counsel students in the handling of issues such as family, financial, and educational problems.",0.01
"Design database applications, such as interfaces, data transfer mechanisms, global temporary tables, data partitions, and function-based indexes to enable efficient access of the generic database structure.",0.01
"Operate desktop publishing software and equipment to design, lay out, and produce camera-ready copy.",0.01
Maintain project logbook records or computer program files.,0.01
Respond to requests for assistance during emergencies or crises.,0.01
Prepare energy-related project reports or related documentation.,0.01
"Test, validate, and reformulate models to ensure accurate prediction of outcomes of interest.",0.01
Provide additional instruction in vocational areas.,0.01
"Design or coordinate successive phases of problem analysis, solution proposals, or testing.",0.01
Greet and register guests.,0.01
"Design complex graphics and animation, using independent judgment, creativity, and computer equipment.",0.01
"Analyze the probable outcomes of cases, using knowledge of legal precedents.",0.01
"Formulate, direct, or coordinate marketing activities or policies to promote products or services, working with advertising or promotion managers.",0.01
Evaluate new emerging media or technologies and make recommendations for their application within Internet marketing or search marketing campaigns.,0.01
"Record information, such as personnel, production, or operational data on specified forms or reports.",0.01
"Maintain and review computerized or manual records of purchased items, costs, deliveries, product performance, and inventories.",0.01
Compute prices of items or groups of items.,0.01
"Encourage patients to develop work skills and to participate in social, recreational, or other therapeutic activities that enhance interpersonal skills or develop social relationships.",0.01
"Analyze or manipulate bioinformatics data using software packages, statistical applications, or data mining techniques.",0.01
Develop and manage work breakdown structure (WBS) of information technology projects.,0.01
Install or program computer hardware or machine or instrumentation software in microprocessor-based systems.,0.01
"Correspond with online customers via electronic mail, telephone, or other electronic messaging to address questions or complaints about products, policies, or shipping methods.",0.01
Build and update digital databases.,0.01
Perform computations and apply methods of numerical analysis to data.,0.01
"Research or recommend textbooks, software, equipment, or other learning materials to complement tutoring.",0.01
"Study Constitution, statutes, decisions, regulations, and ordinances of quasi-judicial bodies to determine ramifications for cases.",0.01
"Review and analyze legislation, laws, or public policy and recommend changes to promote or support interests of the general population or special groups.",0.01
"Prepare detailed workflow charts and diagrams that describe input, output, and logical operation, and convert them into a series of instructions coded in a computer language.",0.01
Develop software to control electrical systems.,0.01
Record work activities performed.,0.01
Develop and implement procedures for identifying advertising needs.,0.01
"Refer clients to community resources for services, such as job placement, debt counseling, legal aid, housing, medical treatment, or financial assistance, and provide concrete information, such as where to go and how to apply.",0.01
"Develop briefings, brochures, multimedia presentations, web pages, promotional products, technical illustrations, and computer artwork for use in products, technical manuals, literature, newsletters, and slide shows.",0.01
Compile lists describing product or service offerings.,0.01
Identify or implement solutions to information security problems.,0.01
Clean and manipulate raw data using statistical software.,0.02
"Educate patients about diagnoses, prognoses, or treatments.",0.02
Check and analyze operating system or application log files regularly to verify proper system performance.,0.02
"Devise, select, or purchase domain name and web address.",0.02
"Present and make recommendations regarding course design, technology, and instruction delivery options.",0.02
"Provide assistance with the preparation of project-related reports, manuscripts, and presentations.",0.02
"Design, evaluate, recommend, and approve changes of forms and reports.",0.02
"Review project activities and prepare and review research, testing, or operational reports.",0.02
"Recommend procedures for detection, prevention, and elimination of physical, chemical, or other product hazards.",0.02
"Gather, analyze, or document user feedback to locate or resolve sources of problems.",0.02
Observe clients' food selections and recommend alternate economical and nutritional food choices.,0.02
"Conduct market research analysis to identify search query trends, real-time search and news media activity, popular social media topics, electronic commerce trends, market opportunities, or competitor performance.",0.02
"Review and analyze new, proposed, or revised laws, regulations, policies, and procedures to interpret their meaning and determine their impact.",0.02
"Assess nutritional needs, diet restrictions, and current health plans to develop and implement dietary-care plans and provide nutritional counseling.",0.02
"Provide information and advice to the public regarding the selection, purchase, and care of products.",0.02
"Prepare course materials, such as syllabi, homework assignments, and handouts.",0.02
"Initiate, review, or approve modifications to project plans.",0.02
Analyze user needs and recommend appropriate hardware.,0.02
"Provide customers with information on routes, gates, prices, timetables, terminals, or concourses.",0.02
File and maintain records.,0.02
Troubleshoot problems with audio-visual equipment.,0.02
"Prepare and deliver lectures to undergraduate or graduate students on topics such as financial accounting, principles of marketing, and operations management.",0.02
"Investigate or resolve operational problems, such as material use variances or bottlenecks.",0.02
Convert video and audio recordings into digital formats for editing or archiving.,0.02
"Write, review, or comment on documents, such as proposals, test plans, or procedures.",0.02
"Develop or implement software tools to assist in the detection, prevention, and analysis of security threats.",0.02
Type acknowledgment letters to persons sending correspondence.,0.02
Prepare progress or technical reports.,0.02
"Provide advice and technical assistance with cost analysis, fiscal allocation, and budget preparation.",0.02
"Provide technical support to designers, marketing and sales departments, suppliers, engineers and other team members throughout the product development and implementation process.",0.03
"Write technical reports or other documentation, such as handbooks or bulletins, for use by engineering staff, management, or customers.",0.03
"Plan work procedures, using charts, technical manuals, and experience.",0.03
Advise customers on substitution or modification of parts when identical replacements are not available.,0.03
Recommend corrective or preventive actions to assure or improve product quality or reliability.,0.03
"Record and compile operational data by completing and maintaining forms, logs, or reports.",0.03
"Collect information about clients through interviews, observation, or tests.",0.03
"Collect information about clients, using techniques such as testing, interviewing, discussion, or observation.",0.03
"Write and code logical and physical database descriptions and specify identifiers of database to management system, or direct others in coding descriptions.",0.03
Develop story lines for broadcasts.,0.03
"Assess project feasibility by analyzing technology, resource needs, or market demand.",0.03
Troubleshoot network or connectivity problems for users or user groups.,0.03
Assess students' progress throughout tutoring sessions.,0.03
Maintain logs of activities and completed work.,0.03
"Evaluate the potential of new product developments or market opportunities, according to factors such as business plans, technologies, or market potential.",0.03
Consult with end users regarding problems in accessing electronic content.,0.03
"Develop Web site maps, application models, image templates, or page templates that meet project goals, user needs, or industry standards.",0.03
"Code, evaluate, or interpret collected study data.",0.03
"Read through contracts, regulations, and procedural guidelines to ensure comprehension and compliance.",0.04
"Break systems into their components, assign numerical values to each component, and examine the mathematical relationships between them.",0.04
Provide training or technical assistance in Web site implementation or use.,0.04
Analyze information obtained from management to conceptualize and define operational problems.,0.04
Recommend and implement performance improvements.,0.04
Conduct market research and analyze industry trends.,0.04
"Obtain and assemble data to complete architectural designs, visiting job sites to compile measurements as necessary.",0.0
"Review papers or serve on editorial boards for scientific journals, and review grant proposals for various agencies.",0.0
"Instruct coaches, athletes, parents, medical personnel, or community members in the care and prevention of athletic injuries.",0.0
Update directory information.,0.0
Examine products purchased for resale or received for storage to determine product condition.,0.0
"Develop design criteria for aeronautical or aerospace products or systems, including testing methods, production costs, quality standards, environmental standards, or completion dates.",0.0
Discuss with clients their pets' grooming needs.,0.0
"Apply engineering principles or practices to emerging fields, such as robotics, waste management, or biomedical engineering.",0.0
Schedule client appointments.,0.0
"Counsel patients on topics such as the need for annual dermatologic screenings, sun protection, skin cancer awareness, or skin and lymph node self-examinations.",0.0
"Review design drawings or technical documents for completeness, correctness, or appropriateness.",0.0
"Determine scope, timing, and direction of investigations.",0.0
"Prepare and maintain records and case files, including documentation, such as clients' personal and eligibility information, services provided, narratives of client contacts, or relevant correspondence.",0.0
"Edit broadcast material electronically, using computers.",0.0
"Observe and record patients' progress, attitudes, and behavior and maintain this information in client records.",0.0
Plan and execute advertising policies and strategies for organizations.,0.0
Advise against injured athletes returning to games or competition if resuming activity could lead to further injury.,0.0
"Weigh or measure materials, equipment, or products to maintain relevant records, using volume meters, scales, rules, or calipers.",0.0
"Evaluate and grade students' class work, assignments, papers, and oral presentations.",0.0
"Analyze electronics system requirements, capacity, cost, or customer needs to determine project feasibility.",0.0
"Develop internal control policies, guidelines, and procedures for activities, such as budget administration, cash and credit management, and accounting.",0.0
Prepare brochures and write newspaper articles.,0.01
"Compute mathematical formulas to develop and design detailed specifications for components or machinery, using computer-assisted equipment.",0.01
Adapt or design computer hardware or software for medical science uses.,0.01
Perform tax planning work.,0.01
Contact prospective or existing customers to discuss how services can meet their needs.,0.01
"Compile, log, or record testing or operational data for review and further analysis.",0.01
"Estimate the amounts, types, or costs of needed materials.",0.01
"Apply theoretical expertise and innovation to create or apply new technology, such as adapting principles for applying computers to new uses.",0.01
Provide patients or caregivers with assistance in locating health care resources.,0.01
Review work plans to schedule activities.,0.01
"Review existing standards, controls, or equipment used, recommending changes or upgrades as needed.",0.01
Provide instructions to patients or family members concerning diagnoses or treatment plans.,0.01
"Input data, such as file numbers, new or updated information, or document information codes into computer systems to support document and information retrieval.",0.01
Plan and coordinate advertising campaigns and sales promotions and prepare merchandise displays and advertising copy.,0.01
"Develop job specifications, job descriptions, or work schedules.",0.01
Document inspection and test results and work performed or to be performed.,0.01
"Calculate revenue, sales, and expenses, using financial accounting or spreadsheet software.",0.01
Plan and conduct special research projects in area of interest or expertise.,0.01
"Prepare and maintain records of client progress and services performed, reporting changes in client condition to manager or supervisor.",0.01
"Write treatment plans, case summaries, or progress or other reports related to individual clients or client groups.",0.01
"Determine whether statistical methods are appropriate, based on user needs or research questions of interest.",0.01
"Establish and prepare product construction directions and locations and information on required tools, materials, equipment, numbers of workers needed, and cost projections.",0.01
Develop marketing or strategic plans for sales territories.,0.01
Write performance requirements for product development or engineering projects.,0.01
"Guide and counsel students with adjustment or academic problems, or special academic interests.",0.01
"Create core game features, including storylines, role-play mechanics, and character biographies for a new video game or game franchise.",0.01
Develop and implement policies and procedures for the operation of a department or establishment.,0.01
Develop or assist in the development of transportation-related computer software or computer processes.,0.01
Observe participants and inform them of corrective measures necessary for skill improvement.,0.01
"Prepare graphs, charts, diagrams, or other aids to illustrate observations or conclusions.",0.01
"Prepare, review, or maintain maintenance schedules, design documentation, or operational reports or charts.",0.01
"Evaluate students' or individuals' abilities, interests, and personality characteristics, using tests, records, interviews, or professional sources.",0.01
"Advise animal owners regarding sanitary measures, feeding, general care, medical conditions, or treatment options.",0.01
"Prepare reports, sketches, working drawings, specifications, proposals, and budgets for proposed sites or systems.",0.01
"Respond to questions from patrons, and provide information about animals, such as behavior, habitat, breeding habits, or facility activities.",0.01
"Design validation study features, such as sampling, testing, or analytical methodologies.",0.01
"Address the relationships of quantities, magnitudes, and forms through the use of numbers and symbols.",0.01
Review product designs for manufacturability or completeness.,0.01
"Review or approve designs, calculations, or cost estimates.",0.01
Recommend new or improved processes or equipment to reduce risk exposure.,0.01
"Review records or reports for clarity and completeness and maintain records or reports, as required under federal law.",0.01
Recommend treatment and prevention methods for pest problems to clients.,0.01
Assist patients in organizing their health care system activities.,0.01
"Prepare budgets, bids, or contracts.",0.01
Develop advertising and other informational materials to be used in subject recruitment.,0.01
Develop treatment goals for individuals based on their assessments.,0.01
Select appropriate curricula or class structures for educational programs.,0.01
"Provide analytical support for the design and development of training curricula, learning strategies, educational policies, or courseware standards.",0.01
"Enter text into computer keyboard and select the size and style of type, column width, and appropriate spacing for printed materials.",0.01
Explain economic impact of policies to the public.,0.01
"Mark up, paste, and complete layouts and write typography instructions to prepare materials for typesetting or printing.",0.01
"Develop or update procedures, policies, or standards.",0.01
Provide staff with assistance in performing difficult or complicated duties.,0.01
"Compile, administer, and grade examinations, or assign this work to others.",0.01
Evaluate project plans and proposals to assess feasibility issues.,0.01
"Design learning products, including Web-based aids or electronic performance support systems.",0.01
Create and explore new cuisines.,0.01
Prepare written reports of investigation findings.,0.01
"Check construction plans, design calculations, or cost estimations to ensure completeness, accuracy, or conformity to engineering standards or practices.",0.01
"Generate data queries, based on validation checks or errors and omissions identified during data entry, to resolve identified problems.",0.01
"Provide information to customers on the care of trees, shrubs, flowers, plants, and lawns.",0.01
Question patrons regarding desired services and haircut styles.,0.01
"Advise patients, parents or guardians, and community members concerning diet, activity, hygiene, and disease prevention.",0.01
"Create marketing or outreach media, such as brochures or Web sites, to communicate sustainability issues, procedures, or objectives.",0.01
Develop and maintain standard operating procedures or local working practices.,0.01
Research information requested by farmers.,0.01
Develop ideas for programs and features that a station could produce.,0.01
Provide or coordinate troubleshooting support for data warehouses.,0.01
Review books and journal articles for potential publication.,0.01
Guide clients in the development of skills or strategies for dealing with their problems.,0.01
"Answer questions regarding examinations, eligibility, salaries, benefits, and other pertinent information.",0.01
"Create two-dimensional and three-dimensional images depicting objects in motion or illustrating a process, using computer animation or modeling programs.",0.01
"Advise athletes, trainers, or coaches to alter or cease sports practices that are potentially harmful.",0.01
"Provide occupational, educational, or other information to individuals so that they can make educational or vocational plans.",0.02
Prepare all materials for transactions or execution of deals.,0.02
Plan menus according to employers' needs and diet restrictions.,0.02
"Prepare and distribute leaflets, pamphlets, and visual aids for educational and informational purposes.",0.02
"Compute and verify totals on report forms, requisitions, or bills, using adding machine or calculator.",0.02
Explain procedures and discuss test results or prescribed treatments with patients.,0.02
"Instruct students individually and in groups, using various teaching methods, such as lectures, discussions, and demonstrations.",0.02
"Provide advice on project costs, design concepts, or design changes.",0.02
Determine the specific audio and visual effects and music necessary to complete films.,0.02
Train people in computer system use.,0.02
"Present and explain proposals, reports, or findings to clients.",0.02
"Gather and analyze research data, such as statutes, decisions, and legal articles, codes, and documents.",0.02
Interpret clinical or diagnostic test results.,0.02
"Advise clients or community groups on issues related to risk or prevention of conditions, such as lead poisoning, human immunodeficiency virus (HIV), prenatal substance abuse, or domestic violence.",0.02
Estimate time and materials needed to complete projects.,0.02
"Participate in the development of specifications for equipment, products, or substitute materials.",0.02
"Explain proposed solutions to customers, management, or other interested parties through written proposals and oral presentations.",0.02
Develop promotions for current programs and specials.,0.02
"Collect and analyze data on customer demographics, preferences, needs, and buying habits to identify potential markets and factors affecting product demand.",0.02
"Create business intelligence tools or systems, including design of related databases, spreadsheets, or outputs.",0.02
Pray and promote spirituality.,0.02
"Research and analyze laws, regulations, policies, and precedent decisions to prepare for hearings and to determine conclusions.",0.02
Help customers find the location of products.,0.02
Implement or test design solutions.,0.03
"Provide advice and consultation on economic relationships to businesses, public and private agencies, and other employers.",0.03
"Complete reports related to project status, progress, or other work details, using computer software.",0.03
"Develop and maintain computerized record management systems to store and process data, such as personnel activities and information, and to produce reports.",0.03
"Process and prepare memos, correspondence, travel vouchers, or other documents.",0.03
"Advise clients or community groups on issues related to social or intellectual development, such as education, childcare, or problem solving.",0.03
Analyze financial activities of establishments or departments and provide input into budget planning and preparation processes.,0.03
Prepare and deliver technical presentations that explain products or services to customers and prospective customers.,0.03
"File data and related information, and maintain and update databases.",0.03
Investigate equipment failures or difficulties to diagnose faulty operation and recommend remedial actions.,0.03
Recommend methods to increase lifestyle physical activity.,0.03
"Review financial statements, sales or activity reports, or other performance data to measure productivity or goal achievement or to identify areas needing cost reduction or program improvement.",0.03
"Answer simple questions about clients' businesses, using reference files.",0.03
Facilitate organizational development and change.,0.03
"Develop teaching aids, such as instructional software, multimedia visual aids, or study materials.",0.03
Confer with customers to determine how to tailor materials to their needs.,0.03
Develop an understanding of customers' needs and take actions to ensure that such needs are met.,0.04
"Prepare, proofread, or process legal documents, such as summonses, subpoenas, complaints, appeals, motions, or pretrial agreements.",0.04
Establish objectives and evaluative or operational criteria for units managed.,0.0
Verify key numbers and time codes on materials.,0.0
Explain to customers how specific types of advertising will help promote their products or services in the most effective way possible.,0.0
Explain survey objectives and procedures to interviewees and interpret survey questions to help interviewees' comprehension.,0.0
"Adapt translations to students' cognitive and grade levels, collaborating with educational team members as necessary.",0.0
"Interpret test results, compare them to established specifications and control limits, and make recommendations on appropriateness of data for release.",0.0
"Consult with and advise physicians, educators, researchers, and others regarding medical applications of physics, biology, and chemistry.",0.0
"Plan or adjust routes based on changing conditions, using computer equipment, global positioning systems (GPS) equipment, or other navigation devices, to minimize fuel consumption and carbon emissions.",0.0
Assign lessons and correct homework.,0.0
Provide allergy or immunology consultation or education to physicians or other health care providers.,0.0
Check dimensions of materials to be used and assign numbers to the materials.,0.0
Monitor or track project milestones and deliverables.,0.0
"Schedule use of facilities or catering services for events such as banquets or receptions, and negotiate details of arrangements with clients.",0.0
Develop conceptual designs of security systems.,0.0
"Develop set designs, based on evaluation of scripts, budgets, research information, and available locations.",0.0
"Enter or retrieve information from structural databases, protein sequence motif databases, mutation databases, genomic databases or gene expression databases.",0.0
Analyze the financial impacts of sustainable manufacturing processes or sustainable product manufacturing.,0.0
"Calculate, prepare, and issue bills, invoices, account statements, and other financial statements according to established procedures.",0.0
Plan and modify product configurations to meet customer needs.,0.0
"Develop treatment plan to meet needs of patient, based on needs assessment, patient interests, and objectives of therapy.",0.0
"Correspond with customers and confer with coworkers to answer inquiries, discuss market fluctuations, or resolve account problems.",0.0
"Analyze and interpret geological, geochemical, or geophysical information from sources, such as survey data, well logs, bore holes, or aerial photos.",0.0
Prepare detailed budgets and financial reports for properties.,0.0
Inform company employees or other interested parties of environmental issues.,0.0
"Plan or conduct market or public opinion research to test products or determine potential for product success, communicating results to client or management.",0.0
Establish new computer accounts.,0.0
"Document test plans, testing procedures, or test results.",0.0
Develop strategies to encourage new or increased contributions.,0.0
"Compute customer's installation or production costs and estimate savings from new services, products, or equipment.",0.0
"Design and apply bioinformatics algorithms including unsupervised and supervised machine learning, dynamic programming, or graphic algorithms.",0.0
"Evaluate and grade students' class work, laboratory work, projects, assignments, and papers.",0.0
Participate in decisions about whether cases should go before courts and which court should hear them.,0.0
"Coordinate, monitor, or revise complaint procedures to ensure timely processing and review of complaints.",0.0
"Transcribe musical compositions and melodic lines to adapt them to a particular group, or to create a particular musical style.",0.0
Compile and analyze molecular or cellular experimental data and adjust experimental designs as necessary.,0.0
Develop marketing strategies to compete with other individuals or companies who sell insurance.,0.0
"Monitor systems for intrusions or denial of service attacks, and report security breaches to appropriate personnel.",0.0
Set goals and deadlines for the department.,0.0
"Prepare works in appropriate format for publication, and send them to publishers or producers.",0.0
"Solicit, obtain, and integrate feedback from design and technical staff into original game design.",0.0
"Prepare production documents, such as standard operating procedures, manufacturing batch records, inventory reports, or productivity reports.",0.0
"Provide training direction, encouragement, motivation, and nutritional advice to prepare athletes for games, competitive events, or tours.",0.0
Design patient education programs that include information required to make informed health care and treatment decisions.,0.0
Set up employee work schedules.,0.0
"Quote prices, credit terms, contract terms, or fulfillment dates for services.",0.0
"Write articles, white papers, or reports to share research findings and educate others.",0.0
"Write reports or complete forms to document assessments, training, progress, or follow-up outcomes.",0.0
Analyze statistical data and reports to identify and determine causes of personnel problems and develop recommendations for improvement of organization's personnel policies and practices.,0.0
"Interpret transportation or tariff regulations, shipping orders, safety regulations, or company policies and procedures for workers.",0.0
Establish production or quality control standards.,0.0
"Maintain records pertaining to inventory, personnel, orders, supplies, or machine maintenance.",0.0
Verify accuracy of transcripts by checking copies against original records of proceedings and accuracy of rulings by checking with judges.,0.0
"Assist drafters in developing the structural design of products, using drafting tools or computer-assisted drafting equipment or software.",0.0
Record and edit the minutes of meetings and distribute to appropriate officials or staff members.,0.0
"Prepare documents, such as invoices or warranties.",0.0
Maintain customer records using automated systems.,0.0
"Provide genetic counseling in specified areas of clinical genetics, such as obstetrics, pediatrics, oncology and neurology.",0.0
"Determine formats, approaches, content, levels, and mediums to effectively meet objectives within budgetary constraints, using research, knowledge, and training.",0.04
Develop or implement marketing strategies.,0.04
"Review work done by others to check for correct spelling and grammar, ensure that company format policies are followed, and recommend revisions.",0.04
"Analyze areas of potential risk to the assets, earning capacity, or success of organizations.",0.04
"Draw conclusions or make predictions, based on data summaries or statistical analyses.",0.04
"Compose letters in reply to correspondence concerning such items as requests for merchandise, damage claims, credit information requests, delinquent accounts, incorrect billing, or unsatisfactory service.",0.04
Design and create special programs for tasks such as statistical analysis and data entry and cleaning.,0.04
"Perform detailed calculations to compute and establish manufacturing, construction, or installation standards or specifications.",0.0
"Gather information and develop perspectives about news subjects through research, interviews, observation, and experience.",0.0
Maintain production records.,0.0
Plan or direct research studies related to life sciences.,0.0
Recommend methods to reduce potential financial fraud losses.,0.0
Provide assistance to internal or external auditors in compliance reviews.,0.0
"Design, develop, and implement computer applications for use in mining operations such as mine design, modeling, or mapping or for monitoring mine conditions.",0.0
Monitor functioning of equipment to ensure system operates in conformance with specifications.,0.0
Determine and set product prices.,0.0
"Compress, digitize, duplicate, and store audio and video data.",0.0
"Participate in new product planning or market research, including studying the potential need for new products.",0.0
Plan and establish sequence of operations to fabricate and assemble parts or products and to promote efficient utilization.,0.0
"Prepare and deliver news, sports, or weather reports, gathering and rewriting material so that it will convey required information and fit specific time slots.",0.0
"Monitor fundamental economic, industrial, and corporate developments by analyzing information from financial publications and services, investment banking firms, government agencies, trade publications, company sources, or personal interviews.",0.04
"Recommend procedures, equipment, or software upgrades to increase data accessibility or ease of use.",0.04
"Consult with customers or other departments on project status, proposals, or technical issues, such as software system design or maintenance.",0.04
"Transcribe data to worksheets, and enter data into computer for use in preparing documents and adjusting accounts.",0.04
"Prepare conference or event materials, such as flyers or invitations.",0.04
"Develop a maintainable code base using object-oriented design principles, practices, or patterns.",0.04
Recommend materials for reliable performance in various environments.,0.0
Prepare periodic accounting statements for clients.,0.0
"Develop conceptual, logical, or physical network designs.",0.0
Quantify energy consumption to establish baselines for energy use or need.,0.0
"Compile information about new accounts, enter account information into computers, and file related forms or other documents.",0.0
Gather information on patients' illnesses and medical history to guide the choice of diagnostic procedures for therapy.,0.0
Evaluate fitness and wellness programs to determine their effectiveness.,0.0
"Observe and influence patients' behavior, communicating and interacting with them and teaching, counseling, or befriending them.",0.0
Confer with department supervisors or other personnel to assess progress and discuss needed changes.,0.0
Review plans and confer with research or support staff to develop new products or processes.,0.0
Study scripts to become familiar with production concepts and requirements.,0.0
Investigate illegal or suspicious activities.,0.0
Establish system operating or training requirements to ensure optimized human-machine interfaces.,0.0
Develop specialized computer software routines to customize and integrate image analysis.,0.01
"Prepare reports of activities, evaluations, recommendations, or decisions.",0.01
"Interpret and analyze policies, public issues, legislation, or the operations of governments, businesses, and organizations.",0.01
"Confer with clients to restructure debt, refinance debt, or raise new debt.",0.01
Review legal publications and perform database searches to identify laws and court decisions relevant to pending cases.,0.01
"Prepare research results for publication in form of journals, books, manuals, and film.",0.01
Enter into record-keeping systems appropriate data needed to create new title records or to update existing ones.,0.01
Prepare graphic representations or drawings of proposed plans or designs.,0.01
Review reports of securities transactions or price lists to analyze market conditions.,0.01
"Design, plan, organize, or direct orientation and training programs for employees or customers.",0.01
Research and identify potential customers for products or services.,0.01
"Advise management on organizing, preparing, or implementing recruiting or retention programs.",0.01
Advise patients about therapeutic exercise and nutritional medicine regimens.,0.01
"Instruct students individually and in groups, using teaching methods such as lectures, discussions, and demonstrations.",0.01
Develop and implement treatment plans based on clinical experience and knowledge.,0.01
"Transmit information or documents to customers, using computer, mail, or facsimile machine.",0.01
"Research various topics, including site history, environmental conditions, and clients' skills and abilities to plan appropriate expeditions, instruction, and commentary.",0.01
"Advise managers on organizational policy matters, such as equal employment opportunity and sexual harassment, and recommend needed changes.",0.01
"Identify security system weaknesses, using penetration tests.",0.01
"Define data requirements, and gather and validate information, applying judgment and statistical tests.",0.01
"Estimate or quote prices, credit or contract terms, warranties, and delivery dates.",0.01
"Advise project teams on subjects such as premarket regulatory requirements, export and labeling requirements, or clinical study compliance issues.",0.01
"Develop and interpret organizational goals, policies, and procedures.",0.01
"Compute reporting metrics, such as on-time delivery rates, order fulfillment rates, or inventory turns.",0.01
"Design customer interface of online storefront, using web programming or e-commerce software.",0.01
"Perform computer programming, data analysis, or software development for Geographic Information Systems (GIS) applications, including the maintenance of existing systems or research and development for future enhancements.",0.01
Review manuscripts for publication in professional journals.,0.01
"Collect, analyze, and interpret data, such as election results and public opinion surveys, reporting on findings, recommendations, and conclusions.",0.01
"Create billing documents, shipping labels, credit memorandums, or credit forms.",0.01
Recommend actions in fraud cases.,0.01
"Advise managers and employees on state and federal employment regulations, collective agreements, benefit and compensation policies, personnel procedures, and classification programs.",0.01
Prepare detailed storyboards showing sequence and timing of story development for television production.,0.01
"Prepare, examine, or analyze accounting records, financial statements, or other financial reports to assess accuracy, completeness, and conformance to reporting and procedural standards.",0.01
Support the development of training materials and technical manuals.,0.01
Prepare or present technical or project status reports.,0.01
"Compute estimates and actual costs of factors such as materials, labor, or outside contractors.",0.01
Perform crisis interventions with clients.,0.01
Write sales outlines for use by staff.,0.01
"Provide direct service and support to individuals or clients, such as handling a referral for child advocacy issues, conducting a needs evaluation, or resolving complaints.",0.01
Add new material to file records or create new records as necessary.,0.01
"Prepare materials for laboratory activities and course materials, such as syllabi, homework assignments, and handouts.",0.01
Grade students' assignments and exams.,0.01
"Monitor and analyze sales records, trends, or economic conditions to anticipate consumer buying patterns, company sales, and needed inventory.",0.01
"Calculate costs of materials, overhead, and other expenses, based on estimates, quotations and price lists.",0.01
"Compile, copy, sort, and file records of office activities, business transactions, and other activities.",0.01
Keep detailed logs of all work-related activities.,0.01
"Evaluate subcontractors or subcontractor bids for quality, cost, and reliability.",0.01
Identify and analyze industry or geographic trends with business strategy implications.,0.01
"Review civil design, engineering, or construction technical documentation to ensure compliance with applicable government or industrial codes, standards, requirements, or regulations.",0.01
"Research and evaluate suppliers, based on price, quality, selection, service, support, availability, reliability, production and distribution capabilities, and the supplier's reputation and history.",0.01
Develop marketing campaigns to promote a healthy lifestyle or participation in fitness or wellness programs.,0.01
"Refer clients to other specialists, institutions, or support services as necessary.",0.01
Develop work or security procedures.,0.01
"Counsel patients or others on the background of neurological disorders including risk factors, or genetic or environmental concerns.",0.01
"Instruct and counsel patients about prescribed therapeutic regimens, normal growth and development, family planning, emotional problems of daily living, and health maintenance.",0.01
"Report project status, such as budget, resources, technical issues, or customer satisfaction, to managers.",0.01
"Identify, classify, and study structure, behavior, ecology, physiology, nutrition, culture, and distribution of plant and animal species.",0.01
Schedule appointments and maintain and update appointment calendars.,0.01
"Develop the technical portions of legal documents, administrative orders, or consent decrees.",0.01
"Advise clients or community groups on issues related to diagnostic screenings, such as breast cancer screening, pap smears, glaucoma tests, or diabetes screenings.",0.01
"Formulate mathematical models or other methods of computer analysis to develop, evaluate, or modify design, according to customer engineering requirements.",0.01
Answer applicants' questions about benefits and claim procedures.,0.01
Record operational or production data on specified forms.,0.01
"Talk to children's parents or guardians about problematic behaviors, emotional or developmental problems, or related issues.",0.01
Analyze clinical data using appropriate statistical tools.,0.01
"Calculate figures, such as required amounts of labor or materials, manufacturing costs, or wages, using pricing schedules, adding machines, calculators, or computers.",0.01
"Perform cost-benefit analyses to compare operating programs, review financial requests, or explore alternative financing methods.",0.01
"Incorporate technical considerations into Web site design plans, such as budgets, equipment, performance requirements, or legal issues including accessibility and privacy.",0.01
"Develop or install software, such as firewalls and data encryption programs, to protect sensitive information.",0.01
Review quality documentation necessary for regulatory submissions and inspections.,0.01
Answer questions regarding the store and its merchandise.,0.01
"Read inventory records, customer orders, or shipping schedules to determine required activities.",0.01
"Provide advice on transportation options, types of carriers, or shipping routes.",0.01
Discuss illnesses and treatments with patients and family members.,0.01
Analyze and report computer network security breaches or attempted breaches.,0.01
Advise clients on how they could be helped by counseling.,0.01
"Analyze and interpret patients' histories, symptoms, physical findings, or diagnostic information to develop appropriate diagnoses.",0.01
"Search for specific sets of stored, typed characters to make changes.",0.01
Develop or implement data analysis algorithms.,0.01
Assist individuals in filling out applications or questionnaires.,0.01
"Identify factors that may affect patient management, such as age, gender, barriers to communication, and underlying disease.",0.01
"Plan, schedule, or coordinate project activities to meet deadlines.",0.01
"Review published materials and recommend revisions or changes in scope, format, content, and methods of reproduction and binding.",0.01
"Perform general administrative tasks, such as taking attendance, editing internal paperwork, and making phone calls.",0.02
"Answer questions or provide advice to the public regarding licensing policies, procedures, or regulations.",0.02
"Prepare documents and correspondence, such as damage claims, credit and billing inquiries, invoices, and service complaints.",0.02
"Prepare operating and maintenance manuals, studies, or reports.",0.02
Keep records of client needs and preferences and the services provided.,0.02
Develop or maintain online help documentation.,0.02
"Analyze competitive market strategies through analysis of related product, market, or share trends.",0.02
"Communicate with customers and vendors to exchange information regarding products, materials, and services.",0.02
"Identify and develop commercial or technical specifications, such as usability, pricing, checkout, or data security, to promote transactional internet-enabled commerce functionality.",0.02
"Plan menus that are varied, nutritionally balanced, and appetizing, taking advantage of foods in season and local availability.",0.02
"Prepare project status reports by collecting, analyzing, and summarizing information and trends.",0.02
"Compile, sort, and verify the accuracy of data before it is entered.",0.02
"Provide consultation to parents, teachers, administrators, and others on topics such as learning styles and behavior modification techniques.",0.02
Provide technical expertise or support related to manufacturing.,0.02
"Prepare reports, deliver presentations, or participate in program review activities to communicate engineering results or recommendations.",0.02
"Review financial statements, sales or activity reports, or other performance data to identify opportunities for cost reductions or service improvements.",0.02
"Prepare electronic commerce designs or prototypes, such as storyboards, mock-ups, or other content, using graphics design software.",0.02
"Develop recipes and menus to address special nutrition needs, such as low glycemic, low histamine, or gluten- or allergen-free.",0.02
"Recommend special diets to improve athletes' health, increase their stamina, or alter their weight.",0.02
"Compute dimensions, areas, volumes, and weights.",0.02
Gather and organize information on problems or procedures.,0.02
Provide customer service by greeting and assisting customers and responding to customer inquiries and complaints.,0.02
"Write columns, editorials, commentaries, or reviews that interpret events or offer opinions.",0.02
Maintain scheduling and event calendars.,0.02
"Counsel clients on personal and family financial problems, such as excessive spending or borrowing of funds.",0.02
Create drink recipes.,0.02
"Analyze, interpret, or disseminate system performance data.",0.02
Provide education or counseling to individuals and families.,0.03
Counsel workers about job and career-related issues.,0.03
Identify training and development needs.,0.03
Write new scripts for broadcasts.,0.03
Write computer programs or scripts to be used in querying databases.,0.03
"Counsel individuals, groups, families, or communities regarding issues including mental health, poverty, unemployment, substance abuse, physical abuse, rehabilitation, social adjustment, child care, or medical care.",0.03
Advise clients about the materials being used for finished products.,0.03
"Provide technical advice to industrial or managerial personnel regarding design, construction, program modifications, or structural repairs.",0.03
"Analyze, manipulate, or process large sets of data using statistical software.",0.03
"Develop or update project plans for information technology projects including information such as project objectives, technologies, systems, information specifications, schedules, funding, and staffing.",0.03
Recommend the use of vitamin and mineral supplements to enhance the health of patients and children.,0.03
"Prepare documentation or presentations, including charts, photos, or graphs.",0.03
"Compile, transcribe, and distribute minutes of meetings.",0.03
"Use the computer in the analysis and solution of business problems, such as development of integrated production and inventory control and cost analysis systems.",0.03
"Perform routine system administrative functions, such as troubleshooting, back-ups, or upgrades.",0.03
"Use object-oriented programming languages, as well as client and server applications development processes and multimedia and Internet technology.",0.04
"Develop plans or materials to communicate organizational activities that are beneficial to the environment, public safety, or other important social issues.",0.04
Provide technical support to junior staff or clients.,0.04
"Evaluate feasibility of design ideas, based on factors such as appearance, safety, function, serviceability, budget, production costs/methods, and market characteristics.",0.04
Respond to customer inquiries or complaints.,0.04
"Analyze internal processes and recommend and implement procedural or policy changes to improve operations, such as supply changes or the disposal of records.",0.04
Monitor financial market trends to ensure that client plans are responsive.,0.04
Prepare written documents to establish contracts with or communicate financial recommendations to clients.,0.04
"Troubleshoot equipment, electrical components, hydraulics, or other mechanical systems.",0.04
"Study and interpret religious laws, doctrines, or traditions.",0.04
"Prepare course materials, such as syllabi, homework assignments, or handouts.",0.04
Review papers for colleagues and scientific journals.,0.04
Participate in internal or external audits.,0.0
"Select local, state, national, and international news items received from wire services, based on assessment of items' significance and interest value.",0.0
"Prepare reports in graphical or tabular form, summarizing field productivity or profitability.",0.0
Determine whether objects need repair and choose the safest and most effective method of repair.,0.0
Learn about competitors' products or consumers' interests or concerns to answer questions or provide more complete information.,0.0
"Provide educational programs on topics such as classroom management, teaching strategies, or parenting skills.",0.0
"Diagnose illnesses, using examinations, tests, and reports.",0.0
Evaluate or recommend software for testing or bug tracking.,0.0
"Listen to and resolve customer complaints regarding services, products, or personnel.",0.0
"Review and analyze computer printouts and performance indicators to locate code problems, and correct errors by correcting codes.",0.0
"Inform customers of estimated delivery schedules, service contracts, warranties, or other information pertaining to purchased products.",0.0
Measure distances from landmarks to identify exact installation sites for equipment.,0.0
"Monitor market conditions, product innovations, and competitors' products, prices, and sales.",0.0
"Plan and supervise experiential learning activities, such as class projects, field trips, or demonstrations.",0.0
Encrypt data transmissions and erect firewalls to conceal confidential information as it is being transmitted and to keep out tainted digital transfers.,0.0
"Organize and supervise games or other recreational activities to promote physical, mental, or social development.",0.0
Compare suppliers' bills with bids and purchase orders to verify accuracy.,0.0
"Maintain archive of images, photos, or previous work products.",0.0
Provide clerical support to other departments.,0.0
Check specifications of materials loaded or unloaded against information contained in work orders.,0.0
Verify that software technology is in place to adequately provide oversight and monitoring in all required areas.,0.0
Examine legal data to determine advisability of defending or prosecuting lawsuit.,0.0
Educate patients about maintenance and promotion of healthy vision.,0.0
Prepare obituaries for newspapers.,0.0
"Greet passengers, provide information, and answer questions concerning fares, schedules, transfers, and routings.",0.0
"Determine campaign strategies for media advertising, positions on issues, and public appearances.",0.0
Review orders to determine product types and quantities required to meet demand.,0.0
Analyze employment-related data and prepare required reports.,0.0
Coordinate activities with other supervisory personnel or with other work units or departments.,0.0
"Interpret and explain policies, rules, regulations, or laws to organizations, government or corporate officials, or individuals.",0.0
"Advise management on short-term and long-term financial objectives, policies, and actions.",0.04
Choose settings and locations for films and determine how scenes will be shot in these settings.,0.04
Plan or implement improvements to internal or external systems or processes.,0.04
"Locate and deliver information or data as requested by customers, such as contractors, government entities, and members of the public.",0.04
"Assemble sets of assumptions, and explore the consequences of each set.",0.04
"Advise clients on housing matters, such as housing rental, homeownership, mortgage delinquency, or foreclosure prevention.",0.04
"Recommend mark-up rates, mark-down rates, or merchandise selling prices.",0.04
"Prepare reports, exhibits, and other supporting schedules that detail an institution's safety and soundness, compliance with laws and regulations, and recommended solutions to questionable financial conditions.",0.0
"Merge scanned images or build photo mosaics of large areas, using image processing software.",0.0
Interpret indicators to ascertain the overall health of an environment.,0.0
"Assess or propose sustainability initiatives, considering factors such as cost effectiveness, technical feasibility, and acceptance.",0.0
Identify or develop business rules or standard operating procedures to streamline operating processes.,0.0
Check dimensions of materials to be used and assign numbers to lists of materials.,0.0
"Determine voices, instruments, harmonic structures, rhythms, tempos, and tone balances required to achieve the effects desired in a musical composition.",0.0
"Assess blockchain threats, such as untested code and unprotected keys.",0.0
Research legal issues and write opinions on the issues.,0.0
Maintain records related to sales.,0.0
Design or use assessments to monitor student learning outcomes.,0.01
"Maintain records of daily data communication transactions, problems and remedial actions taken, or installation activities.",0.01
"Collect and analyze Web metrics, such as visits, time on site, page views per visit, transaction volume and revenue, traffic mix, click-through rates, conversion rates, cost per acquisition, or cost per click.",0.01
"Process large amounts of data for statistical modeling and graphic analysis, using computers.",0.01
Provide statistical modeling advice to other departments.,0.01
Check source data to verify completeness and accuracy.,0.01
Read documents on pleadings and motions to ascertain facts and issues.,0.01
"Check figures, postings, and documents for correct entry, mathematical accuracy, and proper codes.",0.01
"Develop customer documentation, such as performance specifications, training manuals, or operating instructions.",0.01
"Analyze trends in sales prices, construction costs, and rents, to assess property values or determine the accuracy of assessments.",0.01
Develop prospect lists.,0.01
Compile data from records to prepare periodic reports.,0.01
Devise scenario analyses reflecting possible severe market events.,0.01
Prepare reports on operations and system productivity or efficiency.,0.01
"Evaluate instructor performance and the effectiveness of training programs, providing recommendations for improvement.",0.01
"Formulate sampling procedures and designs and develop forms and instructions for recording, evaluating, and reporting quality and reliability data.",0.01
Advise corporations on issues involving corporate image projects or problems.,0.01
"Explain recommendations, policies, procedures, requirements, or other related information to residents or building owners.",0.01
Oversee the daily performance of computer systems.,0.01
"Review instructional content, methods, and student evaluations to assess strengths and weaknesses, and to develop recommendations for course revision, development, or elimination.",0.01
"Design databases to support business applications, ensuring system scalability, security, performance, and reliability.",0.01
"Prepare or assist in the preparation of applications for environmental, building, or other required permits.",0.01
"Prepare information regarding design, structure specifications, materials, color, equipment, estimated costs, or construction time.",0.01
"Determine root causes of failures or recommend changes in designs, tolerances, or processing methods, using statistical procedures.",0.01
"Develop client treatment plans based on research, clinical experience, and client histories.",0.01
"Perform ongoing hardware and software maintenance operations, including installing or upgrading hardware or software.",0.01
Compose songs or create vocal arrangements.,0.01
"Develop and test experimental designs, sampling techniques, and analytical methods.",0.01
Manage and maintain executives' schedules.,0.01
"Implement business rules via stored procedures, middleware, or other technologies.",0.01
Interpret diagnostic test results to make appropriate differential diagnoses.,0.01
"Prepare promotional plans, sales literature, media kits, and sales contracts, using computer.",0.01
Promote an understanding of child development and its relationship to learning and behavior.,0.01
"Perform initial debugging procedures by reviewing configuration files, logs, or code pieces to determine breakdown source.",0.01
"Perform clerical duties, such as filing, typing, operating switchboards, or routing mail and messages.",0.01
"Debit, credit, and total accounts on computer spreadsheets and databases, using specialized accounting software.",0.01
Program computerized graphic effects.,0.01
Recommend changes to company procedures in response to changes in regulations or standards.,0.01
Identify quality problems and recommend solutions.,0.01
"Evaluate training materials prepared by instructors, such as outlines, text, or handouts.",0.01
"Teach students study skills, note-taking skills, and test-taking strategies.",0.01
Plan layouts of structural architectural projects.,0.01
"Invent names for products and write the slogans that appear on packaging, brochures and other promotional material.",0.01
"Provide, or refer patients to other providers for, education or counseling on topics such as genetic testing, newborn care, contraception, or breastfeeding.",0.01
"Identify or monitor current and potential customers, using business intelligence tools.",0.01
Configure security settings or access permissions for groups or individuals.,0.01
"Advise students on internships, prospective employers, and job placement services.",0.01
"Read and analyze incoming memos, submissions, and reports to determine their significance and plan their distribution.",0.01
Demonstrate how to clean and care for skin properly and recommend skin-care regimens.,0.01
"Use computers for various applications, such as database management or word processing.",0.01
Resolve customer complaints.,0.01
"Confer with company officials to develop methods and procedures to increase sales, expand markets, and promote business.",0.01
Evaluate marketing or sales alternatives for products.,0.01
"Compute wages and deductions, and enter data into computers.",0.01
"Perform various administrative tasks, such as typing documents or answering telephone calls.",0.01
Establish and maintain relationships with individual or business customers or provide assistance with problems these customers may encounter.,0.01
"Advise clients or community groups on issues related to sanitation or hygiene, such as flossing or hand washing.",0.01
"Present investment information, such as product risks, fees, or fund performance statistics.",0.01
Recommend design modifications to eliminate machine or system malfunctions.,0.01
"Conduct classes or demonstrations, or train other workers.",0.01
Perform visual inspections of finished products.,0.01
"Type correspondence, reports, text and other written material from rough drafts, corrected copies, voice recordings, dictation, or previous versions, using a computer, word processor, or typewriter.",0.01
Adapt software and accompanying technical documents to another language and culture.,0.01
Consult with clients after sales or contract signings to resolve problems and to provide ongoing support.,0.01
"Review class material with students by discussing text, working solutions to problems, or reviewing worksheets or other assignments.",0.01
Perform risk analyses so that appropriate countermeasures can be developed.,0.01
"Estimate material requirements and costs, and present design to client for approval.",0.01
Develop proposals that include documentation for estimates.,0.01
"Transfer photographs to computers for editing, archiving, and electronic transmission.",0.01
"Document evaluations, treatment plans, case summaries, or progress or other reports related to individual clients or client groups.",0.01
"Develop, implement, and revise departmental policies and procedures.",0.01
"Review rough sketches, drawings, specifications, and other engineering data to ensure that they conform to design concepts.",0.01
Write detailed analysis plans and descriptions of analyses and findings for research protocols or reports.,0.01
"Compute financial fees, interest, and service charges.",0.01
Refer patients to other health professionals or agencies when appropriate.,0.01
"Check data input or verify totals on forms prepared by others to detect errors in arithmetic, data entry, or procedures.",0.01
Analyze and interpret statistical data to identify significant differences in relationships among sources of information.,0.01
"Attend to the needs of the bereaved, such as by offering comfort, counseling, or after-care programs.",0.01
"Present oral or written reports on general economic trends, individual corporations, and entire industries.",0.01
"Report project plans, progress, and results.",0.01
Compile laboratory test data and perform appropriate analyses.,0.01
Interpret laboratory results and communicate findings to patients or physicians.,0.01
Observe and discuss meal preparation and suggest alternate methods of food preparation.,0.01
"Recommend woods, colors, finishes, and furniture styles, using knowledge of wood products, fashions, and styles.",0.01
"Complete work schedules, manage calendars, and arrange appointments.",0.01
"Conduct surveys and collect data, using methods such as interviews, questionnaires, focus groups, market analysis surveys, public opinion polls, literature reviews, and file reviews.",0.01
Analyze characteristics of animals to identify and classify them.,0.01
Select and combine the most effective shots of each scene to form a logical and smoothly running story.,0.01
Counsel students with adjustment or academic problems.,0.01
"Write speeches, press releases, or other promotional materials to increase awareness of the causes, missions, or goals of organizations seeking funds.",0.02
Explain federal and state tax laws to individuals and companies.,0.02
"Prepare instructional program objectives, outlines, and lesson plans.",0.02
"Provide information or counseling regarding issues such as animal health care, behavior problems, or nutrition.",0.02
"Share information about religious issues by writing articles, giving speeches, or teaching.",0.02
"Analyze test results, machine error messages, or information obtained from operators to diagnose equipment problems.",0.02
Evaluate findings and develop strategies and arguments in preparation for presentation of cases.,0.02
"Counsel students regarding educational issues, such as course and program selection, class scheduling and registration, school adjustment, truancy, study habits, and career planning.",0.02
Explain stock market terms or trading practices to clients.,0.02
"Count, weigh, measure, or organize materials.",0.02
"Define instructional, learning, or performance objectives.",0.02
Work with clients to identify their financial goals and to find ways of reaching those goals.,0.02
"Evaluate sources of information to determine any limitations, in terms of reliability or usability.",0.02
"Educate patients and family members regarding prenatal, intrapartum, postpartum, newborn, or interconception care.",0.02
Maintain client databases.,0.02
"Prepare activity reports to inform management of the status and implementation plans of programs, services, and quality initiatives.",0.02
Develop and document style guidelines for Web site content.,0.02
"Recommend to clients strategies in cash management, insurance coverage, investment planning, or other areas to help them achieve their financial goals.",0.02
"Initiate market research studies, or analyze their findings.",0.02
"Portray and interpret roles, using speech, gestures, and body movements, to entertain, inform, or instruct radio, film, television, or live audiences.",0.02
Configure servers to meet functional specifications.,0.02
"Develop work plans, including writing specifications or establishing material, manpower, or facilities needs.",0.02
Advise political science students.,0.02
"Write online blog entries that address news developments or offer additional information, opinions, or commentary on news events.",0.02
Advise or assist in obtaining patents or meeting other legal requirements.,0.02
Review papers for publication in journals.,0.02
"Schedule and confirm appointments for clients, customers, or supervisors.",0.02
"Provide technical direction or support to installation teams during installation, start-up, testing, system commissioning, or performance monitoring.",0.02
"Analyze the financial details of past, present, and expected operations to identify development opportunities and areas where improvement is needed.",0.02
"Compile reports, charts, or graphs that describe and interpret findings of analyses.",0.02
Modify existing databases and database management systems or direct programmers and analysts to make changes.,0.03
Create embedded software design programs.,0.03
"Provide consulting services in fields such as resource development and management, business location and market area analysis, environmental hazards, regional cultural history, and urban social planning.",0.03
"Proofread, edit, and revise translated materials.",0.03
Prepare financial reports to monitor client or corporate finances.,0.03
"Confer with clients to determine objectives, budget, background information, and presentation approaches, styles, and techniques.",0.03
"Determine which products should be featured in advertising, the advertising medium to be used, or when the ads should be run.",0.03
Contribute to the development or implementation of business unit strategic and operating plans.,0.03
"Interpret data on price, yield, stability, future investment-risk trends, economic influences, and other factors affecting investment programs.",0.03
"Monitor developments in the fields of industrial technology, business, finance, and economic theory.",0.03
"Advise client on interior design factors, such as space planning, layout and use of furnishings or equipment, and color coordination.",0.03
"Develop and maintain the company's corporate image and identity, which includes the use of logos and signage.",0.03
"Forecast political, economic, and social trends.",0.03
"Advise clients on market conditions, prices, mortgages, legal requirements, and related matters.",0.03
"Analyze, estimate, or report production costs.",0.03
"Plan data collection methods for specific projects, and determine the types and sizes of sample groups to be used.",0.03
Develop or implement operating methods or procedures.,0.03
Prepare sales presentations or proposals to explain product specifications or applications.,0.04
Provide advice on best practices and implementation for selection.,0.04
"Propose, review, or approve modifications to project plans.",0.04
Advise clients about proper clothing and shoes.,0.04
Furnish taxpayers with sufficient information and advice to ensure correct tax form completion.,0.04
"Troubleshoot new or existing product problems involving designs, materials, or processes.",0.04
"Write narrative, dramatic, lyric, or other types of poetry for publication.",0.04
"Provide technical support to other employees regarding mechanical design, fabrication, testing, or documentation.",0.04
"Prepare data for processing by organizing information, checking for inaccuracies, and adjusting and weighting the raw data.",0.04
"Design or produce materials such as posters, Web sites, or newsletters to promote, market, or advertise fundraising events.",0.04
